"numero_aula";"arquivo_md";"h1";"titulo_extraido";"tamanho_bytes";"atualizado_em"
"0";"000_AULA_DE_ABERTURA_O_CAMINHO_PARA_SE_TORNAR_ENGENHEIRO_JAVA_BACKEND_ARQUITETO_JAVA.md";"# Aula de Abertura — O Caminho para se Tornar Engenheiro Java Backend e Arquiteto de Sistemas";"# Aula de Abertura — O Caminho para se Tornar Engenheiro Java Backend e Arquiteto de Sistemas";"9063";"2026-07-08 08:53:37"
"1";"001_M0_01_MAPA_DA_FORMACAO_COMPLETA_E_NIVEIS_DE_CARREIRA_JAVA.md";"# 001 — M0.01 — Mapa da Formação Completa e Níveis de Carreira Java";"# 001 — M0.01 — Mapa da Formação Completa e Níveis de Carreira Java";"24308";"2026-07-08 08:53:37"
"2";"002_M0_02_DIAGNOSTICO_INICIAL_TECNICO_E_PLANO_DE_ESTUDO.md";"# Diagnóstico inicial";"# Diagnóstico inicial";"19100";"2026-07-08 08:53:37"
"3";"003_M0_03_ORGANIZACAO_DO_WINDOWS_PARA_DESENVOLVIMENTO.md";"# Formação Java Backend";"# Formação Java Backend";"21778";"2026-07-08 08:53:37"
"4";"004_M0_04_TERMINAL_POWERSHELL_E_COMANDOS_BASICOS.md";"# Aula 004 — Terminal e PowerShell";"# Aula 004 — Terminal e PowerShell";"20922";"2026-07-08 08:53:37"
"5";"005_M0_05_JDK_JRE_JVM_E_ESCOLHA_DE_VERSAO_LTS.md";"# Validação Java";"# Validação Java";"22770";"2026-07-08 08:53:37"
"6";"006_M0_06_COMPILACAO_MANUAL_COM_JAVAC.md";"";"";"22262";"2026-07-08 08:53:37"
"7";"007_M0_07_INTELLIJ_IDEA_COMMUNITY_COMPLETO.md";"# Atalhos e ações do IntelliJ";"# Atalhos e ações do IntelliJ";"24008";"2026-07-08 08:53:37"
"8";"008_M0_08_DEBUG_INICIAL_NO_INTELLIJ.md";"";"";"22773";"2026-07-08 08:53:37"
"9";"009_M0_09_GIT_INSTALACAO_E_CONFIGURACAO_GLOBAL.md";"";"";"21910";"2026-07-08 08:53:37"
"10";"010_M0_10_GIT_LOCAL_DO_ZERO.md";"# Java";"# Java";"20853";"2026-07-08 08:53:37"
"11";"011_M0_11_GITHUB_E_REPOSITORIO_REMOTO.md";"";"";"27117";"2026-07-08 08:53:37"
"12";"012_M0_12_MARKDOWN_PARA_DOCUMENTACAO_TECNICA.md";"# Título";"# Título";"24049";"2026-07-08 08:53:37"
"13";"013_M0_13_DIARIO_DE_BORDO_E_RASTREABILIDADE_DO_APRENDIZADO.md";"# Diário de bordo";"# Diário de bordo";"21552";"2026-07-08 08:53:37"
"14";"014_M0_14_CODEX_IA_NO_INTELLIJ_COM_ETICA_E_METODO.md";"# AGENTS.md";"# AGENTS.md";"31521";"2026-07-08 08:53:37"
"15";"015_M0_15_MAVEN_INSTALACAO_E_VALIDACAO_INICIAL_OFICIAL.md";"# Ambiente de desenvolvimento";"# Ambiente de desenvolvimento";"22064";"2026-07-08 08:53:37"
"16";"016_M0_16_POSTGRESQL_E_DBEAVER_PREPARACAO_OFICIAL.md";"# Ambiente de desenvolvimento";"# Ambiente de desenvolvimento";"22391";"2026-07-08 08:53:37"
"17";"017_M0_17_POSTMAN_INSOMNIA_E_HTTP_BASICO_OFICIAL.md";"# Criar cliente";"# Criar cliente";"27082";"2026-07-08 08:53:37"
"18";"018_M0_18_DOCKER_DESKTOP_E_WSL2_PREPARACAO_OFICIAL.md";"# Checklist — Docker Desktop e WSL2";"# Checklist — Docker Desktop e WSL2";"27261";"2026-07-08 08:53:37"
"19";"019_M0_19_ESTRUTURA_PROFISSIONAL_DO_REPOSITORIO_DE_CURSO_OFICIAL.md";"# Formação Java Backend";"# Formação Java Backend";"22820";"2026-07-08 08:53:37"
"20";"020_M0_20_CHECKLIST_FINAL_DO_AMBIENTE_OFICIAL.md";"# Checklist final do ambiente";"# Checklist final do ambiente";"26876";"2026-07-08 08:53:37"
"21";"021_M1_01_PRIMEIRO_PROGRAMA_JAVA_DESTRINCHADO_OFICIAL.md";"";"";"23204";"2026-07-08 08:53:37"
"22";"022_M1_02_BLOCOS_CHAVES_INDENTACAO_E_LEITURA_DE_CODIGO_OFICIAL.md";"";"";"26514";"2026-07-08 08:53:37"
"23";"023_M1_03_COMENTARIOS_UTEIS_E_DOCUMENTACAO_INICIAL_OFICIAL.md";"# Aula 023 — Comentários úteis";"# Aula 023 — Comentários úteis";"28905";"2026-07-08 08:53:37"
"24";"024_M1_04_VARIAVEIS_E_NOMES_PROFISSIONAIS_OFICIAL.md";"";"";"26530";"2026-07-08 08:53:37"
"25";"025_M1_05_TIPOS_INTEIROS_EM_JAVA_OFICIAL.md";"";"";"23183";"2026-07-08 08:53:37"
"26";"026_M1_06_TIPOS_DECIMAIS_E_PRIMEIRAS_LIMITACOES_OFICIAL.md";"";"";"26299";"2026-07-08 08:53:37"
"27";"027_M1_07_BOOLEAN_E_REGRAS_VERDADEIRAS_FALSAS_OFICIAL.md";"";"";"25745";"2026-07-08 08:53:37"
"28";"028_M1_08_CHAR_E_STRING_EM_USO_INICIAL_OFICIAL.md";"";"";"23781";"2026-07-08 08:53:37"
"29";"029_M1_09_STRING_BASICA_OFICIAL.md";"";"";"27657";"2026-07-08 08:53:37"
"30";"030_M1_10_ENTRADA_DE_DADOS_COM_SCANNER_OFICIAL.md";"";"";"30458";"2026-07-08 08:53:37"
"31";"031_M1_11_OPERADORES_ARITMETICOS_OFICIAL.md";"";"";"28282";"2026-07-08 08:53:37"
"32";"032_M1_12_OPERADORES_RELACIONAIS_OFICIAL.md";"";"";"32325";"2026-07-08 08:53:37"
"33";"033_M1_13_OPERADORES_LOGICOS_OFICIAL.md";"# 033 — M1.13 — Operadores lógicos";"# 033 — M1.13 — Operadores lógicos";"14759";"2026-07-08 08:53:37"
"34";"034_M1_14_INCREMENTO_DECREMENTO_E_ACUMULADORES_OFICIAL.md";"# 034 — M1.14 — Incremento, decremento e acumuladores";"# 034 — M1.14 — Incremento, decremento e acumuladores";"14629";"2026-07-08 08:53:37"
"35";"035_M1_15_IF_ELSE_IF_E_ELSE_OFICIAL.md";"# 035 — M1.15 — If, else if e else";"# 035 — M1.15 — If, else if e else";"13529";"2026-07-08 08:53:37"
"36";"036_M1_16_IFS_ANINHADOS_E_SIMPLIFICACAO_OFICIAL.md";"";"";"34552";"2026-07-08 08:53:37"
"37";"037_M1_17_SWITCH_TRADICIONAL_OFICIAL.md";"";"";"35287";"2026-07-08 08:53:37"
"38";"038_M1_18_SWITCH_MODERNO_E_EXPRESSOES_OFICIAL.md";"";"";"31662";"2026-07-08 08:53:37"
"39";"039_M1_19_WHILE_OFICIAL.md";"";"";"31270";"2026-07-08 08:53:37"
"40";"040_M1_20_DO_WHILE_OFICIAL.md";"";"";"35350";"2026-07-08 08:53:37"
"41";"041_M1_21_FOR_CLASSICO_OFICIAL.md";"";"";"32842";"2026-07-08 08:53:37"
"42";"042_M1_22_BREAK_E_CONTINUE_OFICIAL.md";"";"";"40254";"2026-07-08 08:53:37"
"43";"043_M1_23_LACOS_ANINHADOS_OFICIAL.md";"";"";"41016";"2026-07-08 08:53:37"
"44";"044_M1_24_VALIDACAO_DE_ENTRADA_SEM_TRY_CATCH_PROFUNDO_OFICIAL.md";"";"";"48727";"2026-07-08 08:53:37"
"45";"045_M1_25_ARRAYS_DE_NUMEROS_OFICIAL.md";"";"";"34725";"2026-07-08 08:53:37"
"46";"046_M1_26_ARRAYS_COM_TAMANHO_DEFINIDO_PELO_USUARIO_OFICIAL.md";"";"";"42972";"2026-07-08 08:53:37"
"47";"047_M1_27_ALTERACAO_DE_POSICOES_DO_ARRAY_OFICIAL.md";"";"";"40512";"2026-07-08 08:53:37"
"48";"048_M1_28_BUSCA_EM_ARRAY_OFICIAL.md";"";"";"45055";"2026-07-08 08:53:37"
"49";"049_M1_29_MAIOR_MENOR_SOMA_E_MEDIA_EM_ARRAY_OFICIAL.md";"";"";"45882";"2026-07-08 08:53:37"
"50";"050_M1_30_ARRAYS_DE_STRING_OFICIAL.md";"";"";"45656";"2026-07-08 08:53:37"
"51";"051_M1_31_ARRAYS_PARALELOS_OFICIAL.md";"";"";"51481";"2026-07-08 08:53:37"
"52";"052_M1_32_MATRIZ_BIDIMENSIONAL_INICIAL_OFICIAL.md";"";"";"37197";"2026-07-08 08:53:37"
"53";"053_M1_33_METODOS_SEM_RETORNO_OFICIAL.md";"";"";"40278";"2026-07-08 08:53:37"
"54";"054_M1_34_METODOS_COM_RETORNO_OFICIAL.md";"";"";"42170";"2026-07-08 08:53:37"
"55";"055_M1_35_METODOS_COM_PARAMETROS_OFICIAL.md";"";"";"42925";"2026-07-08 08:53:37"
"56";"056_M1_36_SOBRECARGA_DE_METODOS_INICIAL_OFICIAL.md";"";"";"33598";"2026-07-08 08:53:37"
"57";"057_M1_37_ESCOPO_DE_VARIAVEIS_OFICIAL.md";"";"";"38938";"2026-07-08 08:53:37"
"58";"058_M1_38_PASSAGEM_DE_VALORES_E_REFERENCIAS_OFICIAL.md";"";"";"40087";"2026-07-08 08:53:37"
"59";"059_M1_39_TRATAMENTO_INICIAL_DE_ERROS_DE_ENTRADA_OFICIAL.md";"";"";"47365";"2026-07-08 08:53:37"
"60";"060_M1_40_DEBUG_APLICADO_AOS_FUNDAMENTOS_OFICIAL.md";"";"";"34557";"2026-07-08 08:53:37"
"61";"061_M1_41_MINI_PROJETO_CALCULADORA_PROFISSIONAL_CONSOLE_OFICIAL.md";"# Calculadora Profissional Console";"# Calculadora Profissional Console";"53595";"2026-07-08 08:53:37"
"62";"062_M2_01_JVM_BYTECODE_E_EXECUCAO_POR_BAIXO_OFICIAL.md";"";"";"31127";"2026-07-08 08:53:37"
"63";"063_M2_02_STACK_HEAP_E_REFERENCIAS_OFICIAL.md";"";"";"38683";"2026-07-08 08:53:37"
"64";"064_M2_03_GARBAGE_COLLECTOR_CONCEITUAL_OFICIAL.md";"";"";"36826";"2026-07-08 08:53:37"
"65";"065_M2_04_DEFAULT_VALUES_E_INICIALIZACAO_OFICIAL.md";"";"";"42924";"2026-07-08 08:53:37"
"66";"066_M2_05_NULL_E_NULLPOINTEREXCEPTION_OFICIAL.md";"";"";"45226";"2026-07-08 08:53:37"
"67";"067_M2_06_STRING_POOL_E_IMUTABILIDADE_DE_STRING_OFICIAL.md";"";"";"34658";"2026-07-08 08:53:37"
"68";"068_M2_07_STRINGBUILDER_E_STRINGBUFFER_OFICIAL.md";"";"";"36129";"2026-07-08 08:53:37"
"69";"069_M2_08_WRAPPERS_E_AUTOBOXING_OFICIAL.md";"";"";"35952";"2026-07-08 08:53:37"
"70";"070_M2_09_CONVERSOES_E_CASTING_OFICIAL.md";"";"";"46361";"2026-07-08 08:53:37"
"71";"071_M2_10_MATH_RANDOM_E_NUMEROS_UTILITARIOS_OFICIAL.md";"";"";"36998";"2026-07-08 08:53:37"
"72";"072_M2_11_BIGDECIMAL_DESDE_A_BASE_OFICIAL.md";"";"";"40343";"2026-07-08 08:53:37"
"73";"073_M2_12_LOCALE_NUMBERFORMAT_E_FORMATACAO_OFICIAL.md";"";"";"36879";"2026-07-08 08:53:37"
"74";"074_M2_13_JAVA_TIME_BASICO_OFICIAL.md";"";"";"37891";"2026-07-08 08:53:37"
"75";"075_M2_14_TIMEZONE_E_INSTANT_OFICIAL.md";"";"";"34537";"2026-07-08 08:53:37"
"76";"076_M2_15_ENUM_PROFISSIONAL_OFICIAL.md";"";"";"37898";"2026-07-08 08:53:37"
"77";"077_M2_16_RECORDS_OFICIAL.md";"";"";"40772";"2026-07-08 08:53:37"
"78";"078_M2_17_VAR_COM_CRITERIO_OFICIAL.md";"";"";"32122";"2026-07-08 08:53:37"
"79";"079_M2_18_VARARGS_OFICIAL.md";"";"";"35450";"2026-07-08 08:53:37"
"80";"080_M2_19_ANNOTATIONS_BASICAS_OFICIAL.md";"";"";"34296";"2026-07-08 08:53:37"
"81";"081_M2_20_REFLECTION_CONCEITUAL_OFICIAL.md";"";"";"39648";"2026-07-08 08:53:37"
"82";"082_M2_21_SEALED_CLASSES_E_INTERFACES_OFICIAL.md";"";"";"34569";"2026-07-08 08:53:37"
"83";"083_M2_22_PATTERN_MATCHING_OFICIAL.md";"";"";"33169";"2026-07-08 08:53:37"
"84";"084_M2_23_TEXT_BLOCKS_OFICIAL.md";"";"";"31070";"2026-07-08 08:53:37"
"85";"085_M2_24_EXCEPTIONS_POR_BAIXO_OFICIAL.md";"";"";"41503";"2026-07-08 08:53:37"
"86";"086_M2_25_ENTRADA_SAIDA_BASICA_COM_CONSOLE_ROBUSTO_OFICIAL.md";"";"";"41170";"2026-07-08 08:53:37"
"87";"087_M2_26_ORGANIZACAO_DE_PACOTES_DESDE_CEDO_OFICIAL.md";"";"";"30323";"2026-07-08 08:53:37"
"88";"088_M2_27_LEITURA_DE_DOCUMENTACAO_OFICIAL.md";"";"";"33156";"2026-07-08 08:53:37"
"89";"089_M2_28_MINI_PROJETO_BIBLIOTECA_JAVA_CORE_OFICIAL.md";"";"";"31700";"2026-07-08 08:53:37"
"90";"090_M3_01_DE_MAIN_GIGANTE_PARA_METODOS_PEQUENOS_OFICIAL.md";"";"";"38916";"2026-07-08 08:53:37"
"91";"091_M3_02_ASSINATURA_DE_METODO_PROFISSIONAL_OFICIAL.md";"# 091 — M3.02 — Assinatura de método profissional";"# 091 — M3.02 — Assinatura de método profissional";"36316";"2026-07-08 08:53:37"
"92";"092_M3_03_COESAO_EM_METODOS_OFICIAL.md";"# 092 — M3.03 — Coesão em métodos";"# 092 — M3.03 — Coesão em métodos";"39156";"2026-07-08 08:53:37"
"93";"093_M3_04_PARAMETROS_DEMAIS_E_ALTERNATIVAS_OFICIAL.md";"# 093 — M3.04 — Parâmetros demais e alternativas";"# 093 — M3.04 — Parâmetros demais e alternativas";"32554";"2026-07-08 08:53:37"
"94";"094_M3_05_RETORNO_BOOLEAN_PARA_VALIDACAO_OFICIAL.md";"# 094 — M3.05 — Retorno boolean para validação";"# 094 — M3.05 — Retorno boolean para validação";"27615";"2026-07-08 08:53:37"
"95";"095_M3_06_METODOS_DE_CALCULO_OFICIAL.md";"# 095 — Métodos de cálculo";"# 095 — Métodos de cálculo";"12936";"2026-07-08 08:39:09"
"96";"096_M3_07_METODOS_DE_EXIBICAO_OFICIAL.md";"# 096 — Métodos de exibição";"# 096 — Métodos de exibição";"11476";"2026-07-08 08:40:03"
"97";"097_M3_08_METODOS_DE_LEITURA_OFICIAL.md";"# 097 — Métodos de leitura";"# 097 — Métodos de leitura";"11123";"2026-07-08 08:40:33"
"98";"098_M3_09_REUSO_SEM_DUPLICACAO_OFICIAL.md";"# 098 — Reuso sem duplicação";"# 098 — Reuso sem duplicação";"10792";"2026-07-08 08:41:04"
"99";"099_M3_10_DEBUG_ENTRANDO_EM_METODOS_OFICIAL.md";"# 099 — Debug entrando em métodos";"# 099 — Debug entrando em métodos";"9371";"2026-07-08 08:41:34"
"100";"100_M3_11_REFATORACAO_EXTRACT_METHOD_NO_INTELLIJ_OFICIAL.md";"# 100 — Refatoração Extract Method no IntelliJ";"# 100 — Refatoração Extract Method no IntelliJ";"10163";"2026-07-08 08:42:08"
"101";"101_M3_12_MINI_ARQUITETURA_PROCEDURAL_OFICIAL.md";"# 101 — M3.12 — Mini arquitetura procedural";"# 101 — M3.12 — Mini arquitetura procedural";"19956";"2026-07-08 08:53:37"
"102";"102_M3_13_PROJETO_CALCULADORA_CONSOLE_REVISITADA_OFICIAL.md";"# 102 — M3.13 — Projeto calculadora console revisitada";"# 102 — M3.13 — Projeto calculadora console revisitada";"20358";"2026-07-08 08:53:37"
"103";"103_M3_14_PROJETO_PROCESSAMENTO_DE_OS_CONSOLE_OFICIAL.md";"# 103 — M3.14 — Projeto processamento de OS console";"# 103 — M3.14 — Projeto processamento de OS console";"24275";"2026-07-08 08:53:37"
"104";"104_M3_15_REVISAO_FINAL_DE_FUNDAMENTOS_ANTES_DE_OO_OFICIAL.md";"# 104 — M3.15 — Revisão final de fundamentos antes de OO";"# 104 — M3.15 — Revisão final de fundamentos antes de OO";"24342";"2026-07-08 08:53:37"
"105";"105_M4_01_PENSAMENTO_ORIENTADO_A_OBJETOS_OFICIAL.md";"# 105 — M4.01 — Pensamento orientado a objetos";"# 105 — M4.01 — Pensamento orientado a objetos";"22991";"2026-07-08 08:53:37"
"106";"106_M4_02_MODELAGEM_NO_PAPEL_OFICIAL.md";"# 106 — M4.02 — Modelagem no papel";"# 106 — M4.02 — Modelagem no papel";"23309";"2026-07-08 08:53:37"
"107";"107_M4_03_CLASSE_E_OBJETO_EM_JAVA_OFICIAL.md";"# 107 — M4.03 — Classe e objeto em Java";"# 107 — M4.03 — Classe e objeto em Java";"23360";"2026-07-08 08:53:37"
"108";"108_M4_04_ATRIBUTOS_COM_SIGNIFICADO_OFICIAL.md";"# 108 — M4.04 — Atributos com significado";"# 108 — M4.04 — Atributos com significado";"22791";"2026-07-08 08:53:37"
"109";"109_M4_05_METODOS_DE_COMPORTAMENTO_OFICIAL.md";"# 109 — M4.05 — Métodos de comportamento";"# 109 — M4.05 — Métodos de comportamento";"25885";"2026-07-08 08:53:37"
"110";"110_M4_06_CONSTRUTOR_PADRAO_E_PARAMETRIZADO_OFICIAL.md";"# 110 — M4.06 — Construtor padrão e parametrizado";"# 110 — M4.06 — Construtor padrão e parametrizado";"27186";"2026-07-08 08:53:37"
"111";"111_M4_07_ENCAPSULAMENTO_DE_VERDADE_OFICIAL.md";"# 111 — M4.07 — Encapsulamento de verdade";"# 111 — M4.07 — Encapsulamento de verdade";"29573";"2026-07-08 08:53:37"
"112";"112_M4_08_GETTERS_SETTERS_E_CRITERIO_OFICIAL.md";"# 112 — M4.08 — Getters, setters e critério";"# 112 — M4.08 — Getters, setters e critério";"26885";"2026-07-08 08:53:37"
"113";"113_M4_09_IMUTABILIDADE_APLICADA_OFICIAL.md";"# 113 — M4.09 — Imutabilidade aplicada";"# 113 — M4.09 — Imutabilidade aplicada";"28132";"2026-07-08 08:53:37"
"114";"114_M4_10_COMPOSICAO_OFICIAL.md";"# 114 — M4.10 — Composição";"# 114 — M4.10 — Composição";"39394";"2026-07-08 08:53:37"
"115";"115_M4_11_RELACIONAMENTO_ENTRE_OBJETOS_OFICIAL.md";"# 115 — M4.11 — Relacionamento entre objetos";"# 115 — M4.11 — Relacionamento entre objetos";"41048";"2026-07-08 08:53:37"
"116";"116_M4_12_OBJETOS_DE_VALOR_OFICIAL.md";"# 116 — M4.12 — Objetos de valor";"# 116 — M4.12 — Objetos de valor";"33909";"2026-07-08 08:53:37"
"117";"117_M4_13_ENTIDADES_OFICIAL.md";"# 117 — M4.13 — Entidades";"# 117 — M4.13 — Entidades";"42000";"2026-07-08 08:53:37"
"118";"118_M4_14_IDENTIDADE_DE_OBJETOS_OFICIAL.md";"# 118 — M4.14 — Identidade de objetos";"# 118 — M4.14 — Identidade de objetos";"29866";"2026-07-08 08:53:37"
"119";"119_M4_15_EQUALS_HASHCODE_OFICIAL.md";"# 119 — M4.15 — equals e hashCode";"# 119 — M4.15 — equals e hashCode";"33507";"2026-07-08 08:53:37"
"120";"120_M4_16_TO_STRING_COM_CRITERIO_OFICIAL.md";"# 120 — M4.16 — toString com critério";"# 120 — M4.16 — toString com critério";"34355";"2026-07-08 08:53:37"
"121";"121_M4_17_STATIC_COM_CRITERIO_OFICIAL.md";"# 121 — M4.17 — static com critério";"# 121 — M4.17 — static com critério";"31661";"2026-07-08 08:53:37"
"122";"122_M4_18_FINAL_EM_CLASSES_METODOS_E_ATRIBUTOS_OFICIAL.md";"# 122 — M4.18 — final em classes, métodos e atributos";"# 122 — M4.18 — final em classes, métodos e atributos";"31375";"2026-07-08 08:53:37"
"123";"123_M4_19_SOBRECARGA_DE_CONSTRUTORES_OFICIAL.md";"# 123 — M4.19 — Sobrecarga de construtores";"# 123 — M4.19 — Sobrecarga de construtores";"43223";"2026-07-08 08:53:37"
"124";"124_M4_20_THIS_E_SELF_REFERENCE_OFICIAL.md";"# 124 — M4.20 — this e autorreferência";"# 124 — M4.20 — this e autorreferência";"39943";"2026-07-08 08:53:37"
"125";"125_M4_21_ORGANIZACAO_DE_CLASSES_EM_ARQUIVOS_OFICIAL.md";"# 125 — M4.21 — Organização de classes em arquivos";"# 125 — M4.21 — Organização de classes em arquivos";"38272";"2026-07-08 08:53:37"
"126";"126_M4_22_PACOTES_DE_DOMINIO_OFICIAL.md";"# 126 — M4.22 — Pacotes de domínio";"# 126 — M4.22 — Pacotes de domínio";"35221";"2026-07-08 08:08:22"
"127";"127_M4_23_MODIFICADORES_DE_ACESSO_OFICIAL.md";"# 127 — M4.23 — Modificadores de acesso";"# 127 — M4.23 — Modificadores de acesso";"30309";"2026-07-08 08:27:32"
"128";"128_M4_24_COESAO_EM_CLASSES_OFICIAL.md";"# 128 — M4.24 — Coesão em classes";"# 128 — M4.24 — Coesão em classes";"44464";"2026-07-08 08:54:23"
"129";"129_M4_25_ACOPLAMENTO_ENTRE_CLASSES_OFICIAL.md";"# 129 — M4.25 — Acoplamento entre classes";"# 129 — M4.25 — Acoplamento entre classes";"40508";"2026-07-08 09:06:12"
"130";"130_M4_26_COLABORACAO_ENTRE_OBJETOS_OFICIAL.md";"# 130 — M4.26 — Colaboração entre objetos";"# 130 — M4.26 — Colaboração entre objetos";"42597";"2026-07-08 09:17:24"
"131";"131_M4_27_TELL_DONT_ASK_OFICIAL.md";"# 131 — M4.27 — Tell, Don't Ask";"# 131 — M4.27 — Tell, Don't Ask";"38215";"2026-07-08 09:23:01"
"132";"132_M4_28_OBJETOS_ANEMICOS_OFICIAL.md";"# 132 — M4.28 — Objetos anêmicos";"# 132 — M4.28 — Objetos anêmicos";"41972";"2026-07-08 09:31:01"
"133";"133_M4_29_INVARIANTES_DE_DOMINIO_OFICIAL.md";"# 133 — M4.29 — Invariantes de domínio";"# 133 — M4.29 — Invariantes de domínio";"41414";"2026-07-08 09:37:35"
"134";"134_M4_30_SERVICOS_DE_DOMINIO_INICIAL_OFICIAL.md";"# 134 — M4.30 — Serviços de domínio inicial";"# 134 — M4.30 — Serviços de domínio inicial";"41458";"2026-07-08 09:43:10"
"135";"135_M4_31_FACTORIES_SIMPLES_OFICIAL.md";"# 135 — M4.31 — Factories simples";"# 135 — M4.31 — Factories simples";"47925";"2026-07-08 10:00:53"
"136";"136_M4_32_BUILDER_INICIAL_OFICIAL.md";"# 136 — M4.32 — Builder inicial";"# 136 — M4.32 — Builder inicial";"51285";"2026-07-08 10:31:01"
"137";"137_M4_33_COLECOES_DENTRO_DE_OBJETOS_OFICIAL.md";"# 137 — M4.33 — Coleções dentro de objetos";"# 137 — M4.33 — Coleções dentro de objetos";"49109";"2026-07-08 10:37:06"
"138";"138_M4_34_COMPOSICAO_COM_COLECOES_OFICIAL.md";"# 138 — M4.34 — Composição com coleções";"# 138 — M4.34 — Composição com coleções";"47540";"2026-07-08 10:41:36"
"139";"139_M4_35_AGREGADOS_INICIAL_OFICIAL.md";"# 139 — M4.35 — Agregados inicial";"# 139 — M4.35 — Agregados inicial";"56322";"2026-07-08 10:55:29"
"140";"140_M4_36_LIMITES_DE_RESPONSABILIDADE_DO_DOMINIO_OFICIAL.md";"# 140 — M4.36 — Limites de responsabilidade do domínio";"# 140 — M4.36 — Limites de responsabilidade do domínio";"54179";"2026-07-08 11:03:28"
"141";"141_M4_37_REVISAO_PRATICA_OO_DOMINIO_OFICIAL.md";"# 141 — M4.37 — Revisão prática OO + domínio";"# 141 — M4.37 — Revisão prática OO + domínio";"46946";"2026-07-08 11:07:13"
"142";"142_M4_38_MINI_PROJETO_ORDEM_SERVICO_CONSOLE_OFICIAL.md";"# 142 — M4.38 — Mini-projeto Ordem de Serviço Console";"# 142 — M4.38 — Mini-projeto Ordem de Serviço Console";"47712";"2026-07-08 11:11:03"
"143";"143_M4_39_MINI_PROJETO_ORDEM_SERVICO_CONSOLE_PARTE_2_OFICIAL.md";"# 143 — M4.39 — Mini-projeto Ordem de Serviço Console — Parte 2";"# 143 — M4.39 — Mini-projeto Ordem de Serviço Console — Parte 2";"51816";"2026-07-08 11:18:19"
"144";"144_M4_40_MINI_PROJETO_ORDEM_SERVICO_CONSOLE_PARTE_3_OFICIAL.md";"# 144 — M4.40 — Mini-projeto Ordem de Serviço Console — Parte 3";"# 144 — M4.40 — Mini-projeto Ordem de Serviço Console — Parte 3";"57878";"2026-07-08 11:28:10"
"145";"145_M4_41_FECHAMENTO_MODULO_4_ORIENTACAO_A_OBJETOS_OFICIAL.md";"# 145 — M4.41 — Fechamento do Módulo 4 — Orientação a Objetos";"# 145 — M4.41 — Fechamento do Módulo 4 — Orientação a Objetos";"27792";"2026-07-08 11:34:50"
"146";"146_M5_01_COLLECTIONS_FRAMEWORK_INICIAL_OFICIAL.md";"# 146 — M5.01 — Collections Framework inicial";"# 146 — M5.01 — Collections Framework inicial";"30550";"2026-07-08 11:54:01"
"147";"147_M5_02_LIMITACOES_DE_ARRAYS_E_ENTRADA_EM_COLLECTIONS_OFICIAL.md";"# 147 — M5.02 — Limitações de arrays e entrada em Collections";"# 147 — M5.02 — Limitações de arrays e entrada em Collections";"34352";"2026-07-08 12:33:49"
"148";"148_M5_03_LIST_INTERFACE_E_ARRAYLIST_OFICIAL.md";"# 148 — M5.03 — List interface e ArrayList";"# 148 — M5.03 — List interface e ArrayList";"34306";"2026-07-08 12:34:50"
"149";"149_M5_04_ARRAYLIST_OPERACOES_CRUD_OFICIAL.md";"# 149 — M5.04 — ArrayList operações CRUD";"# 149 — M5.04 — ArrayList operações CRUD";"40467";"2026-07-08 12:38:19"
"150";"150_M5_05_ITERACAO_COM_FOR_FOREACH_E_ITERATOR_OFICIAL.md";"# 150 — M5.05 — Iteração com for, foreach e Iterator";"# 150 — M5.05 — Iteração com for, foreach e Iterator";"37314";"2026-07-08 12:41:45"
"151";"151_M5_06_REMOCAO_SEGURA_EM_LISTAS_OFICIAL.md";"# 151 — M5.06 — Remoção segura em listas";"# 151 — M5.06 — Remoção segura em listas";"37841";"2026-07-08 12:44:48"
"152";"152_M5_07_LINKEDLIST_E_DIFERENCAS_COM_ARRAYLIST_OFICIAL.md";"# 152 — M5.07 — LinkedList e diferenças com ArrayList";"# 152 — M5.07 — LinkedList e diferenças com ArrayList";"28752";"2026-07-08 12:48:15"
"153";"153_M5_08_SET_INTERFACE_E_HASHSET_OFICIAL.md";"# 153 — M5.08 — Set interface e HashSet";"# 153 — M5.08 — Set interface e HashSet";"36270";"2026-07-08 12:53:37"
"154";"154_M5_09_IGUALDADE_EM_SET_COM_EQUALS_E_HASHCODE_OFICIAL.md";"# 154 — M5.09 — Igualdade em Set com equals e hashCode";"# 154 — M5.09 — Igualdade em Set com equals e hashCode";"36523";"2026-07-08 13:07:07"
"155";"155_M5_10_LINKEDHASHSET_TREESET_E_ORDEM_OFICIAL.md";"# 155 — M5.10 — LinkedHashSet, TreeSet e ordem";"# 155 — M5.10 — LinkedHashSet, TreeSet e ordem";"31208";"2026-07-08 13:44:27"
"156";"156_M5_11_MAP_INTERFACE_E_HASHMAP_OFICIAL.md";"# 156 — M5.11 — Map interface e HashMap";"# 156 — M5.11 — Map interface e HashMap";"49852";"2026-07-08 13:51:51"
"157";"157_M5_12_HASHMAP_OPERACOES_ESSENCIAIS_OFICIAL.md";"# 157 — M5.12 — HashMap operações essenciais";"# 157 — M5.12 — HashMap operações essenciais";"38400";"2026-07-08 13:55:02"
"158";"158_M5_13_MAP_COM_OBJETOS_COMO_CHAVE_OFICIAL.md";"# 158 — M5.13 — Map com objetos como chave";"# 158 — M5.13 — Map com objetos como chave";"40768";"2026-07-08 13:59:00"
"159";"159_M5_14_LINKEDHASHMAP_TREEMAP_E_ORDEM_OFICIAL.md";"# 159 — M5.14 — LinkedHashMap, TreeMap e ordem";"# 159 — M5.14 — LinkedHashMap, TreeMap e ordem";"33939";"2026-07-08 14:12:38"
"160";"160_M5_15_MAP_ITERACAO_KEYSET_VALUES_ENTRYSET_OFICIAL.md";"# 160 — M5.15 — Map: iteração com keySet, values e entrySet";"# 160 — M5.15 — Map: iteração com keySet, values e entrySet";"38485";"2026-07-08 14:20:08"
"161";"161_M5_16_REMOCAO_SEGURA_EM_MAP_OFICIAL.md";"# 161 — M5.16 — Remoção segura em Map";"# 161 — M5.16 — Remoção segura em Map";"38678";"2026-07-08 14:24:30"
"162";"162_M5_17_COLLECTIONS_UTILITY_CLASS_OFICIAL.md";"# 162 — M5.17 — Collections utility class";"# 162 — M5.17 — Collections utility class";"48379";"2026-07-08 14:28:14"
"163";"163_M5_18_COMPARATOR_E_ORDENACAO_CUSTOMIZADA_OFICIAL.md";"# 163 — M5.18 — Comparator e ordenação customizada";"# 163 — M5.18 — Comparator e ordenação customizada";"50053";"2026-07-08 14:32:09"
"164";"164_M5_19_QUEUE_DEQUE_E_PROCESSAMENTO_EM_ORDEM_OFICIAL.md";"# 164 — M5.19 — Queue, Deque e processamento em ordem";"# 164 — M5.19 — Queue, Deque e processamento em ordem";"34584";"2026-07-08 14:35:55"
"165";"165_M5_20_PRIORITYQUEUE_E_FILA_COM_PRIORIDADE_OFICIAL.md";"# 165 — M5.20 — PriorityQueue e fila com prioridade";"# 165 — M5.20 — PriorityQueue e fila com prioridade";"41072";"2026-07-08 14:39:40"
"166";"166_M5_21_MINI_PROJETO_COLLECTIONS_FLUXO_DE_ATENDIMENTO_OFICIAL.md";"# 166 — M5.21 — Mini-projeto Collections: fluxo de atendimento";"# 166 — M5.21 — Mini-projeto Collections: fluxo de atendimento";"39560";"2026-07-08 14:45:04"
"167";"167_M5_22_REVISAO_TECNICA_COLLECTIONS_CRITERIOS_DE_ESCOLHA_OFICIAL.md";"# 167 — M5.22 — Revisão técnica Collections: critérios de escolha";"# 167 — M5.22 — Revisão técnica Collections: critérios de escolha";"41089";"2026-07-08 14:58:58"
"168";"168_M5_23_EXERCICIOS_INTEGRADORES_COLLECTIONS_ESCOLHA_DE_ESTRUTURAS_OFICIAL.md";"# 168 — M5.23 — Exercícios integradores Collections: escolha de estruturas";"# 168 — M5.23 — Exercícios integradores Collections: escolha de estruturas";"43508";"2026-07-08 15:05:06"
"169";"169_M5_24_EXERCICIOS_INTEGRADORES_COLLECTIONS_IMPLEMENTACAO_GUIADA_OFICIAL.md";"# 169 — M5.24 — Exercícios integradores Collections: implementação guiada";"# 169 — M5.24 — Exercícios integradores Collections: implementação guiada";"49756";"2026-07-08 15:05:19"
"170";"170_M5_25_PROJETO_FINAL_COLLECTIONS_CADASTRO_RELATORIO_E_PROCESSAMENTO_OFICIAL.md";"# 170 — M5.25 — Projeto final Collections: cadastro, relatório e processamento";"# 170 — M5.25 — Projeto final Collections: cadastro, relatório e processamento";"46918";"2026-07-08 15:09:10"
"171";"171_M5_26_FECHAMENTO_MODULO_5_COLLECTIONS_FRAMEWORK_OFICIAL.md";"# 171 — M5.26 — Fechamento do Módulo 5: Collections Framework";"# 171 — M5.26 — Fechamento do Módulo 5: Collections Framework";"24293";"2026-07-08 15:12:23"
"172";"172_M6_01_GENERICS_PROFISSIONAL_DO_BASICO_AO_USO_REAL_OFICIAL.md";"# 172 — M6.01 — Generics profissional: do básico ao uso real";"# 172 — M6.01 — Generics profissional: do básico ao uso real";"34708";"2026-07-08 15:15:56"
"173";"173_M6_02_CLASSES_E_INTERFACES_GENERICAS_OFICIAL.md";"# 173 — M6.02 — Classes e interfaces genéricas";"# 173 — M6.02 — Classes e interfaces genéricas";"37154";"2026-07-08 15:43:40"
"174";"174_M6_03_METODOS_GENERICOS_OFICIAL.md";"# 174 — M6.03 — Métodos genéricos";"# 174 — M6.03 — Métodos genéricos";"31048";"2026-07-08 16:51:46"
"175";"175_M6_04_BOUNDED_TYPES_EXTENDS_EM_GENERICS_OFICIAL.md";"# 175 — M6.04 — Bounded Types: `extends` em Generics";"# 175 — M6.04 — Bounded Types: `extends` em Generics";"36324";"2026-07-08 16:57:34"
"176";"176_M6_05_WILDCARDS_INTERROGACAO_EXTENDS_SUPER_OFICIAL.md";"# 176 — M6.05 — Wildcards: `?`, `extends`, `super` e a regra PECS";"# 176 — M6.05 — Wildcards: `?`, `extends`, `super` e a regra PECS";"32132";"2026-07-08 17:47:42"
"177";"177_M6_06_PECS_PRODUCER_EXTENDS_CONSUMER_SUPER_OFICIAL.md";"# 177 — M6.06 — PECS: Producer Extends, Consumer Super";"# 177 — M6.06 — PECS: Producer Extends, Consumer Super";"34310";"2026-07-08 17:53:12"
"178";"178_M6_07_TYPE_ERASURE_GENERICS_EM_TEMPO_DE_COMPILACAO_OFICIAL.md";"# 178 — M6.07 — Type Erasure: Generics em tempo de compilação";"# 178 — M6.07 — Type Erasure: Generics em tempo de compilação";"32750";"2026-07-08 18:01:47"
"179";"179_M6_08_LIMITACOES_E_BOAS_PRATICAS_DE_GENERICS_OFICIAL.md";"# 179 — M6.08 — Limitações e boas práticas de Generics";"# 179 — M6.08 — Limitações e boas práticas de Generics";"33279";"2026-07-08 18:18:41"
"180";"180_M6_09_OPTIONAL_T_AUSENCIA_DE_VALOR_SEM_NULL_OFICIAL.md";"# 180 — M6.09 — Optional<T>: ausência de valor sem null";"# 180 — M6.09 — Optional<T>: ausência de valor sem null";"31824";"2026-07-08 18:31:31"
"181";"181_M6_10_OPTIONAL_BOAS_PRATICAS_MAP_FLATMAP_E_ERROS_COMUNS_OFICIAL.md";"# 181 — M6.10 — Optional: boas práticas, map, flatMap e erros comuns";"# 181 — M6.10 — Optional: boas práticas, map, flatMap e erros comuns";"34292";"2026-07-08 18:36:13"
"182";"182_M6_11_MINI_PROJETO_GENERICS_OPTIONAL_REPOSITORY_RESULTADO_OFICIAL.md";"# 182 — M6.11 — Mini-projeto: Generics, Optional, Repository e Resultado<T>";"# 182 — M6.11 — Mini-projeto: Generics, Optional, Repository e Resultado<T>";"39190";"2026-07-08 18:39:45"
"183";"183_M6_12_REVISAO_TECNICA_GENERICS_OPTIONAL_E_BOAS_PRATICAS_OFICIAL.md";"# 183 — M6.12 — Revisão técnica: Generics, Optional e boas práticas";"# 183 — M6.12 — Revisão técnica: Generics, Optional e boas práticas";"31075";"2026-07-08 18:42:37"
"184";"184_M6_13_EXERCICIOS_INTEGRADORES_GENERICS_OPTIONAL_E_REPOSITORY_OFICIAL.md";"# 184 — M6.13 — Exercícios integradores: Generics, Optional e Repository";"# 184 — M6.13 — Exercícios integradores: Generics, Optional e Repository";"40846";"2026-07-08 18:46:08"
"185";"185_M6_14_FECHAMENTO_MODULO_6_GENERICS_OPTIONAL_E_TRANSICAO_OFICIAL.md";"# 185 — M6.14 — Fechamento do Módulo 6: Generics, Optional e transição";"# 185 — M6.14 — Fechamento do Módulo 6: Generics, Optional e transição";"25699";"2026-07-08 18:49:21"
"186";"186_M7_01_FUNCTIONAL_INTERFACES_E_LAMBDAS_OFICIAL.md";"# 186 — M7.01 — Functional Interfaces e Lambdas";"# 186 — M7.01 — Functional Interfaces e Lambdas";"31166";"2026-07-08 19:01:35"
"187";"187_M7_02_PREDICATE_FUNCTION_CONSUMER_SUPPLIER_OFICIAL.md";"# 187 — M7.02 — Predicate, Function, Consumer e Supplier";"# 187 — M7.02 — Predicate, Function, Consumer e Supplier";"37123";"2026-07-08 19:09:40"
"188";"188_M7_03_METHOD_REFERENCE_E_CONSTRUCTOR_REFERENCE_OFICIAL.md";"# 188 — M7.03 — Method Reference e Constructor Reference";"# 188 — M7.03 — Method Reference e Constructor Reference";"32576";"2026-07-08 19:12:53"
"189";"189_M7_04_COMPOSICAO_FUNCIONAL_PREDICATE_FUNCTION_E_CONSUMER_OFICIAL.md";"# 189 — M7.04 — Composição funcional: Predicate, Function e Consumer";"# 189 — M7.04 — Composição funcional: Predicate, Function e Consumer";"36916";"2026-07-08 19:18:25"
"190";"190_M7_05_STREAMS_API_INTRODUCAO_FILTER_MAP_FOREACH_OFICIAL.md";"# 190 — M7.05 — Streams API: introdução, filter, map e forEach";"# 190 — M7.05 — Streams API: introdução, filter, map e forEach";"39129";"2026-07-08 19:26:05"
"191";"191_M7_06_STREAMS_TOLIST_COLLECT_E_COLLECTORS_OFICIAL.md";"# 191 — M7.06 — Streams: toList, collect e Collectors";"# 191 — M7.06 — Streams: toList, collect e Collectors";"54237";"2026-07-08 19:38:06"
"192";"192_M7_07_STREAMS_FINDFIRST_FINDANY_ANYMATCH_ALLMATCH_NONEMATCH_COUNT_OFICIAL.md";"# 192 — M7.07 — Streams: findFirst, findAny, anyMatch, allMatch, noneMatch e count";"# 192 — M7.07 — Streams: findFirst, findAny, anyMatch, allMatch, noneMatch e count";"49072";"2026-07-08 20:00:00"
"193";"193_M7_08_STREAMS_SORTED_COMPARATOR_DISTINCT_LIMIT_SKIP_OFICIAL.md";"# 193 — M7.08 — Streams: sorted, Comparator, distinct, limit e skip";"# 193 — M7.08 — Streams: sorted, Comparator, distinct, limit e skip";"50566";"2026-07-08 20:06:33"
"194";"194_M7_09_STREAMS_MIN_MAX_REDUCE_E_AGREGACOES_OFICIAL.md";"# 194 — M7.09 — Streams: min, max, reduce e agregações";"# 194 — M7.09 — Streams: min, max, reduce e agregações";"44947";"2026-07-09 08:14:32"
"195";"195_M7_10_COLLECTORS_AVANCADO_JOINING_GROUPINGBY_PARTITIONINGBY_OFICIAL.md";"# 195 — M7.10 — Collectors avançado: joining, groupingBy, partitioningBy, mapping, counting e summing";"# 195 — M7.10 — Collectors avançado: joining, groupingBy, partitioningBy, mapping, counting e summing";"58176";"2026-07-09 08:14:34"
"196";"196_M7_11_STREAMS_FLATMAP_COLECOES_ANINHADAS_E_PIPELINES_REAIS_OFICIAL.md";"# 196 — M7.11 — Streams: flatMap, coleções aninhadas e pipelines reais";"# 196 — M7.11 — Streams: flatMap, coleções aninhadas e pipelines reais";"56811";"2026-07-09 08:14:39"
"197";"197_M7_12_STREAMS_OPTIONAL_E_PIPELINES_SEGUROS_OFICIAL.md";"# 197 — M7.12 — Streams, Optional e pipelines seguros";"# 197 — M7.12 — Streams, Optional e pipelines seguros";"54952";"2026-07-09 08:14:42"
"198";"198_M7_13_STREAMS_BOAS_PRATICAS_LEGIBILIDADE_PERFORMANCE_E_PARALLELSTREAM_OFICIAL.md";"# 198 — M7.13 — Streams: boas práticas, legibilidade, performance e parallelStream";"# 198 — M7.13 — Streams: boas práticas, legibilidade, performance e parallelStream";"43022";"2026-07-09 08:14:45"
"199";"199_M7_14_EXERCICIOS_INTEGRADORES_STREAMS_FUNCTIONAL_INTERFACES_E_OPTIONAL_OFICIAL.md";"# 199 — M7.14 — Exercícios integradores: Streams, Functional Interfaces e Optional";"# 199 — M7.14 — Exercícios integradores: Streams, Functional Interfaces e Optional";"51071";"2026-07-09 08:14:50"
"200";"200_M7_15_FECHAMENTO_TECNICO_SIMULADO_E_TRANSICAO_OFICIAL.md";"# 200 — M7.15 — Fechamento técnico, simulado e transição";"# 200 — M7.15 — Fechamento técnico, simulado e transição";"26714";"2026-07-09 08:14:53"
"201";"201_M8_01_EXCEPTIONS_INTRODUCAO_TRATAMENTO_ERROS_OFICIAL.md";"# 201 — M8.01 — Exceptions: introdução ao tratamento profissional de erros";"# 201 — M8.01 — Exceptions: introdução ao tratamento profissional de erros";"34436";"2026-07-09 08:14:55"
"202";"202_M8_02_CHECKED_VS_UNCHECKED_EXCEPTIONS_OFICIAL.md";"# 202 — M8.02 — Checked vs Unchecked Exceptions";"# 202 — M8.02 — Checked vs Unchecked Exceptions";"33673";"2026-07-09 08:14:58"
"203";"203_M8_03_EXCEPTIONS_PROPRIAS_DOMINIO_INFRAESTRUTURA_OFICIAL.md";"# 203 — M8.03 — Exceptions próprias: domínio, aplicação e infraestrutura";"# 203 — M8.03 — Exceptions próprias: domínio, aplicação e infraestrutura";"41586";"2026-07-09 08:15:01"
"204";"204_M8_04_TRY_CATCH_FINALLY_TRY_WITH_RESOURCES_OFICIAL.md";"# 204 — M8.04 — try, catch, finally e try-with-resources";"# 204 — M8.04 — try, catch, finally e try-with-resources";"40064";"2026-07-09 08:15:07"
"205";"205_M8_05_MODELAGEM_ERROS_POR_CAMADA_DOMINIO_APLICACAO_INFRA_OFICIAL.md";"# 205 — M8.05 — Modelagem de erros por camada: domínio, aplicação e infraestrutura";"# 205 — M8.05 — Modelagem de erros por camada: domínio, aplicação e infraestrutura";"43547";"2026-07-09 08:15:09"
"206";"206_M8_06_EXCEPTIONS_RESULTADO_VALIDACOES_CONTROLADAS_OFICIAL.md";"# 206 — M8.06 — Exceptions, Resultado e validações controladas";"# 206 — M8.06 — Exceptions, Resultado e validações controladas";"44872";"2026-07-09 08:15:12"
"207";"207_M8_07_IO_PATH_FILES_LEITURA_ESCRITA_ARQUIVOS_OFICIAL.md";"# 207 — M8.07 — I/O com Path e Files: leitura, escrita e manipulação de arquivos";"# 207 — M8.07 — I/O com Path e Files: leitura, escrita e manipulação de arquivos";"37410";"2026-07-09 08:15:14"
"208";"208_M8_08_BUFFEREDREADER_BUFFEREDWRITER_LEITURA_ESCRITA_EFICIENTE_OFICIAL.md";"# 208 — M8.08 — BufferedReader e BufferedWriter: leitura e escrita eficiente";"# 208 — M8.08 — BufferedReader e BufferedWriter: leitura e escrita eficiente";"42932";"2026-07-09 08:15:17"
"209";"209_M8_09_CSV_MANUAL_PARSING_ROBUSTO_CABECALHO_LINHAS_INVALIDAS_OFICIAL.md";"# 209 — M8.09 — CSV manual: parsing robusto, cabeçalho e linhas inválidas";"# 209 — M8.09 — CSV manual: parsing robusto, cabeçalho e linhas inválidas";"42485";"2026-07-09 08:15:21"
"210";"210_M8_10_DATE_TIME_API_LOCALDATE_LOCALDATETIME_DURATION_PERIOD_FORMATTER_OFICIAL.md";"# 210 — M8.10 — Date/Time API: LocalDate, LocalDateTime, Duration, Period e DateTimeFormatter";"# 210 — M8.10 — Date/Time API: LocalDate, LocalDateTime, Duration, Period e DateTimeFormatter";"51081";"2026-07-09 08:15:24"
"211";"211_M8_11_INSTANT_ZONEID_ZONEDDATETIME_OFFSETDATETIME_OFICIAL.md";"# 211 — M8.11 — Instant, ZoneId, ZonedDateTime e OffsetDateTime";"# 211 — M8.11 — Instant, ZoneId, ZonedDateTime e OffsetDateTime";"39550";"2026-07-09 08:15:26"
"212";"212_M8_12_UTILITARIOS_MODERNOS_OBJECTS_STRINGJOINER_UUID_RANDOM_SECURERANDOM_OFICIAL.md";"# 212 — M8.12 — Utilitários modernos: Objects, StringJoiner, UUID, Random e SecureRandom";"# 212 — M8.12 — Utilitários modernos: Objects, StringJoiner, UUID, Random e SecureRandom";"41057";"2026-07-09 08:15:28"
"213";"213_M8_13_EXERCICIOS_INTEGRADORES_EXCEPTIONS_IO_CSV_DATETIME_UUID_OFICIAL.md";"# 213 — M8.13 — Exercícios integradores: Exceptions, Resultado, I/O, CSV, Date/Time e UUID";"# 213 — M8.13 — Exercícios integradores: Exceptions, Resultado, I/O, CSV, Date/Time e UUID";"54418";"2026-07-09 08:15:32"
"214";"214_M8_14_REVISAO_TECNICA_SIMULADO_E_FECHAMENTO_MODULO_8_OFICIAL.md";"# 214 — M8.14 — Revisão técnica, simulado e fechamento do Módulo 8";"# 214 — M8.14 — Revisão técnica, simulado e fechamento do Módulo 8";"25068";"2026-07-09 08:15:35"
"215";"215_M9_01_SOLID_INTRODUCAO_MOTIVACAO_PROBLEMAS_QUE_RESOLVE_OFICIAL.md";"# 215 — M9.01 — SOLID: introdução, motivação e problemas que resolve";"# 215 — M9.01 — SOLID: introdução, motivação e problemas que resolve";"35671";"2026-07-09 08:15:37"
"216";"216_M9_02_SRP_SINGLE_RESPONSIBILITY_PRINCIPLE_OFICIAL.md";"# 216 — M9.02 — SRP: Single Responsibility Principle";"# 216 — M9.02 — SRP: Single Responsibility Principle";"36002";"2026-07-09 08:15:41"
"217";"217_M9_03_OCP_OPEN_CLOSED_PRINCIPLE_OFICIAL.md";"# 217 — M9.03 — OCP: Open/Closed Principle";"# 217 — M9.03 — OCP: Open/Closed Principle";"41469";"2026-07-09 08:15:44"
"218";"218_M9_04_LSP_LISKOV_SUBSTITUTION_PRINCIPLE_OFICIAL.md";"# 218 — M9.04 — LSP: Liskov Substitution Principle";"# 218 — M9.04 — LSP: Liskov Substitution Principle";"42470";"2026-07-09 08:15:46"
"219";"219_M9_05_ISP_INTERFACE_SEGREGATION_PRINCIPLE_OFICIAL.md";"# 219 — M9.05 — ISP: Interface Segregation Principle";"# 219 — M9.05 — ISP: Interface Segregation Principle";"40415";"2026-07-09 08:15:51"
"220";"220_M9_06_DIP_DEPENDENCY_INVERSION_PRINCIPLE_OFICIAL.md";"# 220 — M9.06 — DIP: Dependency Inversion Principle";"# 220 — M9.06 — DIP: Dependency Inversion Principle";"42937";"2026-07-09 08:15:54"
"221";"221_M9_07_SOLID_APLICADO_FLUXO_COMPLETO_BACKEND_OFICIAL.md";"# 221 — M9.07 — SOLID aplicado em um fluxo completo de backend";"# 221 — M9.07 — SOLID aplicado em um fluxo completo de backend";"51689";"2026-07-09 08:15:56"
"222";"222_M9_08_SOLID_REVISAO_TECNICA_REFATORACAO_GUIADA_E_SIMULADO_OFICIAL.md";"# 222 — M9.08 — SOLID: revisão técnica, refatoração guiada e simulado";"# 222 — M9.08 — SOLID: revisão técnica, refatoração guiada e simulado";"49962";"2026-07-09 08:15:58"
"223";"223_M10_01_DESIGN_PATTERNS_INTRODUCAO_PADROES_DE_PROJETO_BACKEND_OFICIAL.md";"# 223 — M10.01 — Design Patterns: introdução a padrões de projeto no backend";"# 223 — M10.01 — Design Patterns: introdução a padrões de projeto no backend";"32465";"2026-07-09 08:16:00"
"224";"224_M10_02_STRATEGY_PATTERN_POLITICAS_REGRAS_VARIAVEIS_BACKEND_OFICIAL.md";"# 224 — M10.02 — Strategy Pattern: políticas e regras variáveis no backend";"# 224 — M10.02 — Strategy Pattern: políticas e regras variáveis no backend";"48274";"2026-07-09 08:16:05"
"225";"225_M10_03_FACTORY_PATTERN_CRIACAO_OBJETOS_BACKEND_OFICIAL.md";"# 225 — M10.03 — Factory Pattern: criação de objetos no backend";"# 225 — M10.03 — Factory Pattern: criação de objetos no backend";"47059";"2026-07-09 08:16:07"
"226";"226_M10_04_BUILDER_PATTERN_OBJETOS_COMPLEXOS_CONSTRUCAO_FLUENTE_OFICIAL.md";"# 226 — M10.04 — Builder Pattern: objetos complexos e construção fluente";"# 226 — M10.04 — Builder Pattern: objetos complexos e construção fluente";"38950";"2026-07-09 08:16:11"
"227";"227_M10_05_ADAPTER_PATTERN_INTEGRACOES_APIS_EXTERNAS_LEGADOS_OFICIAL.md";"# 227 — M10.05 — Adapter Pattern: integrações, APIs externas e sistemas legados";"# 227 — M10.05 — Adapter Pattern: integrações, APIs externas e sistemas legados";"45821";"2026-07-09 08:16:13"
"228";"228_M10_06_FACADE_PATTERN_SIMPLIFICANDO_FLUXOS_COMPLEXOS_BACKEND_OFICIAL.md";"# 228 — M10.06 — Facade Pattern: simplificando fluxos complexos no backend";"# 228 — M10.06 — Facade Pattern: simplificando fluxos complexos no backend";"49856";"2026-07-09 08:16:16"
"229";"229_M10_07_TEMPLATE_METHOD_PATTERN_FLUXOS_FIXOS_ETAPAS_VARIAVEIS_OFICIAL.md";"# 229 — M10.07 — Template Method Pattern: fluxos fixos com etapas variáveis";"# 229 — M10.07 — Template Method Pattern: fluxos fixos com etapas variáveis";"35745";"2026-07-09 08:16:20"
"230";"230_M10_08_CHAIN_OF_RESPONSIBILITY_VALIDACOES_APROVACOES_HANDLERS_OFICIAL.md";"# 230 — M10.08 — Chain of Responsibility: validações, aprovações e handlers";"# 230 — M10.08 — Chain of Responsibility: validações, aprovações e handlers";"44755";"2026-07-09 08:16:22"
"231";"231_M10_09_STATE_PATTERN_STATUS_WORKFLOW_BACKEND_OFICIAL.md";"# 231 — M10.09 — State Pattern: status e workflow no backend";"# 231 — M10.09 — State Pattern: status e workflow no backend";"43566";"2026-07-09 08:16:25"
"232";"232_M10_10_COMMAND_PATTERN_ACOES_COMANDOS_AUDITORIA_FILAS_OFICIAL.md";"# 232 — M10.10 — Command Pattern: ações, comandos, auditoria e filas";"# 232 — M10.10 — Command Pattern: ações, comandos, auditoria e filas";"44681";"2026-07-09 08:16:28"
"233";"233_M10_11_OBSERVER_PATTERN_EVENTOS_NOTIFICACOES_DOMINIO_OFICIAL.md";"# 233 — M10.11 — Observer Pattern: eventos, notificações e reações de domínio";"# 233 — M10.11 — Observer Pattern: eventos, notificações e reações de domínio";"50866";"2026-07-09 08:16:32"
"234";"234_M10_12_DECORATOR_PATTERN_LOGS_METRICAS_CACHE_AUTORIZACAO_OFICIAL.md";"# 234 — M10.12 — Decorator Pattern: logs, métricas, cache e autorização";"# 234 — M10.12 — Decorator Pattern: logs, métricas, cache e autorização";"41660";"2026-07-09 08:16:35"
"235";"235_M10_13_PROXY_PATTERN_CONTROLE_ACESSO_CACHE_LAZY_LOADING_OFICIAL.md";"# 235 — M10.13 — Proxy Pattern: controle de acesso, cache e lazy loading";"# 235 — M10.13 — Proxy Pattern: controle de acesso, cache e lazy loading";"36583";"2026-07-09 08:16:37"
"236";"236_M10_14_COMPOSITE_PATTERN_ESTRUTURAS_HIERARQUICAS_BACKEND_OFICIAL.md";"# 236 — M10.14 — Composite Pattern: estruturas hierárquicas no backend";"# 236 — M10.14 — Composite Pattern: estruturas hierárquicas no backend";"30766";"2026-07-09 08:16:40"
"237";"237_M10_15_FLYWEIGHT_PATTERN_OBJETOS_COMPARTILHADOS_PERFORMANCE_OFICIAL.md";"# 237 — M10.15 — Flyweight Pattern: objetos compartilhados e performance";"# 237 — M10.15 — Flyweight Pattern: objetos compartilhados e performance";"37835";"2026-07-09 08:16:43"
"238";"238_M10_16_BRIDGE_PATTERN_ABSTRACAO_IMPLEMENTACAO_VARIACOES_OFICIAL.md";"# 238 — M10.16 — Bridge Pattern: abstração, implementação e variações";"# 238 — M10.16 — Bridge Pattern: abstração, implementação e variações";"43044";"2026-07-09 08:20:11"
"239";"239_M10_17_MEDIATOR_PATTERN_COORDENACAO_DESACOPLAMENTO_OBJETOS_OFICIAL.md";"# 239 — M10.17 — Mediator Pattern: coordenação e desacoplamento entre objetos";"# 239 — M10.17 — Mediator Pattern: coordenação e desacoplamento entre objetos";"37961";"2026-07-09 08:28:45"
"240";"240_M10_18_MEMENTO_PATTERN_HISTORICO_SNAPSHOTS_UNDO_OFICIAL.md";"# 240 — M10.18 — Memento Pattern: histórico, snapshots e undo";"# 240 — M10.18 — Memento Pattern: histórico, snapshots e undo";"39217";"2026-07-09 08:32:52"
"241";"241_M10_19_ITERATOR_PATTERN_PERCORRENDO_COLECOES_E_LOTES_OFICIAL.md";"# 241 — M10.19 — Iterator Pattern: percorrendo coleções e lotes";"# 241 — M10.19 — Iterator Pattern: percorrendo coleções e lotes";"37796";"2026-07-09 08:41:38"
"242";"242_M10_20_VISITOR_PATTERN_OPERACOES_EM_ESTRUTURAS_OBJETOS_OFICIAL.md";"# 242 — M10.20 — Visitor Pattern: operações em estruturas de objetos";"# 242 — M10.20 — Visitor Pattern: operações em estruturas de objetos";"49856";"2026-07-09 08:45:53"
"243";"243_M10_21_INTERPRETER_PATTERN_EXPRESSOES_REGRAS_DSL_OFICIAL.md";"# 243 — M10.21 — Interpreter Pattern: expressões, regras e DSL simples";"# 243 — M10.21 — Interpreter Pattern: expressões, regras e DSL simples";"44906";"2026-07-09 08:50:30"
"244";"244_M10_22_REVISAO_TECNICA_DESIGN_PATTERNS_BACKEND_OFICIAL.md";"# 244 — M10.22 — Revisão técnica: Design Patterns aplicados ao Backend";"# 244 — M10.22 — Revisão técnica: Design Patterns aplicados ao Backend";"34401";"2026-07-09 08:55:05"
"245";"245_M11_01_FERRAMENTAS_JAVA_BACKEND_PROFISSIONAL_JDK_MAVEN_GRADLE_GIT_OFICIAL.md";"# 245 — M11.01 — Ferramentas Java Backend Profissional: JDK, Maven, Gradle e Git";"# 245 — M11.01 — Ferramentas Java Backend Profissional: JDK, Maven, Gradle e Git";"26836";"2026-07-09 08:59:41"
"246";"246_M11_02_JDK_JVM_JRE_BYTECODE_CLASSPATH_VARIAVEIS_AMBIENTE_OFICIAL.md";"# 246 — M11.02 — JDK, JVM, JRE, bytecode, classpath e variáveis de ambiente";"# 246 — M11.02 — JDK, JVM, JRE, bytecode, classpath e variáveis de ambiente";"26097";"2026-07-09 09:06:05"
"247";"247_M11_03_MAVEN_POM_DEPENDENCIAS_LIFECYCLE_PLUGINS_OFICIAL.md";"# 247 — M11.03 — Maven profissional: POM, dependências, lifecycle, plugins e build";"# 247 — M11.03 — Maven profissional: POM, dependências, lifecycle, plugins e build";"35406";"2026-07-09 09:22:38"
"248";"248_M11_04_GRADLE_BUILD_TASKS_DEPENDENCIAS_WRAPPER_OFICIAL.md";"# 248 — M11.04 — Gradle profissional: build, tasks, dependências e wrapper";"# 248 — M11.04 — Gradle profissional: build, tasks, dependências e wrapper";"32633";"2026-07-09 09:23:17"
"249";"249_M11_05_GIT_PROFISSIONAL_COMMITS_BRANCHES_MERGE_REBASE_PR_OFICIAL.md";"# 249 — M11.05 — Git profissional: commits, branches, merge, rebase e pull request";"# 249 — M11.05 — Git profissional: commits, branches, merge, rebase e pull request";"29516";"2026-07-09 09:27:25"
"250";"250_M11_06_IDE_TERMINAL_DEBUGGING_PRODUTIVIDADE_JAVA_BACKEND_OFICIAL.md";"# 250 — M11.06 — IDE, terminal, debugging e produtividade no Java Backend";"# 250 — M11.06 — IDE, terminal, debugging e produtividade no Java Backend";"36381";"2026-07-09 09:31:53"
"251";"251_M11_07_JUNIT5_TESTES_UNITARIOS_ASSERTIONS_CICLO_VIDA_OFICIAL.md";"# 251 — M11.07 — JUnit 5: testes unitários, assertions e ciclo de vida";"# 251 — M11.07 — JUnit 5: testes unitários, assertions e ciclo de vida";"33470";"2026-07-09 09:35:37"
"252";"252_M11_08_JUNIT5_AVANCADO_TESTES_PARAMETRIZADOS_NESTED_TAGS_OFICIAL.md";"# 252 — M11.08 — JUnit 5 avançado: testes parametrizados, nested tests, tags e organização profissional";"# 252 — M11.08 — JUnit 5 avançado: testes parametrizados, nested tests, tags e organização profissional";"37671";"2026-07-09 09:39:54"
"253";"253_M11_09_MOCKITO_MOCKS_STUBS_VERIFY_TESTES_USECASE_SERVICE_OFICIAL.md";"# 253 — M11.09 — Mockito: mocks, stubs, verify e testes de Use Case/Service";"# 253 — M11.09 — Mockito: mocks, stubs, verify e testes de Use Case/Service";"54332";"2026-07-09 09:50:31"
"254";"254_M11_10_MOCKITO_AVANCADO_DORETURN_DOTHROW_SPIES_CAPTORS_INORDER_OFICIAL.md";"# 254 — M11.10 — Mockito avançado: doReturn, doThrow, spies, captors, InOrder e testes menos frágeis";"# 254 — M11.10 — Mockito avançado: doReturn, doThrow, spies, captors, InOrder e testes menos frágeis";"47822";"2026-07-09 09:56:21"
"255";"255_M11_11_ASSERTJ_ASSERTIONS_FLUENTES_TESTES_LEGIVEIS_OFICIAL.md";"# 255 — M11.11 — AssertJ: assertions fluentes e testes mais legíveis";"# 255 — M11.11 — AssertJ: assertions fluentes e testes mais legíveis";"49255";"2026-07-09 10:00:35"
"256";"256_M11_12_TDD_ESTRATEGIA_TESTES_BACKEND_PIRAMIDE_QUALIDADE_OFICIAL.md";"# 256 — M11.12 — TDD e estratégia de testes no Backend: pirâmide, qualidade e engenharia";"# 256 — M11.12 — TDD e estratégia de testes no Backend: pirâmide, qualidade e engenharia";"43653";"2026-07-09 10:05:15"
"257";"257_M11_13_JACOCO_COBERTURA_TESTES_RELATORIOS_QUALIDADE_BUILD_OFICIAL.md";"# 257 — M11.13 — JaCoCo: cobertura de testes, relatórios e qualidade no build";"# 257 — M11.13 — JaCoCo: cobertura de testes, relatórios e qualidade no build";"41465";"2026-07-09 10:09:22"
"258";"258_M11_14_SONARQUBE_QUALIDADE_CODIGO_QUALITY_GATE_ANALISE_ESTATICA_OFICIAL.md";"# 258 — M11.14 — SonarQube: qualidade de código, análise estática, quality gate e rotina profissional";"# 258 — M11.14 — SonarQube: qualidade de código, análise estática, quality gate e rotina profissional";"39948";"2026-07-09 10:13:55"
"259";"259_M11_15_DOCKER_JAVA_BACKEND_CONTAINERS_IMAGENS_DOCKERFILE_COMPOSE_OFICIAL.md";"# 259 — M11.15 — Docker para Java Backend: containers, imagens, Dockerfile e Docker Compose";"# 259 — M11.15 — Docker para Java Backend: containers, imagens, Dockerfile e Docker Compose";"34604";"2026-07-09 10:29:15"
"260";"260_M11_16_DOCKER_COMPOSE_PROFISSIONAL_POSTGRESQL_REDIS_REDES_VOLUMES_HEALTHCHECK_AMBIENTE_LOCAL_BACKEND_OFICIAL.md";"# 260 — M11.16 — Docker Compose profissional com PostgreSQL, Redis, redes, volumes, healthcheck e ambiente local de backend";"# 260 — M11.16 — Docker Compose profissional com PostgreSQL, Redis, redes, volumes, healthcheck e ambiente local de backend";"35787";"2026-07-09 13:06:22"
"261";"261_M11_17_CI_CD_GITHUB_ACTIONS_E_PIPELINE_JAVA_BACKEND_CONCEITOS_WORKFLOW_E_GATILHOS_OFICIAL.md";"# 261 — M11.17 — CI/CD, GitHub Actions e pipeline Java Backend: conceitos, workflow e gatilhos";"# 261 — M11.17 — CI/CD, GitHub Actions e pipeline Java Backend: conceitos, workflow e gatilhos";"36763";"2026-07-09 18:10:27"
"262";"262_M11_18_PIPELINE_MAVEN_COM_TESTES_JACOCO_RELATORIOS_E_ARTEFATOS_OFICIAL.md";"# 262 — M11.18 — Pipeline Maven com testes, JaCoCo, relatórios e artefatos";"# 262 — M11.18 — Pipeline Maven com testes, JaCoCo, relatórios e artefatos";"38271";"2026-07-09 18:10:33"
"263";"263_M11_19_PIPELINE_DOCKER_BUILD_TAGS_REGISTRY_SECRETS_E_IMAGEM_VERSIONADA_OFICIAL.md";"# 263 — M11.19 — Pipeline Docker: build, tags, registry, secrets e imagem versionada";"# 263 — M11.19 — Pipeline Docker: build, tags, registry, secrets e imagem versionada";"38743";"2026-07-09 18:10:36"
"264";"264_M11_20_CHECKSTYLE_SPOTLESS_E_FORMATACAO_AUTOMATIZADA_COM_CRITERIO_OFICIAL.md";"# 264 — M11.20 — Checkstyle, Spotless e formatação automatizada com critério";"# 264 — M11.20 — Checkstyle, Spotless e formatação automatizada com critério";"36880";"2026-07-09 18:10:38"
"265";"265_M11_21_SEGURANCA_DE_DEPENDENCIAS_SCA_SBOM_DEPENDABOT_E_SUPPLY_CHAIN_OFICIAL.md";"# 265 — M11.21 — Segurança de dependências: SCA, SBOM, Dependabot e supply chain";"# 265 — M11.21 — Segurança de dependências: SCA, SBOM, Dependabot e supply chain";"39970";"2026-07-09 18:10:41"
"266";"266_M11_22_TESTCONTAINERS_COM_POSTGRESQL_TESTES_DE_INTEGRACAO_REAIS_E_DESCARTAVEIS_OFICIAL.md";"# 266 — M11.22 — Testcontainers com PostgreSQL: testes de integração reais e descartáveis";"# 266 — M11.22 — Testcontainers com PostgreSQL: testes de integração reais e descartáveis";"43416";"2026-07-09 18:10:44"
"267";"267_M11_23_WIREMOCK_CONTRATOS_HTTP_E_SERVICOS_EXTERNOS_FAKE_OFICIAL.md";"# 267 — M11.23 — WireMock, contratos HTTP e serviços externos fake";"# 267 — M11.23 — WireMock, contratos HTTP e serviços externos fake";"40566";"2026-07-09 18:10:46"
"268";"268_M11_24_ARCHUNIT_REGRAS_ARQUITETURAIS_AUTOMATIZADAS_E_PROTECAO_DE_CAMADAS_OFICIAL.md";"# 268 — M11.24 — ArchUnit: regras arquiteturais automatizadas e proteção de camadas";"# 268 — M11.24 — ArchUnit: regras arquiteturais automatizadas e proteção de camadas";"39560";"2026-07-09 18:10:50"
"269";"269_M11_25_MINI_PROJETO_FERRAMENTAS_PIPELINE_DOCKER_TESTCONTAINERS_WIREMOCK_ARCHUNIT_E_QUALIDADE_OFICIAL.md";"# 269 — M11.25 — Mini-projeto ferramentas: pipeline, Docker, Testcontainers, WireMock, ArchUnit e qualidade";"# 269 — M11.25 — Mini-projeto ferramentas: pipeline, Docker, Testcontainers, WireMock, ArchUnit e qualidade";"56733";"2026-07-09 18:10:52"
"270";"270_M11_26_FECHAMENTO_DO_M11_E_TRANSICAO_PARA_SQL_POSTGRESQL_E_MODELAGEM_RELACIONAL_OFICIAL.md";"# 270 — M11.26 — Fechamento do M11 e transição para SQL, PostgreSQL e modelagem relacional";"# 270 — M11.26 — Fechamento do M11 e transição para SQL, PostgreSQL e modelagem relacional";"25352";"2026-07-09 18:10:55"
"271";"271_M12_01_INTRODUCAO_AO_SQL_POSTGRESQL_E_MODELAGEM_RELACIONAL_PARA_JAVA_BACKEND_OFICIAL.md";"# 271 - M12.01 - Introducao ao SQL, PostgreSQL e modelagem relacional para Java Backend";"Introducao ao SQL, PostgreSQL e modelagem relacional para Java Backend";"37862";"2026-07-10 09:48:40"
"272";"272_M12_02_DBEAVER_PSQL_SCHEMAS_E_ROTINA_DE_TRABALHO_OFICIAL.md";"# 272 - M12.02 - DBeaver psql schemas e rotina de trabalho";"DBeaver psql schemas e rotina de trabalho";"40288";"2026-07-10 10:00:57"
"273";"273_M12_03_TIPOS_DE_DADOS_POSTGRESQL_COM_CRITERIO_OFICIAL.md";"# 273 - M12.03 - Tipos de dados PostgreSQL com criterio";"Tipos de dados PostgreSQL com criterio";"41945";"2026-07-10 10:07:50"
"274";"274_M12_04_DDL_CREATE_TABLE_ALTER_TABLE_DROP_TABLE_OFICIAL.md";"# 274 - M12.04 - DDL create table alter table drop table";"DDL create table alter table drop table";"39226";"2026-07-10 10:12:37"
"275";"275_M12_05_PRIMARY_KEY_FOREIGN_KEY_E_INTEGRIDADE_REFERENCIAL_OFICIAL.md";"# 275 - M12.05 - Primary key foreign key e integridade referencial";"Primary key foreign key e integridade referencial";"38567";"2026-07-10 10:18:13"
"276";"276_M12_06_CONSTRAINTS_NOT_NULL_UNIQUE_CHECK_DEFAULT_OFICIAL.md";"# 276 - M12.06 - Constraints not null unique check default";"Constraints not null unique check default";"45339";"2026-07-10 10:25:35"
"277";"277_M12_07_INSERT_UPDATE_DELETE_E_RETORNO_DE_DADOS_OFICIAL.md";"# 277 - M12.07 - Insert update delete e retorno de dados";"Insert update delete e retorno de dados";"41499";"2026-07-10 10:28:51"
"278";"278_M12_08_SELECT_WHERE_ORDER_BY_LIMIT_OFFSET_OFICIAL.md";"# 278 - M12.08 - Select where order by limit offset";"Select where order by limit offset";"37449";"2026-07-10 10:32:14"
"279";"279_M12_09_OPERADORES_FILTROS_LIKE_BETWEEN_IN_IS_NULL_OFICIAL.md";"# 279 - M12.09 - Operadores filtros like between in is null";"Operadores filtros like between in is null";"37839";"2026-07-10 10:34:51"
"280";"280_M12_10_JOINS_INNER_LEFT_RIGHT_FULL_E_CROSS_COM_CRITERIO_OFICIAL.md";"# 280 - M12.10 - Joins inner left right full e cross com criterio";"Joins inner left right full e cross com criterio";"38899";"2026-07-10 10:39:55"
"281";"281_M12_11_MODELAGEM_CONCEITUAL_ENTIDADES_ATRIBUTOS_RELACIONAMENTOS_OFICIAL.md";"# 281 - M12.11 - Modelagem conceitual entidades atributos relacionamentos";"Modelagem conceitual entidades atributos relacionamentos";"38415";"2026-07-10 10:42:27"
"282";"282_M12_12_MODELAGEM_LOGICA_CARDINALIDADE_E_CHAVES_OFICIAL.md";"# 282 - M12.12 - Modelagem logica cardinalidade e chaves";"Modelagem logica cardinalidade e chaves";"40237";"2026-07-10 10:47:13"
"283";"283_M12_13_NORMALIZACAO_PRIMEIRA_SEGUNDA_E_TERCEIRA_FORMA_NORMAL_OFICIAL.md";"# 283 - M12.13 - Normalizacao primeira segunda e terceira forma normal";"Normalizacao primeira segunda e terceira forma normal";"41561";"2026-07-10 10:50:24"
"284";"284_M12_14_RELACIONAMENTO_UM_PARA_MUITOS_OFICIAL.md";"# 284 - M12.14 - Relacionamento um para muitos";"Relacionamento um para muitos";"38682";"2026-07-10 10:53:39"
"285";"285_M12_15_RELACIONAMENTO_MUITOS_PARA_MUITOS_COM_TABELA_ASSOCIATIVA_OFICIAL.md";"# 285 - M12.15 - Relacionamento muitos para muitos com tabela associativa";"Relacionamento muitos para muitos com tabela associativa";"41557";"2026-07-10 10:56:34"
"286";"286_M12_16_GROUP_BY_HAVING_E_AGREGACOES_OFICIAL.md";"# 286 - M12.16 - Group by having e agregacoes";"Group by having e agregacoes";"41330";"2026-07-10 11:02:09"
"287";"287_M12_17_SUBQUERIES_CORRELACIONADAS_E_NAO_CORRELACIONADAS_OFICIAL.md";"# 287 - M12.17 - Subqueries correlacionadas e nao correlacionadas";"Subqueries correlacionadas e nao correlacionadas";"41816";"2026-07-10 11:06:57"
"288";"288_M12_18_CTE_COMMON_TABLE_EXPRESSIONS_OFICIAL.md";"# 288 - M12.18 - CTE common table expressions";"CTE common table expressions";"43812";"2026-07-10 11:17:59"
"289";"289_M12_19_VIEWS_E_MATERIALIZED_VIEWS_CONCEITUAL_OFICIAL.md";"# 289 - M12.19 - Views e materialized views conceitual";"Views e materialized views conceitual";"44916";"2026-07-10 11:21:34"
"290";"290_M12_20_FUNCOES_DE_DATA_TEXTO_NUMEROS_E_CASE_WHEN_OFICIAL.md";"# 290 - M12.20 - Funcoes de data texto numeros e case when";"Funcoes de data texto numeros e case when";"46165";"2026-07-10 11:26:46"
"291";"291_M12_21_INDICES_BTREE_UNIQUE_E_CRITERIOS_DE_USO_OFICIAL.md";"# 291 - M12.21 - Indices btree unique e criterios de uso";"Indices btree unique e criterios de uso";"44893";"2026-07-10 11:30:39"
"292";"292_M12_22_EXPLAIN_EXPLAIN_ANALYZE_E_LEITURA_DE_PLANO_OFICIAL.md";"# 292 - M12.22 - Explain explain analyze e leitura de plano";"Explain explain analyze e leitura de plano";"44468";"2026-07-10 11:34:05"
"293";"293_M12_23_TRANSACOES_ACID_BEGIN_COMMIT_ROLLBACK_OFICIAL.md";"# 293 - M12.23 - Transacoes ACID begin commit rollback";"Transacoes ACID begin commit rollback";"44710";"2026-07-10 11:37:52"
"294";"294_M12_24_ISOLAMENTO_READ_COMMITTED_REPEATABLE_READ_SERIALIZABLE_OFICIAL.md";"# 294 - M12.24 - Isolamento read committed repeatable read serializable";"Isolamento read committed repeatable read serializable";"44550";"2026-07-10 11:43:07"
"295";"295_M12_25_LOCKS_DEADLOCKS_E_DIAGNOSTICO_INICIAL_OFICIAL.md";"# 295 - M12.25 - Locks deadlocks e diagnostico inicial";"Locks deadlocks e diagnostico inicial";"44255";"2026-07-10 11:47:05"
"296";"296_M12_26_PAGINACAO_SQL_OFFSET_KEYSET_E_TRADEOFFS_OFICIAL.md";"# 296 - M12.26 - Paginacao SQL offset keyset e tradeoffs";"Paginacao SQL offset keyset e tradeoffs";"45184";"2026-07-10 11:54:00"
"297";"297_M12_27_MODELAGEM_OS_CLIENTE_ATIVIDADE_PRODUTO_E_PAGAMENTO_OFICIAL.md";"# 297 - M12.27 - Modelagem OS cliente atividade produto e pagamento";"Modelagem OS cliente atividade produto e pagamento";"47454";"2026-07-10 12:01:52"
"298";"298_M12_28_CONSULTAS_DE_RELATORIO_PARA_BACKEND_OFICIAL.md";"# 298 - M12.28 - Consultas de relatorio para backend";"Consultas de relatorio para backend";"48627";"2026-07-10 12:05:29"
"299";"299_M12_29_PERFORMANCE_INICIAL_DE_SQL_OFICIAL.md";"# 299 - M12.29 - Performance inicial de SQL";"Performance inicial de SQL";"47627";"2026-07-10 12:09:53"
"300";"300_M12_30_SCRIPTS_VERSIONADOS_E_MIGRACOES_CONCEITUAIS_OFICIAL.md";"# 300 - M12.30 - Scripts versionados e migracoes conceituais";"Scripts versionados e migracoes conceituais";"43056";"2026-07-10 12:14:29"
"301";"301_M12_31_FLYWAY_CONCEITUAL_ANTES_DO_SPRING_OFICIAL.md";"# 301 - M12.31 - Flyway conceitual antes do Spring";"Flyway conceitual antes do Spring";"43664";"2026-07-10 12:18:28"
"302";"302_M12_32_CARGA_DE_MASSA_SEED_E_DADOS_DE_TESTE_OFICIAL.md";"# 302 - M12.32 - Carga de massa seed e dados de teste";"Carga de massa seed e dados de teste";"49531";"2026-07-10 12:24:10"
"303";"303_M12_33_BACKUP_RESTORE_E_CUIDADOS_LOCAIS_OFICIAL.md";"# 303 - M12.33 - Backup restore e cuidados locais";"Backup restore e cuidados locais";"49306";"2026-07-10 12:29:52"
"304";"304_M12_34_USUARIOS_PERMISSOES_E_SEGURANCA_BASICA_NO_POSTGRESQL_OFICIAL.md";"# 304 - M12.34 - Usuarios permissoes e seguranca basica no PostgreSQL";"Usuarios permissoes e seguranca basica no PostgreSQL";"46141";"2026-07-10 12:33:35"
"305";"305_M12_35_FUNCOES_WINDOW_INTRODUCAO_PARA_RELATORIOS_OFICIAL.md";"# 305 - M12.35 - Funcoes window introducao para relatorios";"Funcoes window introducao para relatorios";"44153";"2026-07-10 12:36:52"
"306";"306_M12_36_JSONB_NO_POSTGRESQL_QUANDO_USAR_E_QUANDO_EVITAR_OFICIAL.md";"# 306 - M12.36 - JSONB no PostgreSQL quando usar e quando evitar";"JSONB no PostgreSQL quando usar e quando evitar";"50770";"2026-07-10 12:41:42"
"307";"307_M12_37_PROJETO_BANCO_OS_PARTE_1_MODELO_FISICO_OFICIAL.md";"# 307 - M12.37 - Projeto banco OS parte 1 modelo fisico";"Projeto banco OS parte 1 modelo fisico";"55080";"2026-07-10 12:49:46"
"308";"308_M12_38_PROJETO_BANCO_OS_PARTE_2_CONSULTAS_E_RELATORIOS_OFICIAL.md";"# 308 - M12.38 - Projeto banco OS parte 2 consultas e relatorios";"Projeto banco OS parte 2 consultas e relatorios";"46290";"2026-07-10 12:55:52"
"309";"309_M12_39_REVISAO_TECNICA_SQL_POSTGRESQL_E_SIMULADO_OFICIAL.md";"# 309 - M12.39 - Revisao tecnica SQL PostgreSQL e simulado";"Revisao tecnica SQL PostgreSQL e simulado";"45350";"2026-07-10 12:58:46"
"310";"310_M12_40_FECHAMENTO_DO_MODULO_12_SQL_POSTGRESQL_OFICIAL.md";"# 310 - M12.40 - Fechamento do Modulo 12 SQL PostgreSQL";"Fechamento do Modulo 12 SQL PostgreSQL";"48480";"2026-07-10 13:02:29"
"311";"311_M13_01_JDBC_VISAO_GERAL_E_DRIVER_POSTGRESQL_OFICIAL.md";"# 311 - M13.01 - JDBC visao geral e driver PostgreSQL";"JDBC visao geral e driver PostgreSQL";"51106";"2026-07-10 13:06:30"
"312";"312_M13_02_CONNECTION_DRIVERMANAGER_E_DATASOURCE_CONCEITUAL_OFICIAL.md";"# 312 - M13.02 - Connection DriverManager e DataSource conceitual";"Connection DriverManager e DataSource conceitual";"58137";"2026-07-10 14:09:27"
"313";"313_M13_03_PREPAREDSTATEMENT_E_SQL_INJECTION_OFICIAL.md";"# 313 - M13.03 - PreparedStatement e SQL Injection";"PreparedStatement e SQL Injection";"51573";"2026-07-10 13:21:27"
"314";"314_M13_04_RESULTSET_MAPEAMENTO_MANUAL_E_TIPOS_OFICIAL.md";"# 314 - M13.04 - ResultSet mapeamento manual e tipos";"ResultSet mapeamento manual e tipos";"58680";"2026-07-10 13:28:08"
"315";"315_M13_05_DAO_INICIAL_COM_RESPONSABILIDADE_CLARA_OFICIAL.md";"# 315 - M13.05 - DAO inicial com responsabilidade clara";"DAO inicial com responsabilidade clara";"55479";"2026-07-10 13:35:57"
"316";"316_M13_06_REPOSITORY_PATTERN_SEM_SPRING_OFICIAL.md";"# 316 - M13.06 - Repository Pattern sem Spring";"Repository Pattern sem Spring";"57876";"2026-07-10 13:50:51"
"317";"317_M13_07_TRATAMENTO_DE_EXCECOES_EM_JDBC_OFICIAL.md";"# 317 - M13.07 - Tratamento de excecoes em JDBC";"Tratamento de excecoes em JDBC";"54285";"2026-07-10 14:01:05"
"318";"318_M13_08_TRANSACOES_COM_JDBC_COMMIT_ROLLBACK_OFICIAL.md";"# 318 - M13.08 - Transacoes com JDBC commit rollback";"Transacoes com JDBC commit rollback";"59354";"2026-07-10 14:08:54"
"319";"319_M13_09_CONNECTION_POOL_E_HIKARICP_CONCEITUAL_OFICIAL.md";"# 319 - M13.09 - Connection pool e HikariCP conceitual";"Connection pool e HikariCP conceitual";"51974";"2026-07-10 15:00:45"
"320";"320_M13_10_MINI_PROJETO_JDBC_CRUD_OS_PARTE_1_OFICIAL.md";"# 320 - M13.10 - Mini projeto JDBC CRUD OS parte 1";"Mini projeto JDBC CRUD OS parte 1";"56322";"2026-07-10 14:22:02"
"321";"321_M13_11_MINI_PROJETO_JDBC_CRUD_OS_PARTE_2_OFICIAL.md";"# 321 - M13.11 - Mini projeto JDBC CRUD OS parte 2";"Mini projeto JDBC CRUD OS parte 2";"49183";"2026-07-10 14:26:23"
"322";"322_M13_12_FLYWAY_NA_PRATICA_COM_MAVEN_OFICIAL.md";"# 322 - M13.12 - Flyway na pratica com Maven";"Flyway na pratica com Maven";"46760";"2026-07-10 14:42:10"
"323";"323_M13_13_JPA_CONCEITOS_FUNDAMENTAIS_OFICIAL.md";"# 323 - M13.13 - JPA conceitos fundamentais";"JPA conceitos fundamentais";"51131";"2026-07-10 14:46:29"
"324";"324_M13_14_HIBERNATE_COMO_IMPLEMENTACAO_JPA_OFICIAL.md";"# 324 - M13.14 - Hibernate como implementacao JPA";"Hibernate como implementacao JPA";"44898";"2026-07-10 14:50:12"
"325";"325_M13_15_ENTITY_ID_GENERATEDVALUE_COLUMN_OFICIAL.md";"# 325 - M13.15 - Entity Id GeneratedValue Column";"Entity Id GeneratedValue Column";"43789";"2026-07-10 14:58:10"
"326";"326_M13_16_EMBEDDABLE_E_OBJETOS_DE_VALOR_PERSISTIDOS_OFICIAL.md";"# 326 - M13.16 - Embeddable e objetos de valor persistidos";"Embeddable e objetos de valor persistidos";"52028";"2026-07-10 15:02:03"
"327";"327_M13_17_ENTITYMANAGER_PERSIST_FIND_MERGE_REMOVE_OFICIAL.md";"# 327 - M13.17 - EntityManager persist find merge remove";"EntityManager persist find merge remove";"42110";"2026-07-10 15:05:06"
"328";"328_M13_18_CICLO_DE_VIDA_DA_ENTIDADE_OFICIAL.md";"# 328 - M13.18 - Ciclo de vida da entidade";"Ciclo de vida da entidade";"43719";"2026-07-10 15:35:48"
"329";"329_M13_19_PERSISTENCE_CONTEXT_E_IDENTIDADE_OFICIAL.md";"# 329 - M13.19 - Persistence context e identidade";"Persistence context e identidade";"47767";"2026-07-10 15:39:24"
"330";"330_M13_20_DIRTY_CHECKING_OFICIAL.md";"# 330 - M13.20 - Dirty checking";"Dirty checking";"45977";"2026-07-10 15:43:03"
"331";"331_M13_21_FLUSH_CLEAR_DETACH_E_REFRESH_OFICIAL.md";"# 331 - M13.21 - Flush clear detach e refresh";"Flush clear detach e refresh";"49598";"2026-07-10 16:02:30"
"332";"332_M13_22_RELACIONAMENTO_MANYTOONE_OFICIAL.md";"# 332 - M13.22 - Relacionamento ManyToOne";"Relacionamento ManyToOne";"50824";"2026-07-10 16:08:22"
"333";"333_M13_23_RELACIONAMENTO_ONETOMANY_OFICIAL.md";"# 333 - M13.23 - Relacionamento OneToMany";"Relacionamento OneToMany";"48549";"2026-07-10 16:16:53"
"334";"334_M13_24_MANYTOMANY_COM_CRITERIO_OFICIAL.md";"# 334 - M13.24 - ManyToMany com criterio";"ManyToMany com criterio";"46975";"2026-07-10 16:21:31"
"335";"335_M13_25_CASCADE_ORPHANREMOVAL_E_RESPONSABILIDADE_OFICIAL.md";"# 335 - M13.25 - Cascade OrphanRemoval e responsabilidade";"Cascade OrphanRemoval e responsabilidade";"46957";"2026-07-10 16:26:45"
"336";"336_M13_26_FETCH_LAZY_EAGER_E_PROXY_OFICIAL.md";"# 336 - M13.26 - Fetch lazy eager e proxy";"Fetch lazy eager e proxy";"45132";"2026-07-10 16:30:09"
"337";"337_M13_27_PROBLEMA_N_MAIS_UM_OFICIAL.md";"# 337 - M13.27 - Problema N mais um";"Problema N mais um";"44660";"2026-07-10 16:33:34"
"338";"338_M13_28_JPQL_SELECT_JOIN_FETCH_OFICIAL.md";"# 338 - M13.28 - JPQL select join fetch";"JPQL select join fetch";"46749";"2026-07-10 16:37:08"
"339";"339_M13_29_CRITERIA_API_E_SPECIFICATIONS_OFICIAL.md";"# 339 - M13.29 - Criteria API e Specifications";"Criteria API e Specifications";"55884";"2026-07-10 16:40:38"
"340";"340_M13_30_PROJECTIONS_DTO_INTERFACE_E_RECORD_OFICIAL.md";"# 340 - M13.30 - Projections DTO interface e record";"Projections DTO interface e record";"51751";"2026-07-10 16:45:57"
"341";"341_M13_31_PAGINACAO_E_ORDENACAO_COM_JPA_OFICIAL.md";"# 341 - M13.31 - Paginacao e ordenacao com JPA";"Paginacao e ordenacao com JPA";"50841";"2026-07-10 16:50:29"
"342";"342_M13_32_LOCK_OTIMISTA_OFICIAL.md";"# 342 - M13.32 - Lock otimista";"Lock otimista";"48237";"2026-07-10 16:55:06"
"343";"343_M13_33_LOCK_PESSIMISTA_OFICIAL.md";"# 343 - M13.33 - Lock pessimista";"Lock pessimista";"48917";"2026-07-10 16:59:18"
"344";"344_M13_34_AUDITORIA_CREATEDAT_UPDATEDAT_USUARIO_OFICIAL.md";"# 344 - M13.34 - Auditoria CreatedAt UpdatedAt usuario";"Auditoria CreatedAt UpdatedAt usuario";"46396";"2026-07-10 17:05:49"
"345";"345_M13_35_SPRING_DATA_REPOSITORY_CONCEITOS_OFICIAL.md";"# 345 - M13.35 - Spring Data Repository conceitos";"Spring Data Repository conceitos";"52121";"2026-07-10 17:11:32"
"346";"346_M13_36_QUERIES_DERIVADAS_OFICIAL.md";"# 346 - M13.36 - Queries derivadas";"Queries derivadas";"48602";"2026-07-10 17:15:54"
"347";"347_M13_37_QUERY_ANNOTATION_NATIVE_QUERY_E_JPQL_OFICIAL.md";"# 347 - M13.37 - Query annotation native query e JPQL";"Query annotation native query e JPQL";"51257";"2026-07-10 17:21:17"
"348";"348_M13_38_TRANSACOES_COM_SPRING_DATA_OFICIAL.md";"# 348 - M13.38 - Transacoes com Spring Data";"Transacoes com Spring Data";"53999";"2026-07-10 17:25:21"
"349";"349_M13_39_TESTES_DE_REPOSITORY_COM_TESTCONTAINERS_OFICIAL.md";"# 349 - M13.39 - Testes de Repository com Testcontainers";"Testes de Repository com Testcontainers";"51832";"2026-07-10 17:29:43"
"350";"350_M13_40_MIGRATIONS_INTEGRADAS_COM_PERSISTENCIA_OFICIAL.md";"# 350 - M13.40 - Migrations integradas com persistencia";"Migrations integradas com persistencia";"47218";"2026-07-10 17:36:14"
"351";"351_M13_41_PROJETO_PERSISTENCIA_OS_PARTE_1_OFICIAL.md";"# 351 - M13.41 - Projeto persistencia OS parte 1";"Projeto persistencia OS parte 1";"49323";"2026-07-10 17:39:39"
"352";"352_M13_42_PROJETO_PERSISTENCIA_OS_PARTE_2_OFICIAL.md";"# 352 - M13.42 - Projeto persistencia OS parte 2";"Projeto persistencia OS parte 2";"43492";"2026-07-10 17:43:13"
"353";"353_M13_43_REVISAO_TECNICA_JDBC_JPA_HIBERNATE_SPRING_DATA_OFICIAL.md";"# 353 - M13.43 - Revisao tecnica JDBC JPA Hibernate Spring Data";"Revisao tecnica JDBC JPA Hibernate Spring Data";"39760";"2026-07-10 17:46:59"
"354";"354_M13_44_PROVA_PRATICA_PERSISTENCIA_OFICIAL.md";"# 354 - M13.44 - Prova pratica persistencia";"Prova pratica persistencia";"40854";"2026-07-10 17:54:33"
"355";"355_M13_45_FECHAMENTO_DO_MODULO_13_PERSISTENCIA_JAVA_OFICIAL.md";"# 355 - M13.45 - Fechamento do Modulo 13 persistencia Java";"Fechamento do Modulo 13 persistencia Java";"38437";"2026-07-10 17:58:21"
"356";"356_M14_01_SPRING_BOOT_VISAO_GERAL_OFICIAL.md";"# 356 - M14.01 - Spring Boot visao geral";"Spring Boot visao geral";"42021";"2026-07-10 18:15:13"
"357";"357_M14_02_SPRING_INITIALIZR_E_ESTRUTURA_DO_PROJETO_OFICIAL.md";"# 357 - M14.02 - Spring Initializr e estrutura do projeto";"Spring Initializr e estrutura do projeto";"40359";"2026-07-10 18:27:26"
"358";"358_M14_03_MAIN_APPLICATION_E_AUTO_CONFIGURATION_OFICIAL.md";"# 358 - M14.03 - Main Application e auto configuration";"Main Application e auto configuration";"42517";"2026-07-10 18:27:15"
"359";"359_M14_04_APPLICATION_PROPERTIES_YAML_E_PROFILES_OFICIAL.md";"# 359 - M14.04 - Application properties YAML e profiles";"Application properties YAML e profiles";"48956";"2026-07-10 18:34:43"
"360";"360_M14_05_BEANS_COMPONENT_SERVICE_REPOSITORY_CONFIGURATION_OFICIAL.md";"# 360 - M14.05 - Beans Component Service Repository Configuration";"Beans Component Service Repository Configuration";"47381";"2026-07-10 18:49:01"
"361";"361_M14_06_INJECAO_DE_DEPENDENCIA_CONSTRUCTOR_INJECTION_OFICIAL.md";"# 361 - M14.06 - Injecao de dependencia constructor injection";"Injecao de dependencia constructor injection";"50418";"2026-07-10 18:59:04"
"362";"362_M14_07_CICLO_DE_VIDA_DE_BEANS_OFICIAL.md";"# 362 - M14.07 - Ciclo de vida de beans";"Ciclo de vida de beans";"48821";"2026-07-10 19:11:48"
"363";"363_M14_08_CONTROLLER_REST_PRIMEIROS_ENDPOINTS_OFICIAL.md";"# 363 - M14.08 - Controller REST primeiros endpoints";"Controller REST primeiros endpoints";"45747";"2026-07-10 19:18:30"
"364";"364_M14_09_HTTP_E_REST_DE_VERDADE_OFICIAL.md";"# 364 - M14.09 - HTTP e REST de verdade";"HTTP e REST de verdade";"43650";"2026-07-10 19:56:37"
"365";"365_M14_10_REQUEST_BODY_PATHVARIABLE_REQUESTPARAM_OFICIAL.md";"# 365 - M14.10 - Request body PathVariable RequestParam";"Request body PathVariable RequestParam";"45774";"2026-07-10 20:04:33"
"366";"366_M14_11_RESPONSEENTITY_STATUS_HEADERS_BODY_OFICIAL.md";"# 366 - M14.11 - ResponseEntity status headers body";"ResponseEntity status headers body";"47316";"2026-07-10 20:29:00"
"367";"367_M14_12_DTO_REQUEST_RESPONSE_OFICIAL.md";"# 367 - M14.12 - DTO request response";"DTO request response";"47871";"2026-07-10 20:38:55"
"368";"368_M14_13_MAPPERS_MANUAIS_OFICIAL.md";"# 368 - M14.13 - Mappers manuais";"Mappers manuais";"47687";"2026-07-10 21:00:59"
"369";"369_M14_14_BEAN_VALIDATION_OFICIAL.md";"# 369 - M14.14 - Bean Validation";"Bean Validation";"48700";"2026-07-10 21:08:56"
"370";"370_M14_15_VALIDACOES_CUSTOMIZADAS_OFICIAL.md";"# 370 - M14.15 - Validacoes customizadas";"Validacoes customizadas";"49109";"2026-07-10 21:29:39"
"371";"371_M14_16_SERVICE_LAYER_USE_CASES_E_TRANSACOES_OFICIAL.md";"# 371 - M14.16 - Service layer use cases e transacoes";"Service layer use cases e transacoes";"49691";"2026-07-10 21:39:01"
"372";"372_M14_17_REPOSITORY_LAYER_SPRING_DATA_OFICIAL.md";"# 372 - M14.17 - Repository layer Spring Data";"Repository layer Spring Data";"49244";"2026-07-10 21:59:06"
"373";"373_M14_18_EXCEPTION_HANDLER_GLOBAL_OFICIAL.md";"# 373 - M14.18 - Exception Handler global";"Exception Handler global";"45349";"2026-07-10 22:13:38"
"374";"374_M14_19_PROBLEM_DETAILS_E_PADRAO_DE_ERRO_OFICIAL.md";"# 374 - M14.19 - Problem Details e padrao de erro";"Problem Details e padrao de erro";"46753";"2026-07-10 22:26:21"
"375";"375_M14_20_CRUD_COMPLETO_PARTE_1_OFICIAL.md";"# 375 - M14.20 - CRUD completo parte 1";"CRUD completo parte 1";"42464";"2026-07-10 22:30:50"
"376";"376_M14_21_CRUD_COMPLETO_PARTE_2_OFICIAL.md";"# 376 - M14.21 - CRUD completo parte 2";"CRUD completo parte 2";"45745";"2026-07-10 22:58:07"
"377";"377_M14_22_PUT_VS_PATCH_OFICIAL.md";"# 377 - M14.22 - PUT vs PATCH";"PUT vs PATCH";"45469";"2026-07-10 23:05:18"
"378";"378_M14_23_PAGINACAO_E_ORDENACAO_EM_API_OFICIAL.md";"# 378 - M14.23 - Paginacao e ordenacao em API";"Paginacao e ordenacao em API";"43363";"2026-07-10 23:13:15"
"379";"379_M14_24_FILTROS_DINAMICOS_E_SPECIFICATIONS_OFICIAL.md";"# 379 - M14.24 - Filtros dinamicos e Specifications";"Filtros dinamicos e Specifications";"48690";"2026-07-10 23:26:53"
"380";"380_M14_25_OPENAPI_SWAGGER_OFICIAL.md";"# 380 - M14.25 - OpenAPI Swagger";"OpenAPI Swagger";"48187";"2026-07-10 23:32:35"
"381";"381_M14_26_OPENAPI_CONTRACT_FIRST_E_GOVERNANCA_DE_CONTRATO_OFICIAL.md";"# 381 - M14.26 - OpenAPI contract first e governanca de contrato";"OpenAPI contract first e governanca de contrato";"46322";"2026-07-10 23:42:47"
"382";"382_M14_27_VERSIONAMENTO_DE_APIS_COMPATIBILIDADE_E_DEPRECIACAO_OFICIAL.md";"# 382 - M14.27 - Versionamento de APIs compatibilidade e depreciacao";"Versionamento de APIs compatibilidade e depreciacao";"43399";"2026-07-10 23:58:30"
"383";"383_M14_28_PROFILES_POR_AMBIENTE_E_CONFIGURACAO_SEGURA_OFICIAL.md";"# 383 - M14.28 - Profiles por ambiente e configuracao segura";"Profiles por ambiente e configuracao segura";"44428";"2026-07-11 00:07:46"
"384";"384_M14_29_LOGGING_EM_APIS_OFICIAL.md";"# 384 - M14.29 - Logging em APIs";"Logging em APIs";"45605";"2026-07-11 00:43:15"
"385";"385_M14_30_FILTERS_E_INTERCEPTORS_OFICIAL.md";"# 385 - M14.30 - Filters e interceptors";"Filters e interceptors";"46686";"2026-07-11 00:50:52"
"386";"386_M14_31_EVENTOS_INTERNOS_SPRING_OFICIAL.md";"# 386 - M14.31 - Eventos internos Spring";"Eventos internos Spring";"48407";"2026-07-11 00:59:18"
"387";"387_M14_32_ASYNC_NO_SPRING_OFICIAL.md";"# 387 - M14.32 - Async no Spring";"Async no Spring";"46282";"2026-07-11 01:10:42"
"388";"388_M14_33_CACHE_COM_SPRING_REDIS_OFICIAL.md";"# 388 - M14.33 - Cache com Spring Redis";"Cache com Spring Redis";"42680";"2026-07-11 12:24:43"
"389";"389_M14_34_RATE_LIMITING_OFICIAL.md";"# 389 - M14.34 - Rate limiting";"Rate limiting";"46422";"2026-07-11 12:33:22"
"390";"390_M14_35_UPLOAD_DOWNLOAD_OFICIAL.md";"# 390 - M14.35 - Upload download";"Upload download";"46941";"2026-07-11 12:53:05"
"391";"391_M14_36_SCHEDULER_OFICIAL.md";"# 391 - M14.36 - Scheduler";"Scheduler";"46301";"2026-07-11 13:02:51"
"392";"392_M14_37_EMAIL_E_NOTIFICACAO_SIMPLES_OFICIAL.md";"# 392 - M14.37 - Email e notificação simples";"Email e notificação simples";"46738";"2026-07-11 13:12:26"
"393";"393_M14_38_TESTES_DE_CONTROLLER_COM_MOCKMVC_OFICIAL.md";"# 393 - M14.38 - Testes de controller com MockMvc";"Testes de controller com MockMvc";"41646";"2026-07-11 13:16:04"
"394";"394_M14_39_TESTES_DE_SERVICE_EM_SPRING_OFICIAL.md";"# 394 - M14.39 - Testes de service em Spring";"Testes de service em Spring";"42026";"2026-07-11 13:22:05"
"395";"395_M14_40_TESTES_DE_INTEGRACAO_SPRING_COM_TESTCONTAINERS_OFICIAL.md";"# 395 - M14.40 - Testes de integração Spring com Testcontainers";"Testes de integração Spring com Testcontainers";"42029";"2026-07-11 13:38:17"
"396";"396_M14_41_TESTES_DE_CONTRATO_INTRODUCAO_OFICIAL.md";"# 396 - M14.41 - Testes de contrato introdução";"Testes de contrato introdução";"43159";"2026-07-11 13:42:57"
"397";"397_M14_42_OBSERVABILIDADE_INICIAL_COM_ACTUATOR_OFICIAL.md";"# 397 - M14.42 - Observabilidade inicial com Actuator";"Observabilidade inicial com Actuator";"40018";"2026-07-11 13:55:06"
"398";"398_M14_43_HEALTH_READINESS_LIVENESS_OFICIAL.md";"# 398 - M14.43 - Health readiness liveness";"Health readiness liveness";"42647";"2026-07-12 15:15:27"
"399";"399_M14_44_DOCKERIZANDO_API_SPRING_OFICIAL.md";"# 399 - M14.44 - Dockerizando API Spring";"Dockerizando API Spring";"43120";"2026-07-11 14:09:14"
"400";"400_M14_45_COMPOSE_API_POSTGRESQL_REDIS_OFICIAL.md";"# 400 - M14.45 - Compose API PostgreSQL Redis";"Compose API PostgreSQL Redis";"43083";"2026-07-11 14:14:44"
"401";"401_M14_46_COLECAO_POSTMAN_INSOMNIA_PROFISSIONAL_OFICIAL.md";"# 401 - M14.46 - Coleção Postman/Insomnia profissional";"Coleção Postman/Insomnia profissional";"43307";"2026-07-11 14:20:18"
"402";"402_M14_47_DOCUMENTACAO_TECNICA_DA_API_OFICIAL.md";"# 402 - M14.47 - Documentação técnica da API";"Documentação técnica da API";"37480";"2026-07-11 14:23:04"
"403";"403_M14_48_ERROS_COMUNS_EM_API_REST_OFICIAL.md";"# 403 - M14.48 - Erros comuns em API REST";"Erros comuns em API REST";"34838";"2026-07-11 14:25:51"
"404";"404_M14_49_CHECKLIST_DE_PRODUCAO_INICIAL_OFICIAL.md";"# 404 - M14.49 - Checklist de produção inicial";"Checklist de produção inicial";"41194";"2026-07-11 14:30:00"
"405";"405_M14_50_PROJETO_API_OS_PARTE_1_DOMINIO_E_CRUD_OFICIAL.md";"# 405 - M14.50 - Projeto API OS parte 1 dominio e CRUD";"Projeto API OS parte 1 dominio e CRUD";"52972";"2026-07-11 14:35:41"
"406";"406_M14_51_PROJETO_API_OS_PARTE_2_VALIDACOES_E_ERROS_OFICIAL.md";"# 406 - M14.51 - Projeto API OS parte 2 validacoes e erros";"Projeto API OS parte 2 validacoes e erros";"47051";"2026-07-11 14:39:15"
"407";"407_M14_52_PROJETO_API_OS_PARTE_3_PERSISTENCIA_E_FILTROS_OFICIAL.md";"# 407 - M14.52 - Projeto API OS parte 3 persistencia e filtros";"Projeto API OS parte 3 persistencia e filtros";"50149";"2026-07-11 14:43:29"
"408";"408_M14_53_PROJETO_API_OS_PARTE_4_TESTES_E_DOCUMENTACAO_OFICIAL.md";"# 408 - M14.53 - Projeto API OS parte 4 testes e documentacao";"Projeto API OS parte 4 testes e documentacao";"42973";"2026-07-11 14:49:13"
"409";"409_M14_54_REVISAO_TECNICA_SPRING_BOOT_APIS_OFICIAL.md";"# 409 - M14.54 - Revisao tecnica Spring Boot APIs";"Revisao tecnica Spring Boot APIs";"38849";"2026-07-11 14:52:30"
"410";"410_M14_55_FECHAMENTO_DO_MODULO_14_SPRING_BOOT_OFICIAL.md";"# 410 - M14.55 - Fechamento do Modulo 14 Spring Boot";"Fechamento do Modulo 14 Spring Boot";"35417";"2026-07-11 14:55:43"
"411";"411_M15_01_FUNDAMENTOS_SEGURANCA_WEB_OFICIAL.md";"# 411 - M15.01 - Fundamentos seguranca web";"Fundamentos seguranca web";"40427";"2026-07-11 15:55:28"
"412";"412_M15_02_THREAT_MODELING_INICIAL_OFICIAL.md";"# 412 - M15.02 - Threat modeling inicial";"Threat modeling inicial";"35989";"2026-07-11 15:58:57"
"413";"413_M15_03_OWASP_TOP_10_APLICADO_OFICIAL.md";"# 413 - M15.03 - OWASP Top 10 aplicado";"OWASP Top 10 aplicado";"40493";"2026-07-11 16:03:53"
"414";"414_M15_04_CORS_PROFUNDO_OFICIAL.md";"# 414 - M15.04 - CORS profundo";"CORS profundo";"50663";"2026-07-11 16:09:59"
"415";"415_M15_05_CSRF_QUANDO_IMPORTA_EM_APIS_OFICIAL.md";"# 415 - M15.05 - CSRF quando importa em APIs";"CSRF quando importa em APIs";"41506";"2026-07-11 16:14:47"
"416";"416_M15_06_SECURITY_HEADERS_OFICIAL.md";"# 416 - M15.06 - Security headers";"Security headers";"51657";"2026-07-11 16:24:29"
"417";"417_M15_07_HASH_DE_SENHA_BCRYPT_ARGON2_CONCEITUAL_OFICIAL.md";"# 417 - M15.07 - Hash de senha BCrypt Argon2 conceitual";"Hash de senha BCrypt Argon2 conceitual";"39103";"2026-07-11 17:06:35"
"418";"418_M15_08_SPRING_SECURITY_ARQUITETURA_OFICIAL.md";"# 418 - M15.08 - Spring Security arquitetura";"Spring Security arquitetura";"50992";"2026-07-11 17:12:53"
"419";"419_M15_09_SECURITYFILTERCHAIN_OFICIAL.md";"# 419 - M15.09 - SecurityFilterChain";"SecurityFilterChain";"56845";"2026-07-11 17:18:33"
"420";"420_M15_10_LOGIN_BASICO_USUARIO_EM_MEMORIA_OFICIAL.md";"# 420 - M15.10 - Login basico usuario em memoria";"Login basico usuario em memoria";"52486";"2026-07-11 17:28:01"
"421";"421_M15_11_AUTENTICACAO_COM_BANCO_OFICIAL.md";"# 421 - M15.11 - Autenticacao com banco";"Autenticacao com banco";"54481";"2026-07-11 17:36:27"
"422";"422_M15_12_JWT_CONCEITOS_HEADER_PAYLOAD_SIGNATURE_OFICIAL.md";"# 422 - M15.12 - JWT conceitos header payload signature";"JWT conceitos header payload signature";"45490";"2026-07-11 17:48:12"
"423";"423_M15_13_JWT_IMPLEMENTACAO_LOGIN_OFICIAL.md";"# 423 - M15.13 - JWT implementacao login";"JWT implementacao login";"56336";"2026-07-11 17:54:15"
"424";"424_M15_14_VALIDACAO_DE_TOKEN_E_FILTROS_OFICIAL.md";"# 424 - M15.14 - Validacao de token e filtros";"Validacao de token e filtros";"47240";"2026-07-11 18:14:51"
"425";"425_M15_15_REFRESH_TOKEN_OFICIAL.md";"# 425 - M15.15 - Refresh token";"Refresh token";"46871";"2026-07-11 18:22:39"
"426";"426_M15_16_ROLES_AUTHORITIES_E_PERMISSOES_OFICIAL.md";"# 426 - M15.16 - Roles authorities e permissoes";"Roles authorities e permissoes";"45676";"2026-07-11 18:26:24"
"427";"427_M15_17_METHOD_SECURITY_OFICIAL.md";"# 427 - M15.17 - Method Security";"Method Security";"41213";"2026-07-11 18:49:04"
"428";"428_M15_18_AUTORIZACAO_POR_REGRA_DE_NEGOCIO_OFICIAL.md";"# 428 - M15.18 - Autorizacao por regra de negocio";"Autorizacao por regra de negocio";"49555";"2026-07-11 18:55:46"
"429";"429_M15_19_ERROS_DE_AUTENTICACAO_E_AUTORIZACAO_OFICIAL.md";"# 429 - M15.19 - Erros de autenticacao e autorizacao";"Erros de autenticacao e autorizacao";"48174";"2026-07-11 19:03:34"
"430";"430_M15_20_AUDITORIA_DE_ACOES_SENSIVEIS_OFICIAL.md";"# 430 - M15.20 - Auditoria de acoes sensiveis";"Auditoria de acoes sensiveis";"50466";"2026-07-11 19:12:08"
"431";"431_M15_21_SECRETS_MANAGEMENT_OFICIAL.md";"# 431 - M15.21 - Secrets management";"Secrets management";"44590";"2026-07-11 19:18:06"
"432";"432_M15_22_OAUTH2_FUNDAMENTOS_OFICIAL.md";"# 432 - M15.22 - OAuth2 fundamentos";"OAuth2 fundamentos";"43281";"2026-07-11 19:24:30"
"433";"433_M15_23_OPENID_CONNECT_OFICIAL.md";"# 433 - M15.23 - OpenID Connect";"OpenID Connect";"40437";"2026-07-11 19:29:48"
"434";"434_M15_24_PKCE_OFICIAL.md";"# 434 - M15.24 - PKCE";"PKCE";"43477";"2026-07-11 19:34:30"
"435";"435_M15_25_KEYCLOAK_AMBIENTE_LOCAL_OFICIAL.md";"# 435 - M15.25 - Keycloak ambiente local";"Keycloak ambiente local";"43480";"2026-07-11 19:41:25"
"436";"436_M15_26_LOGIN_COM_KEYCLOAK_OFICIAL.md";"# 436 - M15.26 - Login com Keycloak";"Login com Keycloak";"47829";"2026-07-11 19:48:09"
"437";"437_M15_27_MULTI_TENANCY_SEGURANCA_OFICIAL.md";"# 437 - M15.27 - Multi tenancy seguranca";"Multi tenancy seguranca";"47019";"2026-07-11 19:59:58"
"438";"438_M15_28_LGPD_PARA_BACKEND_OFICIAL.md";"# 438 - M15.28 - LGPD para backend";"LGPD para backend";"48890";"2026-07-11 20:23:53"
"439";"439_M15_29_RATE_LIMITING_SEGURANCA_OFICIAL.md";"# 439 - M15.29 - Rate limiting seguranca";"Rate limiting seguranca";"48055";"2026-07-11 20:29:59"
"440";"440_M15_30_PROTECAO_CONTRA_MASS_ASSIGNMENT_OFICIAL.md";"# 440 - M15.30 - Protecao contra mass assignment";"Protecao contra mass assignment";"45304";"2026-07-11 20:36:14"
"441";"441_M15_31_SEGURANCA_EM_DTOS_E_LOGS_OFICIAL.md";"# 441 - M15.31 - Seguranca em DTOs e logs";"Seguranca em DTOs e logs";"45666";"2026-07-11 20:52:58"
"442";"442_M15_32_VULNERABILIDADES_EM_DEPENDENCIAS_OFICIAL.md";"# 442 - M15.32 - Vulnerabilidades em dependencias";"Vulnerabilidades em dependencias";"42729";"2026-07-11 21:07:17"
"443";"443_M15_33_TESTES_DE_SEGURANCA_OFICIAL.md";"# 443 - M15.33 - Testes de seguranca";"Testes de seguranca";"43846";"2026-07-11 22:16:31"
"444";"444_M15_34_TESTES_DE_AUTORIZACAO_OFICIAL.md";"# 444 - M15.34 - Testes de autorizacao";"Testes de autorizacao";"45881";"2026-07-11 22:26:27"
"445";"445_M15_35_HARDENING_DE_API_OFICIAL.md";"# 445 - M15.35 - Hardening de API";"Hardening de API";"47678";"2026-07-11 22:34:36"
"446";"446_M15_36_CHECKLIST_SEGURANCA_EM_PR_OFICIAL.md";"# 446 - M15.36 - Checklist seguranca em PR";"Checklist seguranca em PR";"41493";"2026-07-11 22:44:05"
"447";"447_M15_37_PROJETO_API_SEGURA_PARTE_1_OFICIAL.md";"# 447 - M15.37 - Projeto API segura parte 1";"Projeto API segura parte 1";"49498";"2026-07-11 22:57:49"
"448";"448_M15_38_PROJETO_API_SEGURA_PARTE_2_OFICIAL.md";"# 448 - M15.38 - Projeto API segura parte 2";"Projeto API segura parte 2";"45584";"2026-07-11 23:12:52"
"449";"449_M15_39_PROJETO_API_SEGURA_PARTE_3_OFICIAL.md";"# 449 - M15.39 - Projeto API segura parte 3";"Projeto API segura parte 3";"42864";"2026-07-11 23:21:22"
"450";"450_M15_40_REVISAO_SEGURANCA_PARTE_1_OFICIAL.md";"# 450 - M15.40 - Revisao seguranca parte 1";"Revisao seguranca parte 1";"37304";"2026-07-11 23:25:22"
"451";"451_M15_41_REVISAO_SEGURANCA_PARTE_2_OFICIAL.md";"# 451 - M15.41 - Revisao seguranca parte 2";"Revisao seguranca parte 2";"40744";"2026-07-11 23:29:05"
"452";"452_M15_42_PROVA_PRATICA_SEGURANCA_OFICIAL.md";"# 452 - M15.42 - Prova pratica seguranca";"Prova pratica seguranca";"38673";"2026-07-11 23:44:53"
"453";"453_M15_43_REFATORACAO_FINAL_SEGURANCA_OFICIAL.md";"# 453 - M15.43 - Refatoracao final seguranca";"Refatoracao final seguranca";"46049";"2026-07-11 23:55:04"
"454";"454_M15_44_AULA_ENSINAVEL_SEGURANCA_OFICIAL.md";"# 454 - M15.44 - Aula ensinavel seguranca";"Aula ensinavel seguranca";"39461";"2026-07-12 00:00:47"
"455";"455_M15_45_FECHAMENTO_DO_MODULO_15_OFICIAL.md";"# 455 - M15.45 - Fechamento do Modulo 15";"Fechamento do Modulo 15";"37491";"2026-07-12 00:11:33"
"456";"456_M16_01_INTEGRACOES_HTTP_ENTRE_SISTEMAS_OFICIAL.md";"# 456 - M16.01 - Integracoes HTTP entre sistemas";"Integracoes HTTP entre sistemas";"43645";"2026-07-12 00:22:22"
"457";"457_M16_02_RESTCLIENT_OFICIAL.md";"# 457 - M16.02 - RestClient";"RestClient";"49667";"2026-07-12 00:33:41"
"458";"458_M16_03_WEBCLIENT_OFICIAL.md";"# 458 - M16.03 - WebClient";"WebClient";"52378";"2026-07-12 00:44:52"
"459";"459_M16_04_TIMEOUTS_OFICIAL.md";"# 459 - M16.04 - Timeouts";"Timeouts";"45116";"2026-07-12 00:49:12"
"460";"460_M16_05_RETRY_COM_BACKOFF_OFICIAL.md";"# 460 - M16.05 - Retry com backoff";"Retry com backoff";"46277";"2026-07-12 00:54:16"
"461";"461_M16_06_CIRCUIT_BREAKER_OFICIAL.md";"# 461 - M16.06 - Circuit breaker";"Circuit breaker";"47562";"2026-07-12 00:59:28"
"462";"462_M16_07_BULKHEAD_E_ISOLAMENTO_OFICIAL.md";"# 462 - M16.07 - Bulkhead e isolamento";"Bulkhead e isolamento";"46444";"2026-07-12 01:04:51"
"463";"463_M16_08_FALLBACK_OFICIAL.md";"# 463 - M16.08 - Fallback";"Fallback";"49715";"2026-07-12 01:17:47"
"464";"464_M16_09_IDEMPOTENCIA_EM_APIS_OFICIAL.md";"# 464 - M16.09 - Idempotencia em APIs";"Idempotencia em APIs";"39663";"2026-07-12 01:37:19"
"465";"465_M16_10_WEBHOOKS_OFICIAL.md";"# 465 - M16.10 - Webhooks";"Webhooks";"42926";"2026-07-12 06:18:07"
"466";"466_M16_11_SOAP_CONCEITUAL_OFICIAL.md";"# 466 - M16.11 - SOAP conceitual";"SOAP conceitual";"40823";"2026-07-12 06:26:37"
"467";"467_M16_12_XML_OFICIAL.md";"# 467 - M16.12 - XML";"XML";"45659";"2026-07-12 11:06:18"
"468";"468_M16_13_CSV_E_ARQUIVOS_DE_INTEGRACAO_OFICIAL.md";"# 468 - M16.13 - CSV e arquivos de integracao";"CSV e arquivos de integracao";"46774";"2026-07-12 11:27:49"
"469";"469_M16_14_SFTP_OFICIAL.md";"# 469 - M16.14 - SFTP";"SFTP";"45017";"2026-07-12 12:04:10"
"470";"470_M16_15_JOBS_BATCH_OFICIAL.md";"# 470 - M16.15 - Jobs batch";"Jobs batch";"48055";"2026-07-12 12:03:43"
"471";"471_M16_16_UPLOAD_DOWNLOAD_EM_INTEGRACOES_OFICIAL.md";"# 471 - M16.16 - Upload download em integracoes";"Upload download em integracoes";"47941";"2026-07-12 12:19:06"
"472";"472_M16_17_CONTRATOS_DE_INTEGRACAO_OFICIAL.md";"# 472 - M16.17 - Contratos de integracao";"Contratos de integracao";"44814";"2026-07-12 13:08:02"
"473";"473_M16_18_WIREMOCK_APLICADO_OFICIAL.md";"# 473 - M16.18 - WireMock aplicado";"WireMock aplicado";"45719";"2026-07-12 13:25:57"
"474";"474_M16_19_TESTES_DE_CONTRATO_OFICIAL.md";"# 474 - M16.19 - Testes de contrato";"Testes de contrato";"45622";"2026-07-12 13:52:21"
"475";"475_M16_20_RABBITMQ_FUNDAMENTOS_OFICIAL.md";"# 475 - M16.20 - RabbitMQ fundamentos";"RabbitMQ fundamentos";"49362";"2026-07-12 14:54:08"
"476";"476_M16_21_EXCHANGES_QUEUES_BINDINGS_OFICIAL.md";"# 476 - M16.21 - Exchanges queues bindings";"Exchanges queues bindings";"49573";"2026-07-12 15:08:03"
"477";"477_M16_22_PRODUCERS_CONSUMERS_OFICIAL.md";"# 477 - M16.22 - Producers consumers";"Producers consumers";"48097";"2026-07-12 15:20:14"
"478";"478_M16_23_RETRY_E_DLQ_RABBITMQ_OFICIAL.md";"# 478 - M16.23 - Retry e DLQ RabbitMQ";"Retry e DLQ RabbitMQ";"46617";"2026-07-12 15:25:14"
"479";"479_M16_24_KAFKA_FUNDAMENTOS_OFICIAL.md";"# 479 - M16.24 - Kafka fundamentos";"Kafka fundamentos";"38594";"2026-07-12 15:30:00"
"480";"480_M16_25_TOPICS_PARTITIONS_OFFSETS_OFICIAL.md";"# 480 - M16.25 - Topics partitions offsets";"Topics partitions offsets";"40165";"2026-07-12 15:33:27"
"481";"481_M16_26_CONSUMERS_PRODUCERS_KAFKA_OFICIAL.md";"# 481 - M16.26 - Consumers producers Kafka";"Consumers producers Kafka";"55250";"2026-07-12 15:38:21"
"482";"482_M16_27_RABBITMQ_VS_KAFKA_OFICIAL.md";"# 482 - M16.27 - RabbitMQ vs Kafka";"RabbitMQ vs Kafka";"37855";"2026-07-12 15:41:02"
"483";"483_M16_28_EVENTOS_DE_DOMINIO_OFICIAL.md";"# 483 - M16.28 - Eventos de domínio";"Eventos de domínio";"42752";"2026-07-12 15:43:39"
"484";"484_M16_29_SCHEMA_EVOLUTION_OFICIAL.md";"# 484 - M16.29 - Schema evolution";"Schema evolution";"39885";"2026-07-12 15:47:03"
"485";"485_M16_30_SCHEMA_REGISTRY_CONCEITUAL_OFICIAL.md";"# 485 - M16.30 - Schema Registry conceitual";"Schema Registry conceitual";"40002";"2026-07-12 15:50:56"
"486";"486_M16_31_POISON_MESSAGE_OFICIAL.md";"# 486 - M16.31 - Poison message";"Poison message";"50616";"2026-07-12 15:57:02"
"487";"487_M16_32_DEDUPLICACAO_OFICIAL.md";"# 487 - M16.32 - Deduplicação";"Deduplicação";"44520";"2026-07-12 16:02:15"
"488";"488_M16_33_OUTBOX_PATTERN_OFICIAL.md";"# 488 - M16.33 - Outbox Pattern";"Outbox Pattern";"48330";"2026-07-12 16:08:32"
"489";"489_M16_34_INBOX_PATTERN_OFICIAL.md";"# 489 - M16.34 - Inbox Pattern";"Inbox Pattern";"45602";"2026-07-12 16:13:03"
"490";"490_M16_35_SAGA_CONCEITUAL_OFICIAL.md";"# 490 - M16.35 - Saga conceitual";"Saga conceitual";"43087";"2026-07-12 16:17:06"
"491";"491_M16_36_CDC_CONCEITUAL_OFICIAL.md";"# 491 - M16.36 - CDC conceitual";"CDC conceitual";"40598";"2026-07-12 16:26:38"
"492";"492_M16_37_REPROCESSAMENTO_SEGURO_OFICIAL.md";"# 492 - M16.37 - Reprocessamento seguro";"Reprocessamento seguro";"44147";"2026-07-12 16:30:20"
"493";"493_M16_38_LOGS_DE_CORRELACAO_EM_INTEGRACOES_OFICIAL.md";"# 493 - M16.38 - Logs de correlacao em integracoes";"Logs de correlacao em integracoes";"52476";"2026-07-12 16:35:50"
"494";"494_M16_39_MONITORAMENTO_DE_INTEGRACOES_OFICIAL.md";"# 494 - M16.39 - Monitoramento de integracoes";"Monitoramento de integracoes";"50555";"2026-07-12 16:45:43"
"495";"495_M16_40_MICROSSERVICOS_VS_MONOLITO_MODULAR_OFICIAL.md";"# 495 - M16.40 - Microsservicos vs monolito modular";"Microsservicos vs monolito modular";"44246";"2026-07-12 16:55:35"
"496";"496_M16_41_PROJETO_MENSAGERIA_OS_PARTE_1_OFICIAL.md";"# 496 - M16.41 - Projeto mensageria OS parte 1";"Projeto mensageria OS parte 1";"45046";"2026-07-12 16:59:23"
"497";"497_M16_42_PROJETO_MENSAGERIA_OS_PARTE_2_OFICIAL.md";"# 497 - M16.42 - Projeto mensageria OS parte 2";"Projeto mensageria OS parte 2";"54928";"2026-07-12 17:08:35"
"498";"498_M16_43_PROJETO_MENSAGERIA_OS_PARTE_3_OFICIAL.md";"# 498 - M16.43 - Projeto mensageria OS parte 3";"Projeto mensageria OS parte 3";"50751";"2026-07-12 17:19:57"
"499";"499_M16_44_PROJETO_INTEGRACAO_API_EXTERNA_FAKE_OFICIAL.md";"# 499 - M16.44 - Projeto integracao API externa fake";"Projeto integracao API externa fake";"51113";"2026-07-12 17:24:41"
"500";"500_M16_45_REVISAO_INTEGRACOES_PARTE_1_OFICIAL.md";"# 500 - M16.45 - Revisao integracoes parte 1";"Revisao integracoes parte 1";"37252";"2026-07-12 17:28:14"
"501";"501_M16_46_REVISAO_INTEGRACOES_PARTE_2_OFICIAL.md";"# 501 - M16.46 - Revisao integracoes parte 2";"Revisao integracoes parte 2";"42223";"2026-07-12 17:38:09"
"502";"502_M16_47_PROVA_PRATICA_INTEGRACOES_OFICIAL.md";"# 502 - M16.47 - Prova pratica integracoes";"Prova pratica integracoes";"36032";"2026-07-12 17:50:04"
"503";"503_M16_48_REFATORACAO_FINAL_INTEGRACOES_OFICIAL.md";"# 503 - M16.48 - Refatoracao final integracoes";"Refatoracao final integracoes";"44029";"2026-07-12 17:53:33"
"504";"504_M16_49_AULA_ENSINAVEL_INTEGRACOES_OFICIAL.md";"# 504 - M16.49 - Aula ensinavel integracoes";"Aula ensinavel integracoes";"34678";"2026-07-12 17:57:37"
"505";"505_M16_50_FECHAMENTO_DO_MODULO_16_OFICIAL.md";"# 505 - M16.50 - Fechamento do Modulo 16";"Fechamento do Modulo 16";"35568";"2026-07-12 18:00:57"
"506";"506_M17_01_DOCKER_REVISAO_PARA_SPRING_BOOT_OFICIAL.md";"# 506 - M17.01 - Docker revisao para Spring Boot";"Docker revisao para Spring Boot";"34467";"2026-07-12 18:04:49"
"507";"507_M17_02_DOCKERFILE_MULTI_STAGE_AVANCADO_OFICIAL.md";"# 507 - M17.02 - Dockerfile multi stage avancado";"Dockerfile multi stage avancado";"36255";"2026-07-12 18:07:55"
"508";"508_M17_03_IMAGEM_SEGURA_E_USUARIO_NAO_ROOT_OFICIAL.md";"# 508 - M17.03 - Imagem segura e usuario nao root";"Imagem segura e usuario nao root";"38722";"2026-07-12 18:12:06"
"509";"509_M17_04_DOCKER_COMPOSE_PARA_API_COMPLETA_OFICIAL.md";"# 509 - M17.04 - Docker Compose para API completa";"Docker Compose para API completa";"40520";"2026-07-12 18:20:15"
"510";"510_M17_05_VARIAVEIS_SECRETS_E_CONFIGURACAO_OFICIAL.md";"# 510 - M17.05 - Variaveis secrets e configuracao";"Variaveis secrets e configuracao";"44484";"2026-07-12 18:23:29"
"511";"511_M17_06_HEALTHCHECK_EM_CONTAINERS_OFICIAL.md";"# 511 - M17.06 - Healthcheck em containers";"Healthcheck em containers";"43403";"2026-07-12 18:28:49"
"512";"512_M17_07_RELEASE_STRATEGY_FUNDAMENTOS_OFICIAL.md";"# 512 - M17.07 - Release strategy fundamentos";"Release strategy fundamentos";"37358";"2026-07-12 18:31:33"
"513";"513_M17_08_FEATURE_FLAGS_OFICIAL.md";"# 513 - M17.08 - Feature flags";"Feature flags";"41436";"2026-07-12 18:35:12"
"514";"514_M17_09_BLUE_GREEN_DEPLOYMENT_OFICIAL.md";"# 514 - M17.09 - Blue green deployment";"Blue green deployment";"42417";"2026-07-12 18:50:40"
"515";"515_M17_10_CANARY_DEPLOYMENT_OFICIAL.md";"# 515 - M17.10 - Canary deployment";"Canary deployment";"41924";"2026-07-12 18:56:06"
"516";"516_M17_11_ROLLBACK_SEGURO_OFICIAL.md";"# 516 - M17.11 - Rollback seguro";"Rollback seguro";"38014";"2026-07-12 18:59:49"
"517";"517_M17_12_DEPLOY_COM_MIGRACAO_SEM_DOWNTIME_OFICIAL.md";"# 517 - M17.12 - Deploy com migracao sem downtime";"Deploy com migracao sem downtime";"40668";"2026-07-12 19:10:15"
"518";"518_M17_13_CI_CD_PROFISSIONAL_VISAO_GERAL_OFICIAL.md";"# 518 - M17.13 - CI CD profissional visao geral";"CI CD profissional visao geral";"40355";"2026-07-12 19:15:24"
"519";"519_M17_14_GITHUB_ACTIONS_WORKFLOWS_OFICIAL.md";"# 519 - M17.14 - GitHub Actions workflows";"GitHub Actions workflows";"41102";"2026-07-12 19:21:30"
"520";"520_M17_15_PIPELINE_MAVEN_OFICIAL.md";"# 520 - M17.15 - Pipeline Maven";"Pipeline Maven";"42192";"2026-07-12 19:25:26"
"521";"521_M17_16_PIPELINE_TESTES_COBERTURA_QUALITY_GATE_OFICIAL.md";"# 521 - M17.16 - Pipeline testes cobertura quality gate";"Pipeline testes cobertura quality gate";"39939";"2026-07-12 19:33:12"
"522";"522_M17_17_PIPELINE_DOCKER_BUILD_PUSH_OFICIAL.md";"# 522 - M17.17 - Pipeline Docker build push";"Pipeline Docker build push";"42922";"2026-07-12 19:44:19"
"523";"523_M17_18_REGISTRY_GITHUB_CONTAINER_REGISTRY_OFICIAL.md";"# 523 - M17.18 - Registry GitHub Container Registry";"Registry GitHub Container Registry";"43808";"2026-07-12 19:52:13"
"524";"524_M17_19_SECRETS_EM_PIPELINE_OFICIAL.md";"# 524 - M17.19 - Secrets em pipeline";"Secrets em pipeline";"42082";"2026-07-12 19:56:07"
"525";"525_M17_20_AMBIENTES_DEV_HML_PROD_OFICIAL.md";"# 525 - M17.20 - Ambientes dev hml prod";"Ambientes dev hml prod";"41631";"2026-07-12 20:06:05"
"526";"526_M17_21_INFRAESTRUTURA_COMO_CODIGO_CONCEITUAL_OFICIAL.md";"# 526 - M17.21 - Infraestrutura como codigo conceitual";"Infraestrutura como codigo conceitual";"39014";"2026-07-12 20:10:48"
"527";"527_M17_22_KUBERNETES_FUNDAMENTOS_OFICIAL.md";"# 527 - M17.22 - Kubernetes fundamentos";"Kubernetes fundamentos";"40785";"2026-07-12 20:16:23"
"528";"528_M17_23_POD_DEPLOYMENT_SERVICE_OFICIAL.md";"# 528 - M17.23 - Pod Deployment Service";"Pod Deployment Service";"45813";"2026-07-12 20:49:43"
"529";"529_M17_24_CONFIGMAP_SECRET_OFICIAL.md";"# 529 - M17.24 - ConfigMap Secret";"ConfigMap Secret";"44356";"2026-07-12 20:56:56"
"530";"530_M17_25_PROBES_LIVENESS_READINESS_STARTUP_OFICIAL.md";"# 530 - M17.25 - Probes liveness readiness startup";"Probes liveness readiness startup";"43296";"2026-07-12 21:11:53"
"531";"531_M17_26_REQUESTS_LIMITS_OFICIAL.md";"# 531 - M17.26 - Requests limits";"Requests limits";"40876";"2026-07-12 21:21:58"
"532";"532_M17_27_INGRESS_OFICIAL.md";"# 532 - M17.27 - Ingress";"Ingress";"42003";"2026-07-12 21:26:27"
"533";"533_M17_28_HPA_OFICIAL.md";"# 533 - M17.28 - HPA";"HPA";"43506";"2026-07-12 21:35:48"
"534";"534_M17_29_VOLUMES_KUBERNETES_OFICIAL.md";"# 534 - M17.29 - Volumes Kubernetes";"Volumes Kubernetes";"43115";"2026-07-12 21:46:00"
"535";"535_M17_30_HELM_CONCEITUAL_OFICIAL.md";"# 535 - M17.30 - Helm conceitual";"Helm conceitual";"42132";"2026-07-12 21:53:24"
"536";"536_M17_31_NAMESPACE_RBAC_CONCEITUAL_OFICIAL.md";"# 536 - M17.31 - Namespace RBAC conceitual";"Namespace RBAC conceitual";"44148";"2026-07-12 21:58:43"
"537";"537_M17_32_CLOUD_CONCEITOS_PARA_BACKEND_OFICIAL.md";"# 537 - M17.32 - Cloud conceitos para backend";"Cloud conceitos para backend";"44697";"2026-07-12 22:07:20"
"538";"538_M17_33_AWS_VISAO_BACKEND_OFICIAL.md";"# 538 - M17.33 - AWS visao backend";"AWS visao backend";"43739";"2026-07-12 22:17:16"
"539";"539_M17_34_RDS_POSTGRESQL_OFICIAL.md";"# 539 - M17.34 - RDS PostgreSQL";"RDS PostgreSQL";"43621";"2026-07-12 22:22:51"
"540";"540_M17_35_SQS_SNS_OFICIAL.md";"# 540 - M17.35 - SQS SNS";"SQS SNS";"44319";"2026-07-12 22:36:26"
"541";"541_M17_36_REDIS_GERENCIADO_CONCEITUAL_OFICIAL.md";"# 541 - M17.36 - Redis gerenciado conceitual";"Redis gerenciado conceitual";"46984";"2026-07-12 22:49:38"
"542";"542_M17_37_OBJECT_STORAGE_S3_CONCEITUAL_OFICIAL.md";"# 542 - M17.37 - Object Storage S3 conceitual";"Object Storage S3 conceitual";"49822";"2026-07-12 22:57:18"
"543";"543_M17_38_CUSTOS_CLOUD_OFICIAL.md";"# 543 - M17.38 - Custos cloud";"Custos cloud";"45795";"2026-07-12 23:10:04"
"544";"544_M17_39_OBSERVACOES_DE_SEGURANCA_CLOUD_OFICIAL.md";"# 544 - M17.39 - Observacoes de seguranca cloud";"Observacoes de seguranca cloud";"47683";"2026-07-12 23:19:13"
"545";"545_M17_40_DEPLOY_EM_AMBIENTE_SIMPLES_OFICIAL.md";"# 545 - M17.40 - Deploy em ambiente simples";"Deploy em ambiente simples";"43805";"2026-07-12 23:38:40"
"546";"546_M17_41_PROJETO_API_PRONTA_PARA_DEPLOY_PARTE_1_OFICIAL.md";"# 546 - M17.41 - Projeto API pronta para deploy parte 1";"Projeto API pronta para deploy parte 1";"51641";"2026-07-12 23:47:35"
"547";"547_M17_42_PROJETO_API_PRONTA_PARA_DEPLOY_PARTE_2_OFICIAL.md";"# 547 - M17.42 - Projeto API pronta para deploy parte 2";"Projeto API pronta para deploy parte 2";"48713";"2026-07-12 23:54:46"
"548";"548_M17_43_PROJETO_API_PRONTA_PARA_DEPLOY_PARTE_3_OFICIAL.md";"# 548 - M17.43 - Projeto API pronta para deploy parte 3";"Projeto API pronta para deploy parte 3";"47755";"2026-07-13 00:13:35"
"549";"549_M17_44_REVISAO_DEVOPS_PARTE_1_OFICIAL.md";"# 549 - M17.44 - Revisao DevOps parte 1";"Revisao DevOps parte 1";"43405";"2026-07-13 00:17:01"
"550";"550_M17_45_REVISAO_DEVOPS_PARTE_2_OFICIAL.md";"# 550 - M17.45 - Revisao DevOps parte 2";"Revisao DevOps parte 2";"46234";"2026-07-13 00:25:09"
"551";"551_M17_46_PROVA_PRATICA_DEVOPS_OFICIAL.md";"# 551 - M17.46 - Prova pratica DevOps";"Prova pratica DevOps";"37699";"2026-07-13 08:34:09"
"552";"552_M17_47_REFATORACAO_FINAL_DEVOPS_OFICIAL.md";"# 552 - M17.47 - Refatoracao final DevOps";"Refatoracao final DevOps";"42608";"2026-07-13 08:37:53"
"553";"553_M17_48_AULA_ENSINAVEL_DEVOPS_OFICIAL.md";"# 553 - M17.48 - Aula ensinavel DevOps";"Aula ensinavel DevOps";"41039";"2026-07-13 08:42:06"
"554";"554_M17_49_CHECKLIST_OPERACIONAL_DE_DEPLOY_OFICIAL.md";"# 554 - M17.49 - Checklist operacional de deploy";"Checklist operacional de deploy";"44008";"2026-07-13 08:46:01"
"555";"555_M17_50_FECHAMENTO_DO_MODULO_17_OFICIAL.md";"# 555 - M17.50 - Fechamento do Modulo 17";"Fechamento do Modulo 17";"39970";"2026-07-13 08:50:11"
"556";"556_M18_01_LOGS_ESTRUTURADOS_OFICIAL.md";"# 556 - M18.01 - Logs estruturados";"Logs estruturados";"45586";"2026-07-13 10:10:09"
"557";"557_M18_02_CORRELATION_ID_TRACE_ID_OFICIAL.md";"# 557 - M18.02 - Correlation ID trace ID";"Correlation ID trace ID";"47793";"2026-07-13 10:15:47"
"558";"558_M18_03_ACTUATOR_OFICIAL.md";"# 558 - M18.03 - Actuator";"Actuator";"46609";"2026-07-13 10:25:36"
"559";"559_M18_04_MICROMETER_OFICIAL.md";"# 559 - M18.04 - Micrometer";"Micrometer";"49937";"2026-07-13 10:45:46"
"560";"560_M18_05_GOLDEN_SIGNALS_OFICIAL.md";"# 560 - M18.05 - Golden signals";"Golden signals";"41238";"2026-07-13 11:03:16"
"561";"561_M18_06_SLI_SLO_SLA_OFICIAL.md";"# 561 - M18.06 - SLI SLO SLA";"SLI SLO SLA";"38488";"2026-07-13 11:07:39"
"562";"562_M18_07_PROMETHEUS_OFICIAL.md";"# 562 - M18.07 - Prometheus";"Prometheus";"42549";"2026-07-13 11:15:48"
"563";"563_M18_08_GRAFANA_OFICIAL.md";"# 563 - M18.08 - Grafana";"Grafana";"46134";"2026-07-13 11:23:18"
"564";"564_M18_09_OPENTELEMETRY_OFICIAL.md";"# 564 - M18.09 - OpenTelemetry";"OpenTelemetry";"47301";"2026-07-13 11:30:10"
"565";"565_M18_10_TRACING_DISTRIBUIDO_OFICIAL.md";"# 565 - M18.10 - Tracing distribuido";"Tracing distribuido";"48944";"2026-07-13 12:53:13"
"566";"566_M18_11_ALERTAS_OFICIAL.md";"# 566 - M18.11 - Alertas";"Alertas";"48565";"2026-07-13 13:19:25"
"567";"567_M18_12_RUNBOOKS_OFICIAL.md";"# 567 - M18.12 - Runbooks";"Runbooks";"46679";"2026-07-13 13:26:33"
"568";"568_M18_13_POSTMORTEM_OFICIAL.md";"# 568 - M18.13 - Postmortem";"Postmortem";"46019";"2026-07-13 13:32:21"
"569";"569_M18_14_TROUBLESHOOTING_POR_LOGS_OFICIAL.md";"# 569 - M18.14 - Troubleshooting por logs";"Troubleshooting por logs";"45904";"2026-07-13 13:42:03"
"570";"570_M18_15_THREAD_DUMP_OFICIAL.md";"# 570 - M18.15 - Thread dump";"Thread dump";"47286";"2026-07-13 14:00:39"
"571";"571_M18_16_HEAP_DUMP_OFICIAL.md";"# 571 - M18.16 - Heap dump";"Heap dump";"46705";"2026-07-13 14:16:14"
"572";"572_M18_17_GC_LOGS_OFICIAL.md";"# 572 - M18.17 - GC logs";"GC logs";"45397";"2026-07-13 14:28:50"
"573";"573_M18_18_JVM_TUNING_BASICO_OFICIAL.md";"# 573 - M18.18 - JVM tuning basico";"JVM tuning basico";"45821";"2026-07-13 14:44:36"
"574";"574_M18_19_PROFILING_COM_JFR_OFICIAL.md";"# 574 - M18.19 - Profiling com JFR";"Profiling com JFR";"46398";"2026-07-13 14:48:58"
"575";"575_M18_20_JMC_ANALISE_DE_GARGALOS_OFICIAL.md";"# 575 - M18.20 - JMC analise de gargalos";"JMC analise de gargalos";"45560";"2026-07-13 14:53:31"
"576";"576_M18_21_CAPACITY_PLANNING_OFICIAL.md";"# 576 - M18.21 - Capacity planning";"Capacity planning";"46929";"2026-07-13 15:40:34"
"577";"577_M18_22_ORCAMENTO_DE_PERFORMANCE_OFICIAL.md";"# 577 - M18.22 - Orcamento de performance";"Orcamento de performance";"48154";"2026-07-13 17:03:16"
"578";"578_M18_23_LEITURA_DE_SATURACAO_OFICIAL.md";"# 578 - M18.23 - Leitura de saturacao";"Leitura de saturacao";"47948";"2026-07-13 17:16:11"
"579";"579_M18_24_PERFORMANCE_DE_API_OFICIAL.md";"# 579 - M18.24 - Performance de API";"Performance de API";"47781";"2026-07-13 17:24:47"
"580";"580_M18_25_PERFORMANCE_DE_BANCO_OFICIAL.md";"# 580 - M18.25 - Performance de banco";"Performance de banco";"48532";"2026-07-13 17:40:29"
"581";"581_M18_26_HIKARICP_TUNING_OFICIAL.md";"# 581 - M18.26 - HikariCP tuning";"HikariCP tuning";"49111";"2026-07-13 17:44:39"
"582";"582_M18_27_CACHE_LOCAL_CAFFEINE_OFICIAL.md";"# 582 - M18.27 - Cache local Caffeine";"Cache local Caffeine";"50289";"2026-07-13 17:50:11"
"583";"583_M18_28_CACHE_DISTRIBUIDO_REDIS_OFICIAL.md";"# 583 - M18.28 - Cache distribuido Redis";"Cache distribuido Redis";"51563";"2026-07-13 17:56:43"
"584";"584_M18_29_CACHE_INVALIDATION_OFICIAL.md";"# 584 - M18.29 - Cache invalidation";"Cache invalidation";"48473";"2026-07-13 18:03:14"
"585";"585_M18_30_LOAD_TESTING_K6_OU_GATLING_CONCEITUAL_OFICIAL.md";"# 585 - M18.30 - Load testing K6 ou Gatling conceitual";"Load testing K6 ou Gatling conceitual";"47585";"2026-07-13 18:07:13"
"586";"586_M18_31_TESTE_DE_STRESS_CARGA_PICO_OFICIAL.md";"# 586 - M18.31 - Teste de stress carga pico";"Teste de stress carga pico";"47495";"2026-07-13 18:10:58"
"587";"587_M18_32_CONCORRENCIA_JAVA_CLASSICA_OFICIAL.md";"# 587 - M18.32 - Concorrencia Java classica";"Concorrencia Java classica";"49030";"2026-07-13 18:14:58"
"588";"588_M18_33_THREADS_E_RUNNABLE_OFICIAL.md";"# 588 - M18.33 - Threads e Runnable";"Threads e Runnable";"51223";"2026-07-13 18:31:46"
"589";"589_M18_34_EXECUTORSERVICE_POOLS_OFICIAL.md";"# 589 - M18.34 - ExecutorService pools";"ExecutorService pools";"55961";"2026-07-13 18:37:59"
"590";"590_M18_35_COMPLETABLEFUTURE_OFICIAL.md";"# 590 - M18.35 - CompletableFuture";"CompletableFuture";"52371";"2026-07-13 18:59:44"
"591";"591_M18_36_VIRTUAL_THREADS_OFICIAL.md";"# 591 - M18.36 - Virtual threads";"Virtual threads";"53264";"2026-07-13 19:06:54"
"592";"592_M18_37_SINCRONIZACAO_LOCKS_ATOMIC_OFICIAL.md";"# 592 - M18.37 - Sincronizacao locks atomic";"Sincronizacao locks atomic";"53508";"2026-07-13 19:24:28"
"593";"593_M18_38_RACE_CONDITION_OFICIAL.md";"# 593 - M18.38 - Race condition";"Race condition";"53212";"2026-07-13 19:31:31"
"594";"594_M18_39_DEADLOCKS_EM_JAVA_OFICIAL.md";"# 594 - M18.39 - Deadlocks em Java";"Deadlocks em Java";"54336";"2026-07-13 19:45:50"
"595";"595_M18_40_BACKPRESSURE_CONCEITUAL_OFICIAL.md";"# 595 - M18.40 - Backpressure conceitual";"Backpressure conceitual";"51900";"2026-07-13 20:00:40"
"596";"596_M18_41_TIMEOUTS_EM_PRODUCAO_OFICIAL.md";"# 596 - M18.41 - Timeouts em producao";"Timeouts em producao";"52189";"2026-07-13 20:09:10"
"597";"597_M18_42_MEMORY_LEAK_DIAGNOSTICO_OFICIAL.md";"# 597 - M18.42 - Memory leak diagnostico";"Memory leak diagnostico";"50001";"2026-07-13 20:20:22"
"598";"598_M18_43_CPU_HIGH_DIAGNOSTICO_OFICIAL.md";"# 598 - M18.43 - CPU high diagnostico";"CPU high diagnostico";"49805";"2026-07-13 20:25:25"
"599";"599_M18_44_BANCO_LENTO_DIAGNOSTICO_OFICIAL.md";"# 599 - M18.44 - Banco lento diagnostico";"Banco lento diagnostico";"48560";"2026-07-13 20:39:49"
"600";"600_M18_45_RUNBOOK_DE_INCIDENTE_OFICIAL.md";"# 600 - M18.45 - Runbook de incidente";"Runbook de incidente";"50364";"2026-07-13 20:39:33"
"601";"601_M18_46_PROJETO_API_OBSERVAVEL_PARTE_1_OFICIAL.md";"# 601 - M18.46 - Projeto API observavel parte 1";"Projeto API observavel parte 1";"54834";"2026-07-14 08:16:19"
"602";"602_M18_47_PROJETO_API_OBSERVAVEL_PARTE_2_OFICIAL.md";"# 602 - M18.47 - Projeto API observavel parte 2";"Projeto API observavel parte 2";"52036";"2026-07-14 08:21:14"
"603";"603_M18_48_PROJETO_API_OBSERVAVEL_PARTE_3_OTIMIZACAO_OFICIAL.md";"# 603 - M18.48 - Projeto API observavel parte 3 otimizacao";"Projeto API observavel parte 3 otimizacao";"51447";"2026-07-14 08:39:58"
"604";"604_M18_49_REVISAO_PRODUCAO_PARTE_1_OFICIAL.md";"# 604 - M18.49 - Revisao producao parte 1";"Revisao producao parte 1";"43141";"2026-07-14 08:53:12"
"605";"605_M18_50_REVISAO_PRODUCAO_PARTE_2_OFICIAL.md";"# 605 - M18.50 - Revisao producao parte 2";"Revisao producao parte 2";"45157";"2026-07-14 10:12:52"
"606";"606_M18_51_PROVA_PRATICA_PRODUCAO_OFICIAL.md";"# 606 - M18.51 - Prova pratica producao";"Prova pratica producao";"40739";"2026-07-14 10:26:39"
"607";"607_M18_52_REFATORACAO_FINAL_PRODUCAO_OFICIAL.md";"# 607 - M18.52 - Refatoracao final producao";"Refatoracao final producao";"45460";"2026-07-14 11:31:27"
"608";"608_M18_53_AULA_ENSINAVEL_PRODUCAO_OFICIAL.md";"# 608 - M18.53 - Aula ensinavel producao";"Aula ensinavel producao";"41077";"2026-07-14 11:37:30"
"609";"609_M18_54_CHECKLIST_SRE_PARA_BACKEND_JAVA_OFICIAL.md";"# 609 - M18.54 - Checklist SRE para Backend Java";"Checklist SRE para Backend Java";"44333";"2026-07-14 11:59:30"
"610";"610_M18_55_FECHAMENTO_DO_MODULO_18_OFICIAL.md";"# 610 - M18.55 - Fechamento do Modulo 18";"Fechamento do Modulo 18";"39617";"2026-07-14 12:07:55"
"611";"611_M19_01_ARQUITETURA_EM_CAMADAS_OFICIAL.md";"# 611 - M19.01 - Arquitetura em camadas";"Arquitetura em camadas";"44071";"2026-07-14 12:12:33"
"612";"612_M19_02_CLEAN_ARCHITECTURE_OFICIAL.md";"# 612 - M19.02 - Clean Architecture";"Clean Architecture";"44122";"2026-07-14 12:28:04"
"613";"613_M19_03_ARQUITETURA_HEXAGONAL_OFICIAL.md";"# 613 - M19.03 - Arquitetura Hexagonal";"Arquitetura Hexagonal";"46406";"2026-07-14 13:15:04"
"614";"614_M19_04_PORTS_AND_ADAPTERS_OFICIAL.md";"# 614 - M19.04 - Ports and Adapters";"Ports and Adapters";"45141";"2026-07-14 13:19:34"
"615";"615_M19_05_MONOLITO_MODULAR_OFICIAL.md";"# 615 - M19.05 - Monolito modular";"Monolito modular";"43221";"2026-07-14 13:34:55"
"616";"616_M19_06_MODULARIZACAO_EM_JAVA_OFICIAL.md";"# 616 - M19.06 - Modularizacao em Java";"Modularizacao em Java";"45958";"2026-07-14 13:44:59"
"617";"617_M19_07_DDD_FUNDAMENTOS_OFICIAL.md";"# 617 - M19.07 - DDD fundamentos";"DDD fundamentos";"44862";"2026-07-14 13:49:48"
"618";"618_M19_08_DDD_ESTRATEGICO_OFICIAL.md";"# 618 - M19.08 - DDD estrategico";"DDD estrategico";"49989";"2026-07-14 14:13:57"
"619";"619_M19_09_DDD_TATICO_OFICIAL.md";"# 619 - M19.09 - DDD tatico";"DDD tatico";"52649";"2026-07-14 14:27:03"
"620";"620_M19_10_UBIQUITOUS_LANGUAGE_OFICIAL.md";"# 620 - M19.10 - Ubiquitous Language";"Ubiquitous Language";"48314";"2026-07-14 14:46:55"
"621";"621_M19_11_BOUNDED_CONTEXT_OFICIAL.md";"# 621 - M19.11 - Bounded Context";"Bounded Context";"50221";"2026-07-14 14:51:26"
"622";"622_M19_12_CONTEXT_MAP_OFICIAL.md";"# 622 - M19.12 - Context Map";"Context Map";"47774";"2026-07-14 14:55:25"
"623";"623_M19_13_ANTI_CORRUPTION_LAYER_OFICIAL.md";"# 623 - M19.13 - Anti Corruption Layer";"Anti Corruption Layer";"54161";"2026-07-14 14:59:57"
"624";"624_M19_14_ENTITY_VALUE_OBJECT_REVISITADOS_OFICIAL.md";"# 624 - M19.14 - Entity Value Object revisitados";"Entity Value Object revisitados";"54801";"2026-07-14 15:26:10"
"625";"625_M19_15_AGGREGATE_AGGREGATE_ROOT_OFICIAL.md";"# 625 - M19.15 - Aggregate Aggregate Root";"Aggregate Aggregate Root";"56024";"2026-07-14 16:55:44"
"626";"626_M19_16_REPOSITORY_EM_DDD_OFICIAL.md";"# 626 - M19.16 - Repository em DDD";"Repository em DDD";"55030";"2026-07-14 17:24:48"
"627";"627_M19_17_DOMAIN_SERVICE_OFICIAL.md";"# 627 - M19.17 - Domain Service";"Domain Service";"57321";"2026-07-14 17:30:52"
"628";"628_M19_18_APPLICATION_SERVICE_USE_CASE_OFICIAL.md";"# 628 - M19.18 - Application Service Use Case";"Application Service Use Case";"55898";"2026-07-14 17:43:21"
"629";"629_M19_19_DOMAIN_EVENTS_OFICIAL.md";"# 629 - M19.19 - Domain Events";"Domain Events";"56119";"2026-07-14 18:02:49"
"630";"630_M19_20_EVENT_STORMING_OFICIAL.md";"# 630 - M19.20 - Event Storming";"Event Storming";"48458";"2026-07-14 18:07:54"
"631";"631_M19_21_CQRS_OFICIAL.md";"# 631 - M19.21 - CQRS";"CQRS";"55559";"2026-07-14 18:15:19"
"632";"632_M19_22_EVENT_SOURCING_CONCEITUAL_OFICIAL.md";"# 632 - M19.22 - Event Sourcing conceitual";"Event Sourcing conceitual";"58721";"2026-07-14 18:25:28"
"633";"633_M19_23_ARQUITETURA_ORIENTADA_A_EVENTOS_OFICIAL.md";"# 633 - M19.23 - Arquitetura orientada a eventos";"Arquitetura orientada a eventos";"57679";"2026-07-14 18:35:00"
"634";"634_M19_24_CONSISTENCIA_EVENTUAL_OFICIAL.md";"# 634 - M19.24 - Consistencia eventual";"Consistencia eventual";"57035";"2026-07-14 18:41:38"
"635";"635_M19_25_CAP_OFICIAL.md";"# 635 - M19.25 - CAP";"CAP";"54026";"2026-07-14 18:49:18"
