documento_mentor_proposto;arquivo_mentor_proposto;modulo;nome_modulo;topico_macro;primeira_sessao_v4_1;ultima_sessao_v4_1;quantidade_sessoes_cobertas;tipos_sessao_cobertos;conteudo_consolidado_da_grade;regra_de_cobertura
1;001_M0_01_MAPA_DA_FORMACAO_COMPLETA_E_NIVEIS_DE_CARREIRA_JAVA.md;M0;Ambiente, método, ferramentas e rotina profissional;Mapa da formação completa e níveis de carreira Java;M0.01.01;M0.01.04;4;Conceito, por que existe e vocabulário essencial | Exemplo mínimo digitado do zero | Exemplo aplicado ao domínio corporativo | Erros comuns, diagnóstico e perguntas de fixação;júnior, pleno, sênior, staff, arquiteto, expectativas reais, trilha v3/v4.1 e critérios de evolução. Nesta sessão: explicar o conceito com analogias, termos corretos, limites e relação com Java/backend. | júnior, pleno, sênior, staff, arquiteto, expectativas reais, trilha v3/v4.1 e critérios de evolução. Nesta sessão: criar o menor código ou procedimento possível, executar e observar resultado. | júnior, pleno, sênior, staff, arquiteto, expectativas reais, trilha v3/v4.1 e critérios de evolução. Nesta sessão: aplicar o assunto em cenário de OS, cliente, produto, pedido, pagamento, auditoria ou mensageria. | júnior, pleno, sênior, staff, arquiteto, expectativas reais, trilha v3/v4.1 e critérios de evolução. Nesta sessão: quebrar de propósito, interpretar erro, responder perguntas e registrar checklist.;Aula mentorada única cobrindo integralmente todas as sessões operacionais deste tópico macro.
2;002_M0_02_DIAGNOSTICO_INICIAL_TECNICO_E_PLANO_DE_ESTUDO.md;M0;Ambiente, método, ferramentas e rotina profissional;Diagnóstico inicial técnico e plano de estudo;M0.02.01;M0.02.04;4;Conceito, por que existe e vocabulário essencial | Exemplo mínimo digitado do zero | Exemplo aplicado ao domínio corporativo | Erros comuns, diagnóstico e perguntas de fixação;lógica, terminal, Git, banco, API, rotina semanal, metas de 30/60/90 dias e lacunas pessoais. Nesta sessão: explicar o conceito com analogias, termos corretos, limites e relação com Java/backend. | lógica, terminal, Git, banco, API, rotina semanal, metas de 30/60/90 dias e lacunas pessoais. Nesta sessão: criar o menor código ou procedimento possível, executar e observar resultado. | lógica, terminal, Git, banco, API, rotina semanal, metas de 30/60/90 dias e lacunas pessoais. Nesta sessão: aplicar o assunto em cenário de OS, cliente, produto, pedido, pagamento, auditoria ou mensageria. | lógica, terminal, Git, banco, API, rotina semanal, metas de 30/60/90 dias e lacunas pessoais. Nesta sessão: quebrar de propósito, interpretar erro, responder perguntas e registrar checklist.;Aula mentorada única cobrindo integralmente todas as sessões operacionais deste tópico macro.
3;003_M0_03_ORGANIZACAO_DO_WINDOWS_PARA_DESENVOLVIMENTO.md;M0;Ambiente, método, ferramentas e rotina profissional;Organização do Windows para desenvolvimento;M0.03.01;M0.03.04;4;Conceito, por que existe e vocabulário essencial | Exemplo mínimo digitado do zero | Exemplo aplicado ao domínio corporativo | Erros comuns, diagnóstico e perguntas de fixação;C:/dev, C:/dev/tools, C:/dev/projects, permissões, encoding, caminhos com espaço, boas práticas. Nesta sessão: explicar o conceito com analogias, termos corretos, limites e relação com Java/backend. | C:/dev, C:/dev/tools, C:/dev/projects, permissões, encoding, caminhos com espaço, boas práticas. Nesta sessão: criar o menor código ou procedimento possível, executar e observar resultado. | C:/dev, C:/dev/tools, C:/dev/projects, permissões, encoding, caminhos com espaço, boas práticas. Nesta sessão: aplicar o assunto em cenário de OS, cliente, produto, pedido, pagamento, auditoria ou mensageria. | C:/dev, C:/dev/tools, C:/dev/projects, permissões, encoding, caminhos com espaço, boas práticas. Nesta sessão: quebrar de propósito, interpretar erro, responder perguntas e registrar checklist.;Aula mentorada única cobrindo integralmente todas as sessões operacionais deste tópico macro.
4;004_M0_04_TERMINAL_POWERSHELL_E_COMANDOS_BASICOS.md;M0;Ambiente, método, ferramentas e rotina profissional;Terminal, PowerShell e comandos básicos;M0.04.01;M0.04.04;4;Conceito, por que existe e vocabulário essencial | Exemplo mínimo digitado do zero | Exemplo aplicado ao domínio corporativo | Erros comuns, diagnóstico e perguntas de fixação;cd, dir, mkdir, copy, del, cls, history, execução de comandos, variáveis e troubleshooting. Nesta sessão: explicar o conceito com analogias, termos corretos, limites e relação com Java/backend. | cd, dir, mkdir, copy, del, cls, history, execução de comandos, variáveis e troubleshooting. Nesta sessão: criar o menor código ou procedimento possível, executar e observar resultado. | cd, dir, mkdir, copy, del, cls, history, execução de comandos, variáveis e troubleshooting. Nesta sessão: aplicar o assunto em cenário de OS, cliente, produto, pedido, pagamento, auditoria ou mensageria. | cd, dir, mkdir, copy, del, cls, history, execução de comandos, variáveis e troubleshooting. Nesta sessão: quebrar de propósito, interpretar erro, responder perguntas e registrar checklist.;Aula mentorada única cobrindo integralmente todas as sessões operacionais deste tópico macro.
5;005_M0_05_JDK_JRE_JVM_E_ESCOLHA_DE_VERSAO_LTS.md;M0;Ambiente, método, ferramentas e rotina profissional;JDK, JRE, JVM e escolha de versão LTS;M0.05.01;M0.05.04;4;Conceito, por que existe e vocabulário essencial | Exemplo mínimo digitado do zero | Exemplo aplicado ao domínio corporativo | Erros comuns, diagnóstico e perguntas de fixação;diferenças, instalação, JAVA_HOME, Path, java -version, javac -version e compatibilidade. Nesta sessão: explicar o conceito com analogias, termos corretos, limites e relação com Java/backend. | diferenças, instalação, JAVA_HOME, Path, java -version, javac -version e compatibilidade. Nesta sessão: criar o menor código ou procedimento possível, executar e observar resultado. | diferenças, instalação, JAVA_HOME, Path, java -version, javac -version e compatibilidade. Nesta sessão: aplicar o assunto em cenário de OS, cliente, produto, pedido, pagamento, auditoria ou mensageria. | diferenças, instalação, JAVA_HOME, Path, java -version, javac -version e compatibilidade. Nesta sessão: quebrar de propósito, interpretar erro, responder perguntas e registrar checklist.;Aula mentorada única cobrindo integralmente todas as sessões operacionais deste tópico macro.
6;006_M0_06_COMPILACAO_MANUAL_COM_JAVAC.md;M0;Ambiente, método, ferramentas e rotina profissional;Compilação manual com javac;M0.06.01;M0.06.04;4;Conceito, por que existe e vocabulário essencial | Exemplo mínimo digitado do zero | Exemplo aplicado ao domínio corporativo | Erros comuns, diagnóstico e perguntas de fixação;arquivo .java, bytecode .class, execução com java, erros de compilação e noção de classpath. Nesta sessão: explicar o conceito com analogias, termos corretos, limites e relação com Java/backend. | arquivo .java, bytecode .class, execução com java, erros de compilação e noção de classpath. Nesta sessão: criar o menor código ou procedimento possível, executar e observar resultado. | arquivo .java, bytecode .class, execução com java, erros de compilação e noção de classpath. Nesta sessão: aplicar o assunto em cenário de OS, cliente, produto, pedido, pagamento, auditoria ou mensageria. | arquivo .java, bytecode .class, execução com java, erros de compilação e noção de classpath. Nesta sessão: quebrar de propósito, interpretar erro, responder perguntas e registrar checklist.;Aula mentorada única cobrindo integralmente todas as sessões operacionais deste tópico macro.
7;007_M0_07_INTELLIJ_IDEA_COMMUNITY_COMPLETO.md;M0;Ambiente, método, ferramentas e rotina profissional;IntelliJ IDEA Community completo;M0.07.01;M0.07.04;4;Conceito, por que existe e vocabulário essencial | Exemplo mínimo digitado do zero | Exemplo aplicado ao domínio corporativo | Erros comuns, diagnóstico e perguntas de fixação;projeto, SDK, run configurations, atalhos, formatação, terminal integrado, estrutura src. Nesta sessão: explicar o conceito com analogias, termos corretos, limites e relação com Java/backend. | projeto, SDK, run configurations, atalhos, formatação, terminal integrado, estrutura src. Nesta sessão: criar o menor código ou procedimento possível, executar e observar resultado. | projeto, SDK, run configurations, atalhos, formatação, terminal integrado, estrutura src. Nesta sessão: aplicar o assunto em cenário de OS, cliente, produto, pedido, pagamento, auditoria ou mensageria. | projeto, SDK, run configurations, atalhos, formatação, terminal integrado, estrutura src. Nesta sessão: quebrar de propósito, interpretar erro, responder perguntas e registrar checklist.;Aula mentorada única cobrindo integralmente todas as sessões operacionais deste tópico macro.
8;008_M0_08_DEBUG_INICIAL_NO_INTELLIJ.md;M0;Ambiente, método, ferramentas e rotina profissional;Debug inicial no IntelliJ;M0.08.01;M0.08.04;4;Conceito, por que existe e vocabulário essencial | Exemplo mínimo digitado do zero | Exemplo aplicado ao domínio corporativo | Erros comuns, diagnóstico e perguntas de fixação;breakpoint, step over, step into, variables, watches, call stack e leitura de fluxo. Nesta sessão: explicar o conceito com analogias, termos corretos, limites e relação com Java/backend. | breakpoint, step over, step into, variables, watches, call stack e leitura de fluxo. Nesta sessão: criar o menor código ou procedimento possível, executar e observar resultado. | breakpoint, step over, step into, variables, watches, call stack e leitura de fluxo. Nesta sessão: aplicar o assunto em cenário de OS, cliente, produto, pedido, pagamento, auditoria ou mensageria. | breakpoint, step over, step into, variables, watches, call stack e leitura de fluxo. Nesta sessão: quebrar de propósito, interpretar erro, responder perguntas e registrar checklist.;Aula mentorada única cobrindo integralmente todas as sessões operacionais deste tópico macro.
9;009_M0_09_GIT_INSTALACAO_E_CONFIGURACAO_GLOBAL.md;M0;Ambiente, método, ferramentas e rotina profissional;Git instalação e configuração global;M0.09.01;M0.09.04;4;Conceito, por que existe e vocabulário essencial | Exemplo mínimo digitado do zero | Exemplo aplicado ao domínio corporativo | Erros comuns, diagnóstico e perguntas de fixação;git-scm, user.name, user.email, autocrlf, branch padrão, credenciais e validações. Nesta sessão: explicar o conceito com analogias, termos corretos, limites e relação com Java/backend. | git-scm, user.name, user.email, autocrlf, branch padrão, credenciais e validações. Nesta sessão: criar o menor código ou procedimento possível, executar e observar resultado. | git-scm, user.name, user.email, autocrlf, branch padrão, credenciais e validações. Nesta sessão: aplicar o assunto em cenário de OS, cliente, produto, pedido, pagamento, auditoria ou mensageria. | git-scm, user.name, user.email, autocrlf, branch padrão, credenciais e validações. Nesta sessão: quebrar de propósito, interpretar erro, responder perguntas e registrar checklist.;Aula mentorada única cobrindo integralmente todas as sessões operacionais deste tópico macro.
10;010_M0_10_GIT_LOCAL_DO_ZERO.md;M0;Ambiente, método, ferramentas e rotina profissional;Git local do zero;M0.10.01;M0.10.04;4;Conceito, por que existe e vocabulário essencial | Exemplo mínimo digitado do zero | Exemplo aplicado ao domínio corporativo | Erros comuns, diagnóstico e perguntas de fixação;init, status, add, commit, log, diff, restore, .gitignore e mensagens coerentes. Nesta sessão: explicar o conceito com analogias, termos corretos, limites e relação com Java/backend. | init, status, add, commit, log, diff, restore, .gitignore e mensagens coerentes. Nesta sessão: criar o menor código ou procedimento possível, executar e observar resultado. | init, status, add, commit, log, diff, restore, .gitignore e mensagens coerentes. Nesta sessão: aplicar o assunto em cenário de OS, cliente, produto, pedido, pagamento, auditoria ou mensageria. | init, status, add, commit, log, diff, restore, .gitignore e mensagens coerentes. Nesta sessão: quebrar de propósito, interpretar erro, responder perguntas e registrar checklist.;Aula mentorada única cobrindo integralmente todas as sessões operacionais deste tópico macro.
11;011_M0_11_GITHUB_E_REPOSITORIO_REMOTO.md;M0;Ambiente, método, ferramentas e rotina profissional;GitHub e repositório remoto;M0.11.01;M0.11.04;4;Conceito, por que existe e vocabulário essencial | Exemplo mínimo digitado do zero | Exemplo aplicado ao domínio corporativo | Erros comuns, diagnóstico e perguntas de fixação;remote, push, pull, clone, README, visibilidade, tokens/credenciais e organização de portfólio. Nesta sessão: explicar o conceito com analogias, termos corretos, limites e relação com Java/backend. | remote, push, pull, clone, README, visibilidade, tokens/credenciais e organização de portfólio. Nesta sessão: criar o menor código ou procedimento possível, executar e observar resultado. | remote, push, pull, clone, README, visibilidade, tokens/credenciais e organização de portfólio. Nesta sessão: aplicar o assunto em cenário de OS, cliente, produto, pedido, pagamento, auditoria ou mensageria. | remote, push, pull, clone, README, visibilidade, tokens/credenciais e organização de portfólio. Nesta sessão: quebrar de propósito, interpretar erro, responder perguntas e registrar checklist.;Aula mentorada única cobrindo integralmente todas as sessões operacionais deste tópico macro.
12;012_M0_12_MARKDOWN_PARA_DOCUMENTACAO_TECNICA.md;M0;Ambiente, método, ferramentas e rotina profissional;Markdown para documentação técnica;M0.12.01;M0.12.04;4;Conceito, por que existe e vocabulário essencial | Exemplo mínimo digitado do zero | Exemplo aplicado ao domínio corporativo | Erros comuns, diagnóstico e perguntas de fixação;títulos, listas, blocos de código, tabelas, links, diário de bordo e padrão de aula. Nesta sessão: explicar o conceito com analogias, termos corretos, limites e relação com Java/backend. | títulos, listas, blocos de código, tabelas, links, diário de bordo e padrão de aula. Nesta sessão: criar o menor código ou procedimento possível, executar e observar resultado. | títulos, listas, blocos de código, tabelas, links, diário de bordo e padrão de aula. Nesta sessão: aplicar o assunto em cenário de OS, cliente, produto, pedido, pagamento, auditoria ou mensageria. | títulos, listas, blocos de código, tabelas, links, diário de bordo e padrão de aula. Nesta sessão: quebrar de propósito, interpretar erro, responder perguntas e registrar checklist.;Aula mentorada única cobrindo integralmente todas as sessões operacionais deste tópico macro.
13;013_M0_13_DIARIO_DE_BORDO_E_RASTREABILIDADE_DO_APRENDIZADO.md;M0;Ambiente, método, ferramentas e rotina profissional;Diário de bordo e rastreabilidade do aprendizado;M0.13.01;M0.13.04;4;Conceito, por que existe e vocabulário essencial | Exemplo mínimo digitado do zero | Exemplo aplicado ao domínio corporativo | Erros comuns, diagnóstico e perguntas de fixação;o que registrar, progresso, decisões, comandos, erros, prints e revisão futura. Nesta sessão: explicar o conceito com analogias, termos corretos, limites e relação com Java/backend. | o que registrar, progresso, decisões, comandos, erros, prints e revisão futura. Nesta sessão: criar o menor código ou procedimento possível, executar e observar resultado. | o que registrar, progresso, decisões, comandos, erros, prints e revisão futura. Nesta sessão: aplicar o assunto em cenário de OS, cliente, produto, pedido, pagamento, auditoria ou mensageria. | o que registrar, progresso, decisões, comandos, erros, prints e revisão futura. Nesta sessão: quebrar de propósito, interpretar erro, responder perguntas e registrar checklist.;Aula mentorada única cobrindo integralmente todas as sessões operacionais deste tópico macro.
14;014_M0_14_CODEX_IA_NO_INTELLIJ_COM_ETICA_E_METODO.md;M0;Ambiente, método, ferramentas e rotina profissional;Codex/IA no IntelliJ com ética e método;M0.14.01;M0.14.04;4;Conceito, por que existe e vocabulário essencial | Exemplo mínimo digitado do zero | Exemplo aplicado ao domínio corporativo | Erros comuns, diagnóstico e perguntas de fixação;prompts de explicação, revisão, testes, debugging, limites, não copiar sem entender. Nesta sessão: explicar o conceito com analogias, termos corretos, limites e relação com Java/backend. | prompts de explicação, revisão, testes, debugging, limites, não copiar sem entender. Nesta sessão: criar o menor código ou procedimento possível, executar e observar resultado. | prompts de explicação, revisão, testes, debugging, limites, não copiar sem entender. Nesta sessão: aplicar o assunto em cenário de OS, cliente, produto, pedido, pagamento, auditoria ou mensageria. | prompts de explicação, revisão, testes, debugging, limites, não copiar sem entender. Nesta sessão: quebrar de propósito, interpretar erro, responder perguntas e registrar checklist.;Aula mentorada única cobrindo integralmente todas as sessões operacionais deste tópico macro.
15;015_M0_15_MAVEN_INSTALACAO_E_VALIDACAO_INICIAL.md;M0;Ambiente, método, ferramentas e rotina profissional;Maven instalação e validação inicial;M0.15.01;M0.15.04;4;Conceito, por que existe e vocabulário essencial | Exemplo mínimo digitado do zero | Exemplo aplicado ao domínio corporativo | Erros comuns, diagnóstico e perguntas de fixação;MAVEN_HOME, Path, mvn -version, estrutura inicial e quando será aprofundado. Nesta sessão: explicar o conceito com analogias, termos corretos, limites e relação com Java/backend. | MAVEN_HOME, Path, mvn -version, estrutura inicial e quando será aprofundado. Nesta sessão: criar o menor código ou procedimento possível, executar e observar resultado. | MAVEN_HOME, Path, mvn -version, estrutura inicial e quando será aprofundado. Nesta sessão: aplicar o assunto em cenário de OS, cliente, produto, pedido, pagamento, auditoria ou mensageria. | MAVEN_HOME, Path, mvn -version, estrutura inicial e quando será aprofundado. Nesta sessão: quebrar de propósito, interpretar erro, responder perguntas e registrar checklist.;Aula mentorada única cobrindo integralmente todas as sessões operacionais deste tópico macro.
16;016_M0_16_POSTGRESQL_E_DBEAVER_PREPARACAO.md;M0;Ambiente, método, ferramentas e rotina profissional;PostgreSQL e DBeaver preparação;M0.16.01;M0.16.04;4;Conceito, por que existe e vocabulário essencial | Exemplo mínimo digitado do zero | Exemplo aplicado ao domínio corporativo | Erros comuns, diagnóstico e perguntas de fixação;instalação, porta, usuário postgres, database, conexão e troubleshooting básico. Nesta sessão: explicar o conceito com analogias, termos corretos, limites e relação com Java/backend. | instalação, porta, usuário postgres, database, conexão e troubleshooting básico. Nesta sessão: criar o menor código ou procedimento possível, executar e observar resultado. | instalação, porta, usuário postgres, database, conexão e troubleshooting básico. Nesta sessão: aplicar o assunto em cenário de OS, cliente, produto, pedido, pagamento, auditoria ou mensageria. | instalação, porta, usuário postgres, database, conexão e troubleshooting básico. Nesta sessão: quebrar de propósito, interpretar erro, responder perguntas e registrar checklist.;Aula mentorada única cobrindo integralmente todas as sessões operacionais deste tópico macro.
17;017_M0_17_POSTMAN_INSOMNIA_E_HTTP_BASICO.md;M0;Ambiente, método, ferramentas e rotina profissional;Postman/Insomnia e HTTP básico;M0.17.01;M0.17.04;4;Conceito, por que existe e vocabulário essencial | Exemplo mínimo digitado do zero | Exemplo aplicado ao domínio corporativo | Erros comuns, diagnóstico e perguntas de fixação;request, response, GET, POST, PUT, PATCH, DELETE, headers, body JSON, status codes. Nesta sessão: explicar o conceito com analogias, termos corretos, limites e relação com Java/backend. | request, response, GET, POST, PUT, PATCH, DELETE, headers, body JSON, status codes. Nesta sessão: criar o menor código ou procedimento possível, executar e observar resultado. | request, response, GET, POST, PUT, PATCH, DELETE, headers, body JSON, status codes. Nesta sessão: aplicar o assunto em cenário de OS, cliente, produto, pedido, pagamento, auditoria ou mensageria. | request, response, GET, POST, PUT, PATCH, DELETE, headers, body JSON, status codes. Nesta sessão: quebrar de propósito, interpretar erro, responder perguntas e registrar checklist.;Aula mentorada única cobrindo integralmente todas as sessões operacionais deste tópico macro.
18;018_M0_18_DOCKER_DESKTOP_E_WSL2_PREPARACAO.md;M0;Ambiente, método, ferramentas e rotina profissional;Docker Desktop e WSL2 preparação;M0.18.01;M0.18.04;4;Conceito, por que existe e vocabulário essencial | Exemplo mínimo digitado do zero | Exemplo aplicado ao domínio corporativo | Erros comuns, diagnóstico e perguntas de fixação;imagem, container, volume, porta, hello-world, erros comuns e uso futuro. Nesta sessão: explicar o conceito com analogias, termos corretos, limites e relação com Java/backend. | imagem, container, volume, porta, hello-world, erros comuns e uso futuro. Nesta sessão: criar o menor código ou procedimento possível, executar e observar resultado. | imagem, container, volume, porta, hello-world, erros comuns e uso futuro. Nesta sessão: aplicar o assunto em cenário de OS, cliente, produto, pedido, pagamento, auditoria ou mensageria. | imagem, container, volume, porta, hello-world, erros comuns e uso futuro. Nesta sessão: quebrar de propósito, interpretar erro, responder perguntas e registrar checklist.;Aula mentorada única cobrindo integralmente todas as sessões operacionais deste tópico macro.
19;019_M0_19_ESTRUTURA_PROFISSIONAL_DO_REPOSITORIO_DE_CURSO.md;M0;Ambiente, método, ferramentas e rotina profissional;Estrutura profissional do repositório de curso;M0.19.01;M0.19.04;4;Conceito, por que existe e vocabulário essencial | Exemplo mínimo digitado do zero | Exemplo aplicado ao domínio corporativo | Erros comuns, diagnóstico e perguntas de fixação;README, docs, src, commits por aula, padrões de nome e organização. Nesta sessão: explicar o conceito com analogias, termos corretos, limites e relação com Java/backend. | README, docs, src, commits por aula, padrões de nome e organização. Nesta sessão: criar o menor código ou procedimento possível, executar e observar resultado. | README, docs, src, commits por aula, padrões de nome e organização. Nesta sessão: aplicar o assunto em cenário de OS, cliente, produto, pedido, pagamento, auditoria ou mensageria. | README, docs, src, commits por aula, padrões de nome e organização. Nesta sessão: quebrar de propósito, interpretar erro, responder perguntas e registrar checklist.;Aula mentorada única cobrindo integralmente todas as sessões operacionais deste tópico macro.
20;020_M0_20_CHECKLIST_FINAL_DO_AMBIENTE.md;M0;Ambiente, método, ferramentas e rotina profissional;Checklist final do ambiente;M0.20.01;M0.20.04;4;Conceito, por que existe e vocabulário essencial | Exemplo mínimo digitado do zero | Exemplo aplicado ao domínio corporativo | Erros comuns, diagnóstico e perguntas de fixação;validar Java, Git, Maven, banco, Docker, IntelliJ, GitHub, documentação e rotina. Nesta sessão: explicar o conceito com analogias, termos corretos, limites e relação com Java/backend. | validar Java, Git, Maven, banco, Docker, IntelliJ, GitHub, documentação e rotina. Nesta sessão: criar o menor código ou procedimento possível, executar e observar resultado. | validar Java, Git, Maven, banco, Docker, IntelliJ, GitHub, documentação e rotina. Nesta sessão: aplicar o assunto em cenário de OS, cliente, produto, pedido, pagamento, auditoria ou mensageria. | validar Java, Git, Maven, banco, Docker, IntelliJ, GitHub, documentação e rotina. Nesta sessão: quebrar de propósito, interpretar erro, responder perguntas e registrar checklist.;Aula mentorada única cobrindo integralmente todas as sessões operacionais deste tópico macro.
21;021_M1_01_PRIMEIRO_PROGRAMA_JAVA_DESTRINCHADO.md;M1;Java fundamentos absolutos e lógica aplicada;Primeiro programa Java destrinchado;M1.01.01;M1.01.04;4;Conceito, por que existe e vocabulário essencial | Exemplo mínimo digitado do zero | Exemplo aplicado ao domínio corporativo | Erros comuns, diagnóstico e perguntas de fixação;class, public, static, void, main, String[] args, System.out.println e execução. Nesta sessão: explicar o conceito com analogias, termos corretos, limites e relação com Java/backend. | class, public, static, void, main, String[] args, System.out.println e execução. Nesta sessão: criar o menor código ou procedimento possível, executar e observar resultado. | class, public, static, void, main, String[] args, System.out.println e execução. Nesta sessão: aplicar o assunto em cenário de OS, cliente, produto, pedido, pagamento, auditoria ou mensageria. | class, public, static, void, main, String[] args, System.out.println e execução. Nesta sessão: quebrar de propósito, interpretar erro, responder perguntas e registrar checklist.;Aula mentorada única cobrindo integralmente todas as sessões operacionais deste tópico macro.
22;022_M1_02_BLOCOS_CHAVES_INDENTACAO_E_LEITURA_DE_CODIGO.md;M1;Java fundamentos absolutos e lógica aplicada;Blocos, chaves, indentação e leitura de código;M1.02.01;M1.02.04;4;Conceito, por que existe e vocabulário essencial | Exemplo mínimo digitado do zero | Exemplo aplicado ao domínio corporativo | Erros comuns, diagnóstico e perguntas de fixação;escopo visual, blocos aninhados, organização e formatação automática. Nesta sessão: explicar o conceito com analogias, termos corretos, limites e relação com Java/backend. | escopo visual, blocos aninhados, organização e formatação automática. Nesta sessão: criar o menor código ou procedimento possível, executar e observar resultado. | escopo visual, blocos aninhados, organização e formatação automática. Nesta sessão: aplicar o assunto em cenário de OS, cliente, produto, pedido, pagamento, auditoria ou mensageria. | escopo visual, blocos aninhados, organização e formatação automática. Nesta sessão: quebrar de propósito, interpretar erro, responder perguntas e registrar checklist.;Aula mentorada única cobrindo integralmente todas as sessões operacionais deste tópico macro.
23;023_M1_03_COMENTARIOS_UTEIS_E_DOCUMENTACAO_INICIAL.md;M1;Java fundamentos absolutos e lógica aplicada;Comentários úteis e documentação inicial;M1.03.01;M1.03.04;4;Conceito, por que existe e vocabulário essencial | Exemplo mínimo digitado do zero | Exemplo aplicado ao domínio corporativo | Erros comuns, diagnóstico e perguntas de fixação;comentário de linha, bloco, quando comentar e quando melhorar o nome do código. Nesta sessão: explicar o conceito com analogias, termos corretos, limites e relação com Java/backend. | comentário de linha, bloco, quando comentar e quando melhorar o nome do código. Nesta sessão: criar o menor código ou procedimento possível, executar e observar resultado. | comentário de linha, bloco, quando comentar e quando melhorar o nome do código. Nesta sessão: aplicar o assunto em cenário de OS, cliente, produto, pedido, pagamento, auditoria ou mensageria. | comentário de linha, bloco, quando comentar e quando melhorar o nome do código. Nesta sessão: quebrar de propósito, interpretar erro, responder perguntas e registrar checklist.;Aula mentorada única cobrindo integralmente todas as sessões operacionais deste tópico macro.
24;024_M1_04_VARIAVEIS_E_NOMES_PROFISSIONAIS.md;M1;Java fundamentos absolutos e lógica aplicada;Variáveis e nomes profissionais;M1.04.01;M1.04.04;4;Conceito, por que existe e vocabulário essencial | Exemplo mínimo digitado do zero | Exemplo aplicado ao domínio corporativo | Erros comuns, diagnóstico e perguntas de fixação;declaração, atribuição, alteração, intenção, camelCase e variáveis temporárias. Nesta sessão: explicar o conceito com analogias, termos corretos, limites e relação com Java/backend. | declaração, atribuição, alteração, intenção, camelCase e variáveis temporárias. Nesta sessão: criar o menor código ou procedimento possível, executar e observar resultado. | declaração, atribuição, alteração, intenção, camelCase e variáveis temporárias. Nesta sessão: aplicar o assunto em cenário de OS, cliente, produto, pedido, pagamento, auditoria ou mensageria. | declaração, atribuição, alteração, intenção, camelCase e variáveis temporárias. Nesta sessão: quebrar de propósito, interpretar erro, responder perguntas e registrar checklist.;Aula mentorada única cobrindo integralmente todas as sessões operacionais deste tópico macro.
25;025_M1_05_TIPOS_INTEIROS_EM_JAVA.md;M1;Java fundamentos absolutos e lógica aplicada;Tipos inteiros em Java;M1.05.01;M1.05.04;4;Conceito, por que existe e vocabulário essencial | Exemplo mínimo digitado do zero | Exemplo aplicado ao domínio corporativo | Erros comuns, diagnóstico e perguntas de fixação;byte, short, int, long, limites, overflow, sufixo L e escolha correta. Nesta sessão: explicar o conceito com analogias, termos corretos, limites e relação com Java/backend. | byte, short, int, long, limites, overflow, sufixo L e escolha correta. Nesta sessão: criar o menor código ou procedimento possível, executar e observar resultado. | byte, short, int, long, limites, overflow, sufixo L e escolha correta. Nesta sessão: aplicar o assunto em cenário de OS, cliente, produto, pedido, pagamento, auditoria ou mensageria. | byte, short, int, long, limites, overflow, sufixo L e escolha correta. Nesta sessão: quebrar de propósito, interpretar erro, responder perguntas e registrar checklist.;Aula mentorada única cobrindo integralmente todas as sessões operacionais deste tópico macro.
26;026_M1_06_TIPOS_DECIMAIS_E_PRIMEIRAS_LIMITACOES.md;M1;Java fundamentos absolutos e lógica aplicada;Tipos decimais e primeiras limitações;M1.06.01;M1.06.04;4;Conceito, por que existe e vocabulário essencial | Exemplo mínimo digitado do zero | Exemplo aplicado ao domínio corporativo | Erros comuns, diagnóstico e perguntas de fixação;float, double, casas decimais, imprecisão e aviso sobre BigDecimal. Nesta sessão: explicar o conceito com analogias, termos corretos, limites e relação com Java/backend. | float, double, casas decimais, imprecisão e aviso sobre BigDecimal. Nesta sessão: criar o menor código ou procedimento possível, executar e observar resultado. | float, double, casas decimais, imprecisão e aviso sobre BigDecimal. Nesta sessão: aplicar o assunto em cenário de OS, cliente, produto, pedido, pagamento, auditoria ou mensageria. | float, double, casas decimais, imprecisão e aviso sobre BigDecimal. Nesta sessão: quebrar de propósito, interpretar erro, responder perguntas e registrar checklist.;Aula mentorada única cobrindo integralmente todas as sessões operacionais deste tópico macro.
27;027_M1_07_BOOLEAN_E_REGRAS_VERDADEIRAS_FALSAS.md;M1;Java fundamentos absolutos e lógica aplicada;boolean e regras verdadeiras/falsas;M1.07.01;M1.07.04;4;Conceito, por que existe e vocabulário essencial | Exemplo mínimo digitado do zero | Exemplo aplicado ao domínio corporativo | Erros comuns, diagnóstico e perguntas de fixação;flags, condições, nomes booleanos e leitura de regra de negócio. Nesta sessão: explicar o conceito com analogias, termos corretos, limites e relação com Java/backend. | flags, condições, nomes booleanos e leitura de regra de negócio. Nesta sessão: criar o menor código ou procedimento possível, executar e observar resultado. | flags, condições, nomes booleanos e leitura de regra de negócio. Nesta sessão: aplicar o assunto em cenário de OS, cliente, produto, pedido, pagamento, auditoria ou mensageria. | flags, condições, nomes booleanos e leitura de regra de negócio. Nesta sessão: quebrar de propósito, interpretar erro, responder perguntas e registrar checklist.;Aula mentorada única cobrindo integralmente todas as sessões operacionais deste tópico macro.
28;028_M1_08_CHAR_UNICODE_E_TEXTO_INICIAL.md;M1;Java fundamentos absolutos e lógica aplicada;char, Unicode e texto inicial;M1.08.01;M1.08.04;4;Conceito, por que existe e vocabulário essencial | Exemplo mínimo digitado do zero | Exemplo aplicado ao domínio corporativo | Erros comuns, diagnóstico e perguntas de fixação;caractere, aspas simples, diferença para String e uso real limitado. Nesta sessão: explicar o conceito com analogias, termos corretos, limites e relação com Java/backend. | caractere, aspas simples, diferença para String e uso real limitado. Nesta sessão: criar o menor código ou procedimento possível, executar e observar resultado. | caractere, aspas simples, diferença para String e uso real limitado. Nesta sessão: aplicar o assunto em cenário de OS, cliente, produto, pedido, pagamento, auditoria ou mensageria. | caractere, aspas simples, diferença para String e uso real limitado. Nesta sessão: quebrar de propósito, interpretar erro, responder perguntas e registrar checklist.;Aula mentorada única cobrindo integralmente todas as sessões operacionais deste tópico macro.
29;029_M1_09_STRING_BASICA.md;M1;Java fundamentos absolutos e lógica aplicada;String básica;M1.09.01;M1.09.04;4;Conceito, por que existe e vocabulário essencial | Exemplo mínimo digitado do zero | Exemplo aplicado ao domínio corporativo | Erros comuns, diagnóstico e perguntas de fixação;concatenação, length, isEmpty, isBlank, equals, equalsIgnoreCase, contains e trim. Nesta sessão: explicar o conceito com analogias, termos corretos, limites e relação com Java/backend. | concatenação, length, isEmpty, isBlank, equals, equalsIgnoreCase, contains e trim. Nesta sessão: criar o menor código ou procedimento possível, executar e observar resultado. | concatenação, length, isEmpty, isBlank, equals, equalsIgnoreCase, contains e trim. Nesta sessão: aplicar o assunto em cenário de OS, cliente, produto, pedido, pagamento, auditoria ou mensageria. | concatenação, length, isEmpty, isBlank, equals, equalsIgnoreCase, contains e trim. Nesta sessão: quebrar de propósito, interpretar erro, responder perguntas e registrar checklist.;Aula mentorada única cobrindo integralmente todas as sessões operacionais deste tópico macro.
30;030_M1_10_ENTRADA_DE_DADOS_COM_SCANNER.md;M1;Java fundamentos absolutos e lógica aplicada;Entrada de dados com Scanner;M1.10.01;M1.10.04;4;Conceito, por que existe e vocabulário essencial | Exemplo mínimo digitado do zero | Exemplo aplicado ao domínio corporativo | Erros comuns, diagnóstico e perguntas de fixação;nextLine, nextInt, nextDouble, limpeza de buffer, Locale e fechamento. Nesta sessão: explicar o conceito com analogias, termos corretos, limites e relação com Java/backend. | nextLine, nextInt, nextDouble, limpeza de buffer, Locale e fechamento. Nesta sessão: criar o menor código ou procedimento possível, executar e observar resultado. | nextLine, nextInt, nextDouble, limpeza de buffer, Locale e fechamento. Nesta sessão: aplicar o assunto em cenário de OS, cliente, produto, pedido, pagamento, auditoria ou mensageria. | nextLine, nextInt, nextDouble, limpeza de buffer, Locale e fechamento. Nesta sessão: quebrar de propósito, interpretar erro, responder perguntas e registrar checklist.;Aula mentorada única cobrindo integralmente todas as sessões operacionais deste tópico macro.
31;031_M1_11_OPERADORES_ARITMETICOS.md;M1;Java fundamentos absolutos e lógica aplicada;Operadores aritméticos;M1.11.01;M1.11.04;4;Conceito, por que existe e vocabulário essencial | Exemplo mínimo digitado do zero | Exemplo aplicado ao domínio corporativo | Erros comuns, diagnóstico e perguntas de fixação;soma, subtração, multiplicação, divisão, resto, precedência e parênteses. Nesta sessão: explicar o conceito com analogias, termos corretos, limites e relação com Java/backend. | soma, subtração, multiplicação, divisão, resto, precedência e parênteses. Nesta sessão: criar o menor código ou procedimento possível, executar e observar resultado. | soma, subtração, multiplicação, divisão, resto, precedência e parênteses. Nesta sessão: aplicar o assunto em cenário de OS, cliente, produto, pedido, pagamento, auditoria ou mensageria. | soma, subtração, multiplicação, divisão, resto, precedência e parênteses. Nesta sessão: quebrar de propósito, interpretar erro, responder perguntas e registrar checklist.;Aula mentorada única cobrindo integralmente todas as sessões operacionais deste tópico macro.
32;032_M1_12_OPERADORES_RELACIONAIS.md;M1;Java fundamentos absolutos e lógica aplicada;Operadores relacionais;M1.12.01;M1.12.04;4;Conceito, por que existe e vocabulário essencial | Exemplo mínimo digitado do zero | Exemplo aplicado ao domínio corporativo | Erros comuns, diagnóstico e perguntas de fixação;>, <, >=, <=, ==, != e leitura de expressões booleanas. Nesta sessão: explicar o conceito com analogias, termos corretos, limites e relação com Java/backend. | >, <, >=, <=, ==, != e leitura de expressões booleanas. Nesta sessão: criar o menor código ou procedimento possível, executar e observar resultado. | >, <, >=, <=, ==, != e leitura de expressões booleanas. Nesta sessão: aplicar o assunto em cenário de OS, cliente, produto, pedido, pagamento, auditoria ou mensageria. | >, <, >=, <=, ==, != e leitura de expressões booleanas. Nesta sessão: quebrar de propósito, interpretar erro, responder perguntas e registrar checklist.;Aula mentorada única cobrindo integralmente todas as sessões operacionais deste tópico macro.
33;033_M1_13_OPERADORES_LOGICOS.md;M1;Java fundamentos absolutos e lógica aplicada;Operadores lógicos;M1.13.01;M1.13.04;4;Conceito, por que existe e vocabulário essencial | Exemplo mínimo digitado do zero | Exemplo aplicado ao domínio corporativo | Erros comuns, diagnóstico e perguntas de fixação;&&, ||, !, curto-circuito, combinações e clareza. Nesta sessão: explicar o conceito com analogias, termos corretos, limites e relação com Java/backend. | &&, ||, !, curto-circuito, combinações e clareza. Nesta sessão: criar o menor código ou procedimento possível, executar e observar resultado. | &&, ||, !, curto-circuito, combinações e clareza. Nesta sessão: aplicar o assunto em cenário de OS, cliente, produto, pedido, pagamento, auditoria ou mensageria. | &&, ||, !, curto-circuito, combinações e clareza. Nesta sessão: quebrar de propósito, interpretar erro, responder perguntas e registrar checklist.;Aula mentorada única cobrindo integralmente todas as sessões operacionais deste tópico macro.
34;034_M1_14_INCREMENTO_DECREMENTO_E_ACUMULADORES.md;M1;Java fundamentos absolutos e lógica aplicada;Incremento, decremento e acumuladores;M1.14.01;M1.14.04;4;Conceito, por que existe e vocabulário essencial | Exemplo mínimo digitado do zero | Exemplo aplicado ao domínio corporativo | Erros comuns, diagnóstico e perguntas de fixação;++, --, totalizadores, contadores e padrões de loop. Nesta sessão: explicar o conceito com analogias, termos corretos, limites e relação com Java/backend. | ++, --, totalizadores, contadores e padrões de loop. Nesta sessão: criar o menor código ou procedimento possível, executar e observar resultado. | ++, --, totalizadores, contadores e padrões de loop. Nesta sessão: aplicar o assunto em cenário de OS, cliente, produto, pedido, pagamento, auditoria ou mensageria. | ++, --, totalizadores, contadores e padrões de loop. Nesta sessão: quebrar de propósito, interpretar erro, responder perguntas e registrar checklist.;Aula mentorada única cobrindo integralmente todas as sessões operacionais deste tópico macro.
35;035_M1_15_IF_ELSE_IF_E_ELSE.md;M1;Java fundamentos absolutos e lógica aplicada;If, else if e else;M1.15.01;M1.15.04;4;Conceito, por que existe e vocabulário essencial | Exemplo mínimo digitado do zero | Exemplo aplicado ao domínio corporativo | Erros comuns, diagnóstico e perguntas de fixação;decisão, fluxo, validações, mensagens e condições simples. Nesta sessão: explicar o conceito com analogias, termos corretos, limites e relação com Java/backend. | decisão, fluxo, validações, mensagens e condições simples. Nesta sessão: criar o menor código ou procedimento possível, executar e observar resultado. | decisão, fluxo, validações, mensagens e condições simples. Nesta sessão: aplicar o assunto em cenário de OS, cliente, produto, pedido, pagamento, auditoria ou mensageria. | decisão, fluxo, validações, mensagens e condições simples. Nesta sessão: quebrar de propósito, interpretar erro, responder perguntas e registrar checklist.;Aula mentorada única cobrindo integralmente todas as sessões operacionais deste tópico macro.
36;036_M1_16_IFS_ANINHADOS_E_SIMPLIFICACAO.md;M1;Java fundamentos absolutos e lógica aplicada;Ifs aninhados e simplificação;M1.16.01;M1.16.04;4;Conceito, por que existe e vocabulário essencial | Exemplo mínimo digitado do zero | Exemplo aplicado ao domínio corporativo | Erros comuns, diagnóstico e perguntas de fixação;quando aninhar, quando evitar, leitura ruim e preparação para guard clauses. Nesta sessão: explicar o conceito com analogias, termos corretos, limites e relação com Java/backend. | quando aninhar, quando evitar, leitura ruim e preparação para guard clauses. Nesta sessão: criar o menor código ou procedimento possível, executar e observar resultado. | quando aninhar, quando evitar, leitura ruim e preparação para guard clauses. Nesta sessão: aplicar o assunto em cenário de OS, cliente, produto, pedido, pagamento, auditoria ou mensageria. | quando aninhar, quando evitar, leitura ruim e preparação para guard clauses. Nesta sessão: quebrar de propósito, interpretar erro, responder perguntas e registrar checklist.;Aula mentorada única cobrindo integralmente todas as sessões operacionais deste tópico macro.
37;037_M1_17_SWITCH_TRADICIONAL.md;M1;Java fundamentos absolutos e lógica aplicada;Switch tradicional;M1.17.01;M1.17.04;4;Conceito, por que existe e vocabulário essencial | Exemplo mínimo digitado do zero | Exemplo aplicado ao domínio corporativo | Erros comuns, diagnóstico e perguntas de fixação;case, break, default, menus, status e risco de fall-through. Nesta sessão: explicar o conceito com analogias, termos corretos, limites e relação com Java/backend. | case, break, default, menus, status e risco de fall-through. Nesta sessão: criar o menor código ou procedimento possível, executar e observar resultado. | case, break, default, menus, status e risco de fall-through. Nesta sessão: aplicar o assunto em cenário de OS, cliente, produto, pedido, pagamento, auditoria ou mensageria. | case, break, default, menus, status e risco de fall-through. Nesta sessão: quebrar de propósito, interpretar erro, responder perguntas e registrar checklist.;Aula mentorada única cobrindo integralmente todas as sessões operacionais deste tópico macro.
38;038_M1_18_SWITCH_MODERNO_E_EXPRESSOES.md;M1;Java fundamentos absolutos e lógica aplicada;Switch moderno e expressões;M1.18.01;M1.18.04;4;Conceito, por que existe e vocabulário essencial | Exemplo mínimo digitado do zero | Exemplo aplicado ao domínio corporativo | Erros comuns, diagnóstico e perguntas de fixação;arrow syntax, yield, retorno de valor e uso com enum futuramente. Nesta sessão: explicar o conceito com analogias, termos corretos, limites e relação com Java/backend. | arrow syntax, yield, retorno de valor e uso com enum futuramente. Nesta sessão: criar o menor código ou procedimento possível, executar e observar resultado. | arrow syntax, yield, retorno de valor e uso com enum futuramente. Nesta sessão: aplicar o assunto em cenário de OS, cliente, produto, pedido, pagamento, auditoria ou mensageria. | arrow syntax, yield, retorno de valor e uso com enum futuramente. Nesta sessão: quebrar de propósito, interpretar erro, responder perguntas e registrar checklist.;Aula mentorada única cobrindo integralmente todas as sessões operacionais deste tópico macro.
39;039_M1_19_WHILE.md;M1;Java fundamentos absolutos e lógica aplicada;While;M1.19.01;M1.19.04;4;Conceito, por que existe e vocabulário essencial | Exemplo mínimo digitado do zero | Exemplo aplicado ao domínio corporativo | Erros comuns, diagnóstico e perguntas de fixação;repetição com condição, loops controlados, risco de loop infinito. Nesta sessão: explicar o conceito com analogias, termos corretos, limites e relação com Java/backend. | repetição com condição, loops controlados, risco de loop infinito. Nesta sessão: criar o menor código ou procedimento possível, executar e observar resultado. | repetição com condição, loops controlados, risco de loop infinito. Nesta sessão: aplicar o assunto em cenário de OS, cliente, produto, pedido, pagamento, auditoria ou mensageria. | repetição com condição, loops controlados, risco de loop infinito. Nesta sessão: quebrar de propósito, interpretar erro, responder perguntas e registrar checklist.;Aula mentorada única cobrindo integralmente todas as sessões operacionais deste tópico macro.
40;040_M1_20_DO_WHILE.md;M1;Java fundamentos absolutos e lógica aplicada;Do while;M1.20.01;M1.20.04;4;Conceito, por que existe e vocabulário essencial | Exemplo mínimo digitado do zero | Exemplo aplicado ao domínio corporativo | Erros comuns, diagnóstico e perguntas de fixação;menu que executa ao menos uma vez, opção sair e validação interativa. Nesta sessão: explicar o conceito com analogias, termos corretos, limites e relação com Java/backend. | menu que executa ao menos uma vez, opção sair e validação interativa. Nesta sessão: criar o menor código ou procedimento possível, executar e observar resultado. | menu que executa ao menos uma vez, opção sair e validação interativa. Nesta sessão: aplicar o assunto em cenário de OS, cliente, produto, pedido, pagamento, auditoria ou mensageria. | menu que executa ao menos uma vez, opção sair e validação interativa. Nesta sessão: quebrar de propósito, interpretar erro, responder perguntas e registrar checklist.;Aula mentorada única cobrindo integralmente todas as sessões operacionais deste tópico macro.
41;041_M1_21_FOR_CLASSICO.md;M1;Java fundamentos absolutos e lógica aplicada;For clássico;M1.21.01;M1.21.04;4;Conceito, por que existe e vocabulário essencial | Exemplo mínimo digitado do zero | Exemplo aplicado ao domínio corporativo | Erros comuns, diagnóstico e perguntas de fixação;contador, início, condição, incremento, repetição controlada. Nesta sessão: explicar o conceito com analogias, termos corretos, limites e relação com Java/backend. | contador, início, condição, incremento, repetição controlada. Nesta sessão: criar o menor código ou procedimento possível, executar e observar resultado. | contador, início, condição, incremento, repetição controlada. Nesta sessão: aplicar o assunto em cenário de OS, cliente, produto, pedido, pagamento, auditoria ou mensageria. | contador, início, condição, incremento, repetição controlada. Nesta sessão: quebrar de propósito, interpretar erro, responder perguntas e registrar checklist.;Aula mentorada única cobrindo integralmente todas as sessões operacionais deste tópico macro.
42;042_M1_22_BREAK_E_CONTINUE.md;M1;Java fundamentos absolutos e lógica aplicada;Break e continue;M1.22.01;M1.22.04;4;Conceito, por que existe e vocabulário essencial | Exemplo mínimo digitado do zero | Exemplo aplicado ao domínio corporativo | Erros comuns, diagnóstico e perguntas de fixação;parar processamento, pular item inválido e diferença prática. Nesta sessão: explicar o conceito com analogias, termos corretos, limites e relação com Java/backend. | parar processamento, pular item inválido e diferença prática. Nesta sessão: criar o menor código ou procedimento possível, executar e observar resultado. | parar processamento, pular item inválido e diferença prática. Nesta sessão: aplicar o assunto em cenário de OS, cliente, produto, pedido, pagamento, auditoria ou mensageria. | parar processamento, pular item inválido e diferença prática. Nesta sessão: quebrar de propósito, interpretar erro, responder perguntas e registrar checklist.;Aula mentorada única cobrindo integralmente todas as sessões operacionais deste tópico macro.
43;043_M1_23_LACOS_ANINHADOS.md;M1;Java fundamentos absolutos e lógica aplicada;Laços aninhados;M1.23.01;M1.23.04;4;Conceito, por que existe e vocabulário essencial | Exemplo mínimo digitado do zero | Exemplo aplicado ao domínio corporativo | Erros comuns, diagnóstico e perguntas de fixação;matrizes conceituais, menus com subfluxos e cuidado com complexidade. Nesta sessão: explicar o conceito com analogias, termos corretos, limites e relação com Java/backend. | matrizes conceituais, menus com subfluxos e cuidado com complexidade. Nesta sessão: criar o menor código ou procedimento possível, executar e observar resultado. | matrizes conceituais, menus com subfluxos e cuidado com complexidade. Nesta sessão: aplicar o assunto em cenário de OS, cliente, produto, pedido, pagamento, auditoria ou mensageria. | matrizes conceituais, menus com subfluxos e cuidado com complexidade. Nesta sessão: quebrar de propósito, interpretar erro, responder perguntas e registrar checklist.;Aula mentorada única cobrindo integralmente todas as sessões operacionais deste tópico macro.
44;044_M1_24_VALIDACAO_DE_ENTRADA_SEM_TRY_CATCH_PROFUNDO.md;M1;Java fundamentos absolutos e lógica aplicada;Validação de entrada sem try/catch profundo;M1.24.01;M1.24.04;4;Conceito, por que existe e vocabulário essencial | Exemplo mínimo digitado do zero | Exemplo aplicado ao domínio corporativo | Erros comuns, diagnóstico e perguntas de fixação;while de validação, mensagens, tentativa novamente e proteção inicial. Nesta sessão: explicar o conceito com analogias, termos corretos, limites e relação com Java/backend. | while de validação, mensagens, tentativa novamente e proteção inicial. Nesta sessão: criar o menor código ou procedimento possível, executar e observar resultado. | while de validação, mensagens, tentativa novamente e proteção inicial. Nesta sessão: aplicar o assunto em cenário de OS, cliente, produto, pedido, pagamento, auditoria ou mensageria. | while de validação, mensagens, tentativa novamente e proteção inicial. Nesta sessão: quebrar de propósito, interpretar erro, responder perguntas e registrar checklist.;Aula mentorada única cobrindo integralmente todas as sessões operacionais deste tópico macro.
45;045_M1_25_ARRAYS_DE_NUMEROS.md;M1;Java fundamentos absolutos e lógica aplicada;Arrays de números;M1.25.01;M1.25.04;4;Conceito, por que existe e vocabulário essencial | Exemplo mínimo digitado do zero | Exemplo aplicado ao domínio corporativo | Erros comuns, diagnóstico e perguntas de fixação;declaração, inicialização, índice, length, iteração, soma e média. Nesta sessão: explicar o conceito com analogias, termos corretos, limites e relação com Java/backend. | declaração, inicialização, índice, length, iteração, soma e média. Nesta sessão: criar o menor código ou procedimento possível, executar e observar resultado. | declaração, inicialização, índice, length, iteração, soma e média. Nesta sessão: aplicar o assunto em cenário de OS, cliente, produto, pedido, pagamento, auditoria ou mensageria. | declaração, inicialização, índice, length, iteração, soma e média. Nesta sessão: quebrar de propósito, interpretar erro, responder perguntas e registrar checklist.;Aula mentorada única cobrindo integralmente todas as sessões operacionais deste tópico macro.
46;046_M1_26_ARRAYS_COM_TAMANHO_DEFINIDO_PELO_USUARIO.md;M1;Java fundamentos absolutos e lógica aplicada;Arrays com tamanho definido pelo usuário;M1.26.01;M1.26.04;4;Conceito, por que existe e vocabulário essencial | Exemplo mínimo digitado do zero | Exemplo aplicado ao domínio corporativo | Erros comuns, diagnóstico e perguntas de fixação;new double[n], preenchimento com Scanner e validação de quantidade. Nesta sessão: explicar o conceito com analogias, termos corretos, limites e relação com Java/backend. | new double[n], preenchimento com Scanner e validação de quantidade. Nesta sessão: criar o menor código ou procedimento possível, executar e observar resultado. | new double[n], preenchimento com Scanner e validação de quantidade. Nesta sessão: aplicar o assunto em cenário de OS, cliente, produto, pedido, pagamento, auditoria ou mensageria. | new double[n], preenchimento com Scanner e validação de quantidade. Nesta sessão: quebrar de propósito, interpretar erro, responder perguntas e registrar checklist.;Aula mentorada única cobrindo integralmente todas as sessões operacionais deste tópico macro.
47;047_M1_27_ALTERACAO_DE_POSICOES_DO_ARRAY.md;M1;Java fundamentos absolutos e lógica aplicada;Alteração de posições do array;M1.27.01;M1.27.04;4;Conceito, por que existe e vocabulário essencial | Exemplo mínimo digitado do zero | Exemplo aplicado ao domínio corporativo | Erros comuns, diagnóstico e perguntas de fixação;substituição de valor, default values e risco de índice inválido. Nesta sessão: explicar o conceito com analogias, termos corretos, limites e relação com Java/backend. | substituição de valor, default values e risco de índice inválido. Nesta sessão: criar o menor código ou procedimento possível, executar e observar resultado. | substituição de valor, default values e risco de índice inválido. Nesta sessão: aplicar o assunto em cenário de OS, cliente, produto, pedido, pagamento, auditoria ou mensageria. | substituição de valor, default values e risco de índice inválido. Nesta sessão: quebrar de propósito, interpretar erro, responder perguntas e registrar checklist.;Aula mentorada única cobrindo integralmente todas as sessões operacionais deste tópico macro.
48;048_M1_28_BUSCA_EM_ARRAY.md;M1;Java fundamentos absolutos e lógica aplicada;Busca em array;M1.28.01;M1.28.04;4;Conceito, por que existe e vocabulário essencial | Exemplo mínimo digitado do zero | Exemplo aplicado ao domínio corporativo | Erros comuns, diagnóstico e perguntas de fixação;procurar valor, flag encontrou, posição encontrada e break. Nesta sessão: explicar o conceito com analogias, termos corretos, limites e relação com Java/backend. | procurar valor, flag encontrou, posição encontrada e break. Nesta sessão: criar o menor código ou procedimento possível, executar e observar resultado. | procurar valor, flag encontrou, posição encontrada e break. Nesta sessão: aplicar o assunto em cenário de OS, cliente, produto, pedido, pagamento, auditoria ou mensageria. | procurar valor, flag encontrou, posição encontrada e break. Nesta sessão: quebrar de propósito, interpretar erro, responder perguntas e registrar checklist.;Aula mentorada única cobrindo integralmente todas as sessões operacionais deste tópico macro.
49;049_M1_29_MAIOR_MENOR_SOMA_E_MEDIA_EM_ARRAY.md;M1;Java fundamentos absolutos e lógica aplicada;Maior, menor, soma e média em array;M1.29.01;M1.29.04;4;Conceito, por que existe e vocabulário essencial | Exemplo mínimo digitado do zero | Exemplo aplicado ao domínio corporativo | Erros comuns, diagnóstico e perguntas de fixação;inicialização correta, comparação e relatório final. Nesta sessão: explicar o conceito com analogias, termos corretos, limites e relação com Java/backend. | inicialização correta, comparação e relatório final. Nesta sessão: criar o menor código ou procedimento possível, executar e observar resultado. | inicialização correta, comparação e relatório final. Nesta sessão: aplicar o assunto em cenário de OS, cliente, produto, pedido, pagamento, auditoria ou mensageria. | inicialização correta, comparação e relatório final. Nesta sessão: quebrar de propósito, interpretar erro, responder perguntas e registrar checklist.;Aula mentorada única cobrindo integralmente todas as sessões operacionais deste tópico macro.
50;050_M1_30_ARRAYS_DE_STRING.md;M1;Java fundamentos absolutos e lógica aplicada;Arrays de String;M1.30.01;M1.30.04;4;Conceito, por que existe e vocabulário essencial | Exemplo mínimo digitado do zero | Exemplo aplicado ao domínio corporativo | Erros comuns, diagnóstico e perguntas de fixação;lista de nomes, isEmpty/isBlank, equals e validação textual. Nesta sessão: explicar o conceito com analogias, termos corretos, limites e relação com Java/backend. | lista de nomes, isEmpty/isBlank, equals e validação textual. Nesta sessão: criar o menor código ou procedimento possível, executar e observar resultado. | lista de nomes, isEmpty/isBlank, equals e validação textual. Nesta sessão: aplicar o assunto em cenário de OS, cliente, produto, pedido, pagamento, auditoria ou mensageria. | lista de nomes, isEmpty/isBlank, equals e validação textual. Nesta sessão: quebrar de propósito, interpretar erro, responder perguntas e registrar checklist.;Aula mentorada única cobrindo integralmente todas as sessões operacionais deste tópico macro.
51;051_M1_31_ARRAYS_PARALELOS.md;M1;Java fundamentos absolutos e lógica aplicada;Arrays paralelos;M1.31.01;M1.31.04;4;Conceito, por que existe e vocabulário essencial | Exemplo mínimo digitado do zero | Exemplo aplicado ao domínio corporativo | Erros comuns, diagnóstico e perguntas de fixação;cliente, valor, status, vínculo por índice, fragilidade e preparação para objetos. Nesta sessão: explicar o conceito com analogias, termos corretos, limites e relação com Java/backend. | cliente, valor, status, vínculo por índice, fragilidade e preparação para objetos. Nesta sessão: criar o menor código ou procedimento possível, executar e observar resultado. | cliente, valor, status, vínculo por índice, fragilidade e preparação para objetos. Nesta sessão: aplicar o assunto em cenário de OS, cliente, produto, pedido, pagamento, auditoria ou mensageria. | cliente, valor, status, vínculo por índice, fragilidade e preparação para objetos. Nesta sessão: quebrar de propósito, interpretar erro, responder perguntas e registrar checklist.;Aula mentorada única cobrindo integralmente todas as sessões operacionais deste tópico macro.
52;052_M1_32_MATRIZ_BIDIMENSIONAL_INICIAL.md;M1;Java fundamentos absolutos e lógica aplicada;Matriz bidimensional inicial;M1.32.01;M1.32.04;4;Conceito, por que existe e vocabulário essencial | Exemplo mínimo digitado do zero | Exemplo aplicado ao domínio corporativo | Erros comuns, diagnóstico e perguntas de fixação;linhas, colunas, tabela simples, leitura e exibição. Nesta sessão: explicar o conceito com analogias, termos corretos, limites e relação com Java/backend. | linhas, colunas, tabela simples, leitura e exibição. Nesta sessão: criar o menor código ou procedimento possível, executar e observar resultado. | linhas, colunas, tabela simples, leitura e exibição. Nesta sessão: aplicar o assunto em cenário de OS, cliente, produto, pedido, pagamento, auditoria ou mensageria. | linhas, colunas, tabela simples, leitura e exibição. Nesta sessão: quebrar de propósito, interpretar erro, responder perguntas e registrar checklist.;Aula mentorada única cobrindo integralmente todas as sessões operacionais deste tópico macro.
53;053_M1_33_METODOS_SEM_RETORNO.md;M1;Java fundamentos absolutos e lógica aplicada;Métodos sem retorno;M1.33.01;M1.33.04;4;Conceito, por que existe e vocabulário essencial | Exemplo mínimo digitado do zero | Exemplo aplicado ao domínio corporativo | Erros comuns, diagnóstico e perguntas de fixação;assinatura, void, chamada, responsabilidade e organização. Nesta sessão: explicar o conceito com analogias, termos corretos, limites e relação com Java/backend. | assinatura, void, chamada, responsabilidade e organização. Nesta sessão: criar o menor código ou procedimento possível, executar e observar resultado. | assinatura, void, chamada, responsabilidade e organização. Nesta sessão: aplicar o assunto em cenário de OS, cliente, produto, pedido, pagamento, auditoria ou mensageria. | assinatura, void, chamada, responsabilidade e organização. Nesta sessão: quebrar de propósito, interpretar erro, responder perguntas e registrar checklist.;Aula mentorada única cobrindo integralmente todas as sessões operacionais deste tópico macro.
54;054_M1_34_METODOS_COM_RETORNO.md;M1;Java fundamentos absolutos e lógica aplicada;Métodos com retorno;M1.34.01;M1.34.04;4;Conceito, por que existe e vocabulário essencial | Exemplo mínimo digitado do zero | Exemplo aplicado ao domínio corporativo | Erros comuns, diagnóstico e perguntas de fixação;return, tipo de retorno, uso do resultado e clareza. Nesta sessão: explicar o conceito com analogias, termos corretos, limites e relação com Java/backend. | return, tipo de retorno, uso do resultado e clareza. Nesta sessão: criar o menor código ou procedimento possível, executar e observar resultado. | return, tipo de retorno, uso do resultado e clareza. Nesta sessão: aplicar o assunto em cenário de OS, cliente, produto, pedido, pagamento, auditoria ou mensageria. | return, tipo de retorno, uso do resultado e clareza. Nesta sessão: quebrar de propósito, interpretar erro, responder perguntas e registrar checklist.;Aula mentorada única cobrindo integralmente todas as sessões operacionais deste tópico macro.
55;055_M1_35_METODOS_COM_PARAMETROS.md;M1;Java fundamentos absolutos e lógica aplicada;Métodos com parâmetros;M1.35.01;M1.35.04;4;Conceito, por que existe e vocabulário essencial | Exemplo mínimo digitado do zero | Exemplo aplicado ao domínio corporativo | Erros comuns, diagnóstico e perguntas de fixação;entrada de dados para método, ordem, nomes e legibilidade. Nesta sessão: explicar o conceito com analogias, termos corretos, limites e relação com Java/backend. | entrada de dados para método, ordem, nomes e legibilidade. Nesta sessão: criar o menor código ou procedimento possível, executar e observar resultado. | entrada de dados para método, ordem, nomes e legibilidade. Nesta sessão: aplicar o assunto em cenário de OS, cliente, produto, pedido, pagamento, auditoria ou mensageria. | entrada de dados para método, ordem, nomes e legibilidade. Nesta sessão: quebrar de propósito, interpretar erro, responder perguntas e registrar checklist.;Aula mentorada única cobrindo integralmente todas as sessões operacionais deste tópico macro.
56;056_M1_36_SOBRECARGA_DE_METODOS_INICIAL.md;M1;Java fundamentos absolutos e lógica aplicada;Sobrecarga de métodos inicial;M1.36.01;M1.36.04;4;Conceito, por que existe e vocabulário essencial | Exemplo mínimo digitado do zero | Exemplo aplicado ao domínio corporativo | Erros comuns, diagnóstico e perguntas de fixação;mesmo nome com parâmetros diferentes e quando evitar confusão. Nesta sessão: explicar o conceito com analogias, termos corretos, limites e relação com Java/backend. | mesmo nome com parâmetros diferentes e quando evitar confusão. Nesta sessão: criar o menor código ou procedimento possível, executar e observar resultado. | mesmo nome com parâmetros diferentes e quando evitar confusão. Nesta sessão: aplicar o assunto em cenário de OS, cliente, produto, pedido, pagamento, auditoria ou mensageria. | mesmo nome com parâmetros diferentes e quando evitar confusão. Nesta sessão: quebrar de propósito, interpretar erro, responder perguntas e registrar checklist.;Aula mentorada única cobrindo integralmente todas as sessões operacionais deste tópico macro.
57;057_M1_37_ESCOPO_DE_VARIAVEIS.md;M1;Java fundamentos absolutos e lógica aplicada;Escopo de variáveis;M1.37.01;M1.37.04;4;Conceito, por que existe e vocabulário essencial | Exemplo mínimo digitado do zero | Exemplo aplicado ao domínio corporativo | Erros comuns, diagnóstico e perguntas de fixação;variável local, parâmetro, bloco, sombra e tempo de vida. Nesta sessão: explicar o conceito com analogias, termos corretos, limites e relação com Java/backend. | variável local, parâmetro, bloco, sombra e tempo de vida. Nesta sessão: criar o menor código ou procedimento possível, executar e observar resultado. | variável local, parâmetro, bloco, sombra e tempo de vida. Nesta sessão: aplicar o assunto em cenário de OS, cliente, produto, pedido, pagamento, auditoria ou mensageria. | variável local, parâmetro, bloco, sombra e tempo de vida. Nesta sessão: quebrar de propósito, interpretar erro, responder perguntas e registrar checklist.;Aula mentorada única cobrindo integralmente todas as sessões operacionais deste tópico macro.
58;058_M1_38_PASSAGEM_DE_VALORES_E_REFERENCIAS.md;M1;Java fundamentos absolutos e lógica aplicada;Passagem de valores e referências;M1.38.01;M1.38.04;4;Conceito, por que existe e vocabulário essencial | Exemplo mínimo digitado do zero | Exemplo aplicado ao domínio corporativo | Erros comuns, diagnóstico e perguntas de fixação;pass-by-value em Java, primitivos, objetos e arrays. Nesta sessão: explicar o conceito com analogias, termos corretos, limites e relação com Java/backend. | pass-by-value em Java, primitivos, objetos e arrays. Nesta sessão: criar o menor código ou procedimento possível, executar e observar resultado. | pass-by-value em Java, primitivos, objetos e arrays. Nesta sessão: aplicar o assunto em cenário de OS, cliente, produto, pedido, pagamento, auditoria ou mensageria. | pass-by-value em Java, primitivos, objetos e arrays. Nesta sessão: quebrar de propósito, interpretar erro, responder perguntas e registrar checklist.;Aula mentorada única cobrindo integralmente todas as sessões operacionais deste tópico macro.
59;059_M1_39_TRATAMENTO_INICIAL_DE_ERROS_DE_ENTRADA.md;M1;Java fundamentos absolutos e lógica aplicada;Tratamento inicial de erros de entrada;M1.39.01;M1.39.04;4;Conceito, por que existe e vocabulário essencial | Exemplo mínimo digitado do zero | Exemplo aplicado ao domínio corporativo | Erros comuns, diagnóstico e perguntas de fixação;InputMismatchException, try/catch básico e recuperação. Nesta sessão: explicar o conceito com analogias, termos corretos, limites e relação com Java/backend. | InputMismatchException, try/catch básico e recuperação. Nesta sessão: criar o menor código ou procedimento possível, executar e observar resultado. | InputMismatchException, try/catch básico e recuperação. Nesta sessão: aplicar o assunto em cenário de OS, cliente, produto, pedido, pagamento, auditoria ou mensageria. | InputMismatchException, try/catch básico e recuperação. Nesta sessão: quebrar de propósito, interpretar erro, responder perguntas e registrar checklist.;Aula mentorada única cobrindo integralmente todas as sessões operacionais deste tópico macro.
60;060_M1_40_DEBUG_APLICADO_AOS_FUNDAMENTOS.md;M1;Java fundamentos absolutos e lógica aplicada;Debug aplicado aos fundamentos;M1.40.01;M1.40.04;4;Conceito, por que existe e vocabulário essencial | Exemplo mínimo digitado do zero | Exemplo aplicado ao domínio corporativo | Erros comuns, diagnóstico e perguntas de fixação;breakpoint em if, laço, array, método e inspeção de variáveis. Nesta sessão: explicar o conceito com analogias, termos corretos, limites e relação com Java/backend. | breakpoint em if, laço, array, método e inspeção de variáveis. Nesta sessão: criar o menor código ou procedimento possível, executar e observar resultado. | breakpoint em if, laço, array, método e inspeção de variáveis. Nesta sessão: aplicar o assunto em cenário de OS, cliente, produto, pedido, pagamento, auditoria ou mensageria. | breakpoint em if, laço, array, método e inspeção de variáveis. Nesta sessão: quebrar de propósito, interpretar erro, responder perguntas e registrar checklist.;Aula mentorada única cobrindo integralmente todas as sessões operacionais deste tópico macro.
61;061_M1_41_MINI_PROJETO_CALCULADORA_PROFISSIONAL_CONSOLE.md;M1;Java fundamentos absolutos e lógica aplicada;Mini projeto calculadora profissional console;M1.41.01;M1.41.04;4;Conceito, por que existe e vocabulário essencial | Exemplo mínimo digitado do zero | Exemplo aplicado ao domínio corporativo | Erros comuns, diagnóstico e perguntas de fixação;menu, métodos, histórico em array, resultados pares, validações e documentação. Nesta sessão: explicar o conceito com analogias, termos corretos, limites e relação com Java/backend. | menu, métodos, histórico em array, resultados pares, validações e documentação. Nesta sessão: criar o menor código ou procedimento possível, executar e observar resultado. | menu, métodos, histórico em array, resultados pares, validações e documentação. Nesta sessão: aplicar o assunto em cenário de OS, cliente, produto, pedido, pagamento, auditoria ou mensageria. | menu, métodos, histórico em array, resultados pares, validações e documentação. Nesta sessão: quebrar de propósito, interpretar erro, responder perguntas e registrar checklist.;Aula mentorada única cobrindo integralmente todas as sessões operacionais deste tópico macro.
62;062_M2_01_JVM_BYTECODE_E_EXECUCAO_POR_BAIXO.md;M2;Java Core profundo e APIs essenciais da linguagem;JVM, bytecode e execução por baixo;M2.01.01;M2.01.04;4;Conceito profundo e quando usar | Implementação guiada com código realista | Refatoração, melhoria e leitura crítica | Exercício solo, perguntas e critério de aprovação;compilação, interpretação/JIT conceitual, classloader básico e portabilidade. Nesta sessão: entender motivação, alternativas, trade-offs e armadilhas. | compilação, interpretação/JIT conceitual, classloader básico e portabilidade. Nesta sessão: codar passo a passo uma solução pequena, com nomes bons e saídas verificáveis. | compilação, interpretação/JIT conceitual, classloader básico e portabilidade. Nesta sessão: melhorar nomes, responsabilidades, duplicações, organização e legibilidade. | compilação, interpretação/JIT conceitual, classloader básico e portabilidade. Nesta sessão: resolver variação sem copiar, explicar decisões e validar com checklist.;Aula mentorada única cobrindo integralmente todas as sessões operacionais deste tópico macro.
63;063_M2_02_STACK_HEAP_E_REFERENCIAS.md;M2;Java Core profundo e APIs essenciais da linguagem;Stack, heap e referências;M2.02.01;M2.02.04;4;Conceito profundo e quando usar | Implementação guiada com código realista | Refatoração, melhoria e leitura crítica | Exercício solo, perguntas e critério de aprovação;memória de variáveis locais, objetos, referências, null e ciclo de vida. Nesta sessão: entender motivação, alternativas, trade-offs e armadilhas. | memória de variáveis locais, objetos, referências, null e ciclo de vida. Nesta sessão: codar passo a passo uma solução pequena, com nomes bons e saídas verificáveis. | memória de variáveis locais, objetos, referências, null e ciclo de vida. Nesta sessão: melhorar nomes, responsabilidades, duplicações, organização e legibilidade. | memória de variáveis locais, objetos, referências, null e ciclo de vida. Nesta sessão: resolver variação sem copiar, explicar decisões e validar com checklist.;Aula mentorada única cobrindo integralmente todas as sessões operacionais deste tópico macro.
64;064_M2_03_GARBAGE_COLLECTOR_CONCEITUAL.md;M2;Java Core profundo e APIs essenciais da linguagem;Garbage Collector conceitual;M2.03.01;M2.03.04;4;Conceito profundo e quando usar | Implementação guiada com código realista | Refatoração, melhoria e leitura crítica | Exercício solo, perguntas e critério de aprovação;objetos elegíveis, memória liberada, sintomas de vazamento e noção de GC. Nesta sessão: entender motivação, alternativas, trade-offs e armadilhas. | objetos elegíveis, memória liberada, sintomas de vazamento e noção de GC. Nesta sessão: codar passo a passo uma solução pequena, com nomes bons e saídas verificáveis. | objetos elegíveis, memória liberada, sintomas de vazamento e noção de GC. Nesta sessão: melhorar nomes, responsabilidades, duplicações, organização e legibilidade. | objetos elegíveis, memória liberada, sintomas de vazamento e noção de GC. Nesta sessão: resolver variação sem copiar, explicar decisões e validar com checklist.;Aula mentorada única cobrindo integralmente todas as sessões operacionais deste tópico macro.
65;065_M2_04_DEFAULT_VALUES_E_INICIALIZACAO.md;M2;Java Core profundo e APIs essenciais da linguagem;Default values e inicialização;M2.04.01;M2.04.04;4;Conceito profundo e quando usar | Implementação guiada com código realista | Refatoração, melhoria e leitura crítica | Exercício solo, perguntas e critério de aprovação;valores padrão de campos, arrays, variáveis locais e erros de compilação. Nesta sessão: entender motivação, alternativas, trade-offs e armadilhas. | valores padrão de campos, arrays, variáveis locais e erros de compilação. Nesta sessão: codar passo a passo uma solução pequena, com nomes bons e saídas verificáveis. | valores padrão de campos, arrays, variáveis locais e erros de compilação. Nesta sessão: melhorar nomes, responsabilidades, duplicações, organização e legibilidade. | valores padrão de campos, arrays, variáveis locais e erros de compilação. Nesta sessão: resolver variação sem copiar, explicar decisões e validar com checklist.;Aula mentorada única cobrindo integralmente todas as sessões operacionais deste tópico macro.
66;066_M2_05_NULL_E_NULLPOINTEREXCEPTION.md;M2;Java Core profundo e APIs essenciais da linguagem;Null e NullPointerException;M2.05.01;M2.05.04;4;Conceito profundo e quando usar | Implementação guiada com código realista | Refatoração, melhoria e leitura crítica | Exercício solo, perguntas e critério de aprovação;causas, prevenção, validação, mensagens e Optional no momento certo. Nesta sessão: entender motivação, alternativas, trade-offs e armadilhas. | causas, prevenção, validação, mensagens e Optional no momento certo. Nesta sessão: codar passo a passo uma solução pequena, com nomes bons e saídas verificáveis. | causas, prevenção, validação, mensagens e Optional no momento certo. Nesta sessão: melhorar nomes, responsabilidades, duplicações, organização e legibilidade. | causas, prevenção, validação, mensagens e Optional no momento certo. Nesta sessão: resolver variação sem copiar, explicar decisões e validar com checklist.;Aula mentorada única cobrindo integralmente todas as sessões operacionais deste tópico macro.
67;067_M2_06_STRING_POOL_E_IMUTABILIDADE_DE_STRING.md;M2;Java Core profundo e APIs essenciais da linguagem;String pool e imutabilidade de String;M2.06.01;M2.06.04;4;Conceito profundo e quando usar | Implementação guiada com código realista | Refatoração, melhoria e leitura crítica | Exercício solo, perguntas e critério de aprovação;literais, new String, equals, ==, concatenação e performance. Nesta sessão: entender motivação, alternativas, trade-offs e armadilhas. | literais, new String, equals, ==, concatenação e performance. Nesta sessão: codar passo a passo uma solução pequena, com nomes bons e saídas verificáveis. | literais, new String, equals, ==, concatenação e performance. Nesta sessão: melhorar nomes, responsabilidades, duplicações, organização e legibilidade. | literais, new String, equals, ==, concatenação e performance. Nesta sessão: resolver variação sem copiar, explicar decisões e validar com checklist.;Aula mentorada única cobrindo integralmente todas as sessões operacionais deste tópico macro.
68;068_M2_07_STRINGBUILDER_E_STRINGBUFFER.md;M2;Java Core profundo e APIs essenciais da linguagem;StringBuilder e StringBuffer;M2.07.01;M2.07.04;4;Conceito profundo e quando usar | Implementação guiada com código realista | Refatoração, melhoria e leitura crítica | Exercício solo, perguntas e critério de aprovação;concatenação em laços, mutabilidade, thread-safety e uso correto. Nesta sessão: entender motivação, alternativas, trade-offs e armadilhas. | concatenação em laços, mutabilidade, thread-safety e uso correto. Nesta sessão: codar passo a passo uma solução pequena, com nomes bons e saídas verificáveis. | concatenação em laços, mutabilidade, thread-safety e uso correto. Nesta sessão: melhorar nomes, responsabilidades, duplicações, organização e legibilidade. | concatenação em laços, mutabilidade, thread-safety e uso correto. Nesta sessão: resolver variação sem copiar, explicar decisões e validar com checklist.;Aula mentorada única cobrindo integralmente todas as sessões operacionais deste tópico macro.
69;069_M2_08_WRAPPERS_E_AUTOBOXING.md;M2;Java Core profundo e APIs essenciais da linguagem;Wrappers e autoboxing;M2.08.01;M2.08.04;4;Conceito profundo e quando usar | Implementação guiada com código realista | Refatoração, melhoria e leitura crítica | Exercício solo, perguntas e critério de aprovação;Integer, Long, Double, Boolean, null em wrappers, comparação e performance. Nesta sessão: entender motivação, alternativas, trade-offs e armadilhas. | Integer, Long, Double, Boolean, null em wrappers, comparação e performance. Nesta sessão: codar passo a passo uma solução pequena, com nomes bons e saídas verificáveis. | Integer, Long, Double, Boolean, null em wrappers, comparação e performance. Nesta sessão: melhorar nomes, responsabilidades, duplicações, organização e legibilidade. | Integer, Long, Double, Boolean, null em wrappers, comparação e performance. Nesta sessão: resolver variação sem copiar, explicar decisões e validar com checklist.;Aula mentorada única cobrindo integralmente todas as sessões operacionais deste tópico macro.
70;070_M2_09_CONVERSOES_E_CASTING.md;M2;Java Core profundo e APIs essenciais da linguagem;Conversões e casting;M2.09.01;M2.09.04;4;Conceito profundo e quando usar | Implementação guiada com código realista | Refatoração, melhoria e leitura crítica | Exercício solo, perguntas e critério de aprovação;widening, narrowing, parseInt, valueOf, NumberFormatException e validação. Nesta sessão: entender motivação, alternativas, trade-offs e armadilhas. | widening, narrowing, parseInt, valueOf, NumberFormatException e validação. Nesta sessão: codar passo a passo uma solução pequena, com nomes bons e saídas verificáveis. | widening, narrowing, parseInt, valueOf, NumberFormatException e validação. Nesta sessão: melhorar nomes, responsabilidades, duplicações, organização e legibilidade. | widening, narrowing, parseInt, valueOf, NumberFormatException e validação. Nesta sessão: resolver variação sem copiar, explicar decisões e validar com checklist.;Aula mentorada única cobrindo integralmente todas as sessões operacionais deste tópico macro.
71;071_M2_10_MATH_RANDOM_E_NUMEROS_UTILITARIOS.md;M2;Java Core profundo e APIs essenciais da linguagem;Math, Random e números utilitários;M2.10.01;M2.10.04;4;Conceito profundo e quando usar | Implementação guiada com código realista | Refatoração, melhoria e leitura crítica | Exercício solo, perguntas e critério de aprovação;arredondamentos, potência, aleatório, limites e uso em testes simples. Nesta sessão: entender motivação, alternativas, trade-offs e armadilhas. | arredondamentos, potência, aleatório, limites e uso em testes simples. Nesta sessão: codar passo a passo uma solução pequena, com nomes bons e saídas verificáveis. | arredondamentos, potência, aleatório, limites e uso em testes simples. Nesta sessão: melhorar nomes, responsabilidades, duplicações, organização e legibilidade. | arredondamentos, potência, aleatório, limites e uso em testes simples. Nesta sessão: resolver variação sem copiar, explicar decisões e validar com checklist.;Aula mentorada única cobrindo integralmente todas as sessões operacionais deste tópico macro.
72;072_M2_11_BIGDECIMAL_DESDE_A_BASE.md;M2;Java Core profundo e APIs essenciais da linguagem;BigDecimal desde a base;M2.11.01;M2.11.04;4;Conceito profundo e quando usar | Implementação guiada com código realista | Refatoração, melhoria e leitura crítica | Exercício solo, perguntas e critério de aprovação;criação correta, scale, rounding, compareTo, operações e dinheiro. Nesta sessão: entender motivação, alternativas, trade-offs e armadilhas. | criação correta, scale, rounding, compareTo, operações e dinheiro. Nesta sessão: codar passo a passo uma solução pequena, com nomes bons e saídas verificáveis. | criação correta, scale, rounding, compareTo, operações e dinheiro. Nesta sessão: melhorar nomes, responsabilidades, duplicações, organização e legibilidade. | criação correta, scale, rounding, compareTo, operações e dinheiro. Nesta sessão: resolver variação sem copiar, explicar decisões e validar com checklist.;Aula mentorada única cobrindo integralmente todas as sessões operacionais deste tópico macro.
73;073_M2_12_LOCALE_NUMBERFORMAT_E_FORMATACAO.md;M2;Java Core profundo e APIs essenciais da linguagem;Locale, NumberFormat e formatação;M2.12.01;M2.12.04;4;Conceito profundo e quando usar | Implementação guiada com código realista | Refatoração, melhoria e leitura crítica | Exercício solo, perguntas e critério de aprovação;moeda, número, decimal, pt-BR, problemas com vírgula e ponto. Nesta sessão: entender motivação, alternativas, trade-offs e armadilhas. | moeda, número, decimal, pt-BR, problemas com vírgula e ponto. Nesta sessão: codar passo a passo uma solução pequena, com nomes bons e saídas verificáveis. | moeda, número, decimal, pt-BR, problemas com vírgula e ponto. Nesta sessão: melhorar nomes, responsabilidades, duplicações, organização e legibilidade. | moeda, número, decimal, pt-BR, problemas com vírgula e ponto. Nesta sessão: resolver variação sem copiar, explicar decisões e validar com checklist.;Aula mentorada única cobrindo integralmente todas as sessões operacionais deste tópico macro.
74;074_M2_13_JAVA_TIME_BASICO.md;M2;Java Core profundo e APIs essenciais da linguagem;java.time básico;M2.13.01;M2.13.04;4;Conceito profundo e quando usar | Implementação guiada com código realista | Refatoração, melhoria e leitura crítica | Exercício solo, perguntas e critério de aprovação;LocalDate, LocalDateTime, LocalTime, Duration, Period e formatação. Nesta sessão: entender motivação, alternativas, trade-offs e armadilhas. | LocalDate, LocalDateTime, LocalTime, Duration, Period e formatação. Nesta sessão: codar passo a passo uma solução pequena, com nomes bons e saídas verificáveis. | LocalDate, LocalDateTime, LocalTime, Duration, Period e formatação. Nesta sessão: melhorar nomes, responsabilidades, duplicações, organização e legibilidade. | LocalDate, LocalDateTime, LocalTime, Duration, Period e formatação. Nesta sessão: resolver variação sem copiar, explicar decisões e validar com checklist.;Aula mentorada única cobrindo integralmente todas as sessões operacionais deste tópico macro.
75;075_M2_14_TIMEZONE_E_INSTANT.md;M2;Java Core profundo e APIs essenciais da linguagem;Timezone e Instant;M2.14.01;M2.14.04;4;Conceito profundo e quando usar | Implementação guiada com código realista | Refatoração, melhoria e leitura crítica | Exercício solo, perguntas e critério de aprovação;UTC, ZoneId, OffsetDateTime, armazenamento e APIs. Nesta sessão: entender motivação, alternativas, trade-offs e armadilhas. | UTC, ZoneId, OffsetDateTime, armazenamento e APIs. Nesta sessão: codar passo a passo uma solução pequena, com nomes bons e saídas verificáveis. | UTC, ZoneId, OffsetDateTime, armazenamento e APIs. Nesta sessão: melhorar nomes, responsabilidades, duplicações, organização e legibilidade. | UTC, ZoneId, OffsetDateTime, armazenamento e APIs. Nesta sessão: resolver variação sem copiar, explicar decisões e validar com checklist.;Aula mentorada única cobrindo integralmente todas as sessões operacionais deste tópico macro.
76;076_M2_15_ENUM_PROFISSIONAL.md;M2;Java Core profundo e APIs essenciais da linguagem;Enum profissional;M2.15.01;M2.15.04;4;Conceito profundo e quando usar | Implementação guiada com código realista | Refatoração, melhoria e leitura crítica | Exercício solo, perguntas e critério de aprovação;status, atributos, métodos, fromCode, validação e substituição de strings mágicas. Nesta sessão: entender motivação, alternativas, trade-offs e armadilhas. | status, atributos, métodos, fromCode, validação e substituição de strings mágicas. Nesta sessão: codar passo a passo uma solução pequena, com nomes bons e saídas verificáveis. | status, atributos, métodos, fromCode, validação e substituição de strings mágicas. Nesta sessão: melhorar nomes, responsabilidades, duplicações, organização e legibilidade. | status, atributos, métodos, fromCode, validação e substituição de strings mágicas. Nesta sessão: resolver variação sem copiar, explicar decisões e validar com checklist.;Aula mentorada única cobrindo integralmente todas as sessões operacionais deste tópico macro.
77;077_M2_16_RECORDS.md;M2;Java Core profundo e APIs essenciais da linguagem;Records;M2.16.01;M2.16.04;4;Conceito profundo e quando usar | Implementação guiada com código realista | Refatoração, melhoria e leitura crítica | Exercício solo, perguntas e critério de aprovação;DTO imutável, equals/hashCode gerados, limitações e uso em APIs. Nesta sessão: entender motivação, alternativas, trade-offs e armadilhas. | DTO imutável, equals/hashCode gerados, limitações e uso em APIs. Nesta sessão: codar passo a passo uma solução pequena, com nomes bons e saídas verificáveis. | DTO imutável, equals/hashCode gerados, limitações e uso em APIs. Nesta sessão: melhorar nomes, responsabilidades, duplicações, organização e legibilidade. | DTO imutável, equals/hashCode gerados, limitações e uso em APIs. Nesta sessão: resolver variação sem copiar, explicar decisões e validar com checklist.;Aula mentorada única cobrindo integralmente todas as sessões operacionais deste tópico macro.
78;078_M2_17_VAR_COM_CRITERIO.md;M2;Java Core profundo e APIs essenciais da linguagem;Var com critério;M2.17.01;M2.17.04;4;Conceito profundo e quando usar | Implementação guiada com código realista | Refatoração, melhoria e leitura crítica | Exercício solo, perguntas e critério de aprovação;inferência local, legibilidade, quando usar e quando evitar. Nesta sessão: entender motivação, alternativas, trade-offs e armadilhas. | inferência local, legibilidade, quando usar e quando evitar. Nesta sessão: codar passo a passo uma solução pequena, com nomes bons e saídas verificáveis. | inferência local, legibilidade, quando usar e quando evitar. Nesta sessão: melhorar nomes, responsabilidades, duplicações, organização e legibilidade. | inferência local, legibilidade, quando usar e quando evitar. Nesta sessão: resolver variação sem copiar, explicar decisões e validar com checklist.;Aula mentorada única cobrindo integralmente todas as sessões operacionais deste tópico macro.
79;079_M2_18_VARARGS.md;M2;Java Core profundo e APIs essenciais da linguagem;Varargs;M2.18.01;M2.18.04;4;Conceito profundo e quando usar | Implementação guiada com código realista | Refatoração, melhoria e leitura crítica | Exercício solo, perguntas e critério de aprovação;métodos com quantidade variável de argumentos, arrays internos e cuidado com ambiguidade. Nesta sessão: entender motivação, alternativas, trade-offs e armadilhas. | métodos com quantidade variável de argumentos, arrays internos e cuidado com ambiguidade. Nesta sessão: codar passo a passo uma solução pequena, com nomes bons e saídas verificáveis. | métodos com quantidade variável de argumentos, arrays internos e cuidado com ambiguidade. Nesta sessão: melhorar nomes, responsabilidades, duplicações, organização e legibilidade. | métodos com quantidade variável de argumentos, arrays internos e cuidado com ambiguidade. Nesta sessão: resolver variação sem copiar, explicar decisões e validar com checklist.;Aula mentorada única cobrindo integralmente todas as sessões operacionais deste tópico macro.
80;080_M2_19_ANNOTATIONS_BASICAS.md;M2;Java Core profundo e APIs essenciais da linguagem;Annotations básicas;M2.19.01;M2.19.04;4;Conceito profundo e quando usar | Implementação guiada com código realista | Refatoração, melhoria e leitura crítica | Exercício solo, perguntas e critério de aprovação;@Override, @Deprecated, @SuppressWarnings e leitura de metadados. Nesta sessão: entender motivação, alternativas, trade-offs e armadilhas. | @Override, @Deprecated, @SuppressWarnings e leitura de metadados. Nesta sessão: codar passo a passo uma solução pequena, com nomes bons e saídas verificáveis. | @Override, @Deprecated, @SuppressWarnings e leitura de metadados. Nesta sessão: melhorar nomes, responsabilidades, duplicações, organização e legibilidade. | @Override, @Deprecated, @SuppressWarnings e leitura de metadados. Nesta sessão: resolver variação sem copiar, explicar decisões e validar com checklist.;Aula mentorada única cobrindo integralmente todas as sessões operacionais deste tópico macro.
81;081_M2_20_REFLECTION_CONCEITUAL.md;M2;Java Core profundo e APIs essenciais da linguagem;Reflection conceitual;M2.20.01;M2.20.04;4;Conceito profundo e quando usar | Implementação guiada com código realista | Refatoração, melhoria e leitura crítica | Exercício solo, perguntas e critério de aprovação;Class, fields, methods, uso por frameworks e riscos. Nesta sessão: entender motivação, alternativas, trade-offs e armadilhas. | Class, fields, methods, uso por frameworks e riscos. Nesta sessão: codar passo a passo uma solução pequena, com nomes bons e saídas verificáveis. | Class, fields, methods, uso por frameworks e riscos. Nesta sessão: melhorar nomes, responsabilidades, duplicações, organização e legibilidade. | Class, fields, methods, uso por frameworks e riscos. Nesta sessão: resolver variação sem copiar, explicar decisões e validar com checklist.;Aula mentorada única cobrindo integralmente todas as sessões operacionais deste tópico macro.
82;082_M2_21_SEALED_CLASSES_E_INTERFACES.md;M2;Java Core profundo e APIs essenciais da linguagem;Sealed classes e interfaces;M2.21.01;M2.21.04;4;Conceito profundo e quando usar | Implementação guiada com código realista | Refatoração, melhoria e leitura crítica | Exercício solo, perguntas e critério de aprovação;modelagem fechada, hierarquias controladas e uso moderno. Nesta sessão: entender motivação, alternativas, trade-offs e armadilhas. | modelagem fechada, hierarquias controladas e uso moderno. Nesta sessão: codar passo a passo uma solução pequena, com nomes bons e saídas verificáveis. | modelagem fechada, hierarquias controladas e uso moderno. Nesta sessão: melhorar nomes, responsabilidades, duplicações, organização e legibilidade. | modelagem fechada, hierarquias controladas e uso moderno. Nesta sessão: resolver variação sem copiar, explicar decisões e validar com checklist.;Aula mentorada única cobrindo integralmente todas as sessões operacionais deste tópico macro.
83;083_M2_22_PATTERN_MATCHING.md;M2;Java Core profundo e APIs essenciais da linguagem;Pattern matching;M2.22.01;M2.22.04;4;Conceito profundo e quando usar | Implementação guiada com código realista | Refatoração, melhoria e leitura crítica | Exercício solo, perguntas e critério de aprovação;instanceof moderno, switch patterns conceitual e legibilidade. Nesta sessão: entender motivação, alternativas, trade-offs e armadilhas. | instanceof moderno, switch patterns conceitual e legibilidade. Nesta sessão: codar passo a passo uma solução pequena, com nomes bons e saídas verificáveis. | instanceof moderno, switch patterns conceitual e legibilidade. Nesta sessão: melhorar nomes, responsabilidades, duplicações, organização e legibilidade. | instanceof moderno, switch patterns conceitual e legibilidade. Nesta sessão: resolver variação sem copiar, explicar decisões e validar com checklist.;Aula mentorada única cobrindo integralmente todas as sessões operacionais deste tópico macro.
84;084_M2_23_TEXT_BLOCKS.md;M2;Java Core profundo e APIs essenciais da linguagem;Text blocks;M2.23.01;M2.23.04;4;Conceito profundo e quando usar | Implementação guiada com código realista | Refatoração, melhoria e leitura crítica | Exercício solo, perguntas e critério de aprovação;strings multilinha, JSON/SQL em testes e formatação. Nesta sessão: entender motivação, alternativas, trade-offs e armadilhas. | strings multilinha, JSON/SQL em testes e formatação. Nesta sessão: codar passo a passo uma solução pequena, com nomes bons e saídas verificáveis. | strings multilinha, JSON/SQL em testes e formatação. Nesta sessão: melhorar nomes, responsabilidades, duplicações, organização e legibilidade. | strings multilinha, JSON/SQL em testes e formatação. Nesta sessão: resolver variação sem copiar, explicar decisões e validar com checklist.;Aula mentorada única cobrindo integralmente todas as sessões operacionais deste tópico macro.
85;085_M2_24_EXCEPTIONS_POR_BAIXO.md;M2;Java Core profundo e APIs essenciais da linguagem;Exceptions por baixo;M2.24.01;M2.24.04;4;Conceito profundo e quando usar | Implementação guiada com código realista | Refatoração, melhoria e leitura crítica | Exercício solo, perguntas e critério de aprovação;stack trace, checked vs unchecked, causa raiz e mensagens. Nesta sessão: entender motivação, alternativas, trade-offs e armadilhas. | stack trace, checked vs unchecked, causa raiz e mensagens. Nesta sessão: codar passo a passo uma solução pequena, com nomes bons e saídas verificáveis. | stack trace, checked vs unchecked, causa raiz e mensagens. Nesta sessão: melhorar nomes, responsabilidades, duplicações, organização e legibilidade. | stack trace, checked vs unchecked, causa raiz e mensagens. Nesta sessão: resolver variação sem copiar, explicar decisões e validar com checklist.;Aula mentorada única cobrindo integralmente todas as sessões operacionais deste tópico macro.
86;086_M2_25_ENTRADA_SAIDA_BASICA_COM_CONSOLE_ROBUSTO.md;M2;Java Core profundo e APIs essenciais da linguagem;Entrada/saída básica com console robusto;M2.25.01;M2.25.04;4;Conceito profundo e quando usar | Implementação guiada com código realista | Refatoração, melhoria e leitura crítica | Exercício solo, perguntas e critério de aprovação;leitura segura, prompts claros, validação e repetição. Nesta sessão: entender motivação, alternativas, trade-offs e armadilhas. | leitura segura, prompts claros, validação e repetição. Nesta sessão: codar passo a passo uma solução pequena, com nomes bons e saídas verificáveis. | leitura segura, prompts claros, validação e repetição. Nesta sessão: melhorar nomes, responsabilidades, duplicações, organização e legibilidade. | leitura segura, prompts claros, validação e repetição. Nesta sessão: resolver variação sem copiar, explicar decisões e validar com checklist.;Aula mentorada única cobrindo integralmente todas as sessões operacionais deste tópico macro.
87;087_M2_26_ORGANIZACAO_DE_PACOTES_DESDE_CEDO.md;M2;Java Core profundo e APIs essenciais da linguagem;Organização de pacotes desde cedo;M2.26.01;M2.26.04;4;Conceito profundo e quando usar | Implementação guiada com código realista | Refatoração, melhoria e leitura crítica | Exercício solo, perguntas e critério de aprovação;package, import, nomes, domínio, app e util. Nesta sessão: entender motivação, alternativas, trade-offs e armadilhas. | package, import, nomes, domínio, app e util. Nesta sessão: codar passo a passo uma solução pequena, com nomes bons e saídas verificáveis. | package, import, nomes, domínio, app e util. Nesta sessão: melhorar nomes, responsabilidades, duplicações, organização e legibilidade. | package, import, nomes, domínio, app e util. Nesta sessão: resolver variação sem copiar, explicar decisões e validar com checklist.;Aula mentorada única cobrindo integralmente todas as sessões operacionais deste tópico macro.
88;088_M2_27_LEITURA_DE_DOCUMENTACAO_OFICIAL.md;M2;Java Core profundo e APIs essenciais da linguagem;Leitura de documentação oficial;M2.27.01;M2.27.04;4;Conceito profundo e quando usar | Implementação guiada com código realista | Refatoração, melhoria e leitura crítica | Exercício solo, perguntas e critério de aprovação;como ler JavaDoc, assinatura, parâmetros, retorno e exemplos. Nesta sessão: entender motivação, alternativas, trade-offs e armadilhas. | como ler JavaDoc, assinatura, parâmetros, retorno e exemplos. Nesta sessão: codar passo a passo uma solução pequena, com nomes bons e saídas verificáveis. | como ler JavaDoc, assinatura, parâmetros, retorno e exemplos. Nesta sessão: melhorar nomes, responsabilidades, duplicações, organização e legibilidade. | como ler JavaDoc, assinatura, parâmetros, retorno e exemplos. Nesta sessão: resolver variação sem copiar, explicar decisões e validar com checklist.;Aula mentorada única cobrindo integralmente todas as sessões operacionais deste tópico macro.
89;089_M2_28_MINI_PROJETO_BIBLIOTECA_JAVA_CORE.md;M2;Java Core profundo e APIs essenciais da linguagem;Mini projeto biblioteca Java Core;M2.28.01;M2.28.04;4;Conceito profundo e quando usar | Implementação guiada com código realista | Refatoração, melhoria e leitura crítica | Exercício solo, perguntas e critério de aprovação;utilitários pequenos com String, datas, BigDecimal, enum, records e testes manuais. Nesta sessão: entender motivação, alternativas, trade-offs e armadilhas. | utilitários pequenos com String, datas, BigDecimal, enum, records e testes manuais. Nesta sessão: codar passo a passo uma solução pequena, com nomes bons e saídas verificáveis. | utilitários pequenos com String, datas, BigDecimal, enum, records e testes manuais. Nesta sessão: melhorar nomes, responsabilidades, duplicações, organização e legibilidade. | utilitários pequenos com String, datas, BigDecimal, enum, records e testes manuais. Nesta sessão: resolver variação sem copiar, explicar decisões e validar com checklist.;Aula mentorada única cobrindo integralmente todas as sessões operacionais deste tópico macro.
90;090_M3_01_DE_MAIN_GIGANTE_PARA_METODOS_PEQUENOS.md;M3;Métodos, organização procedural e projetos console;De main gigante para métodos pequenos;M3.01.01;M3.01.04;4;Conceito profundo e quando usar | Implementação guiada com código realista | Refatoração, melhoria e leitura crítica | Exercício solo, perguntas e critério de aprovação;sinais de main inchado, extração manual e responsabilidade. Nesta sessão: entender motivação, alternativas, trade-offs e armadilhas. | sinais de main inchado, extração manual e responsabilidade. Nesta sessão: codar passo a passo uma solução pequena, com nomes bons e saídas verificáveis. | sinais de main inchado, extração manual e responsabilidade. Nesta sessão: melhorar nomes, responsabilidades, duplicações, organização e legibilidade. | sinais de main inchado, extração manual e responsabilidade. Nesta sessão: resolver variação sem copiar, explicar decisões e validar com checklist.;Aula mentorada única cobrindo integralmente todas as sessões operacionais deste tópico macro.
91;091_M3_02_ASSINATURA_DE_METODO_PROFISSIONAL.md;M3;Métodos, organização procedural e projetos console;Assinatura de método profissional;M3.02.01;M3.02.04;4;Conceito profundo e quando usar | Implementação guiada com código realista | Refatoração, melhoria e leitura crítica | Exercício solo, perguntas e critério de aprovação;nome, parâmetros, retorno, ordem, tipo e intenção. Nesta sessão: entender motivação, alternativas, trade-offs e armadilhas. | nome, parâmetros, retorno, ordem, tipo e intenção. Nesta sessão: codar passo a passo uma solução pequena, com nomes bons e saídas verificáveis. | nome, parâmetros, retorno, ordem, tipo e intenção. Nesta sessão: melhorar nomes, responsabilidades, duplicações, organização e legibilidade. | nome, parâmetros, retorno, ordem, tipo e intenção. Nesta sessão: resolver variação sem copiar, explicar decisões e validar com checklist.;Aula mentorada única cobrindo integralmente todas as sessões operacionais deste tópico macro.
92;092_M3_03_COESAO_EM_METODOS.md;M3;Métodos, organização procedural e projetos console;Coesão em métodos;M3.03.01;M3.03.04;4;Conceito profundo e quando usar | Implementação guiada com código realista | Refatoração, melhoria e leitura crítica | Exercício solo, perguntas e critério de aprovação;um método faz uma coisa, tamanho, nomes e separação. Nesta sessão: entender motivação, alternativas, trade-offs e armadilhas. | um método faz uma coisa, tamanho, nomes e separação. Nesta sessão: codar passo a passo uma solução pequena, com nomes bons e saídas verificáveis. | um método faz uma coisa, tamanho, nomes e separação. Nesta sessão: melhorar nomes, responsabilidades, duplicações, organização e legibilidade. | um método faz uma coisa, tamanho, nomes e separação. Nesta sessão: resolver variação sem copiar, explicar decisões e validar com checklist.;Aula mentorada única cobrindo integralmente todas as sessões operacionais deste tópico macro.
93;093_M3_04_PARAMETROS_DEMAIS_E_ALTERNATIVAS.md;M3;Métodos, organização procedural e projetos console;Parâmetros demais e alternativas;M3.04.01;M3.04.04;4;Conceito profundo e quando usar | Implementação guiada com código realista | Refatoração, melhoria e leitura crítica | Exercício solo, perguntas e critério de aprovação;agrupamento, objeto futuro, clareza e smell. Nesta sessão: entender motivação, alternativas, trade-offs e armadilhas. | agrupamento, objeto futuro, clareza e smell. Nesta sessão: codar passo a passo uma solução pequena, com nomes bons e saídas verificáveis. | agrupamento, objeto futuro, clareza e smell. Nesta sessão: melhorar nomes, responsabilidades, duplicações, organização e legibilidade. | agrupamento, objeto futuro, clareza e smell. Nesta sessão: resolver variação sem copiar, explicar decisões e validar com checklist.;Aula mentorada única cobrindo integralmente todas as sessões operacionais deste tópico macro.
94;094_M3_05_RETORNO_BOOLEAN_PARA_VALIDACAO.md;M3;Métodos, organização procedural e projetos console;Retorno boolean para validação;M3.05.01;M3.05.04;4;Conceito profundo e quando usar | Implementação guiada com código realista | Refatoração, melhoria e leitura crítica | Exercício solo, perguntas e critério de aprovação;isValido, podeProcessar, regra simples e mensagens. Nesta sessão: entender motivação, alternativas, trade-offs e armadilhas. | isValido, podeProcessar, regra simples e mensagens. Nesta sessão: codar passo a passo uma solução pequena, com nomes bons e saídas verificáveis. | isValido, podeProcessar, regra simples e mensagens. Nesta sessão: melhorar nomes, responsabilidades, duplicações, organização e legibilidade. | isValido, podeProcessar, regra simples e mensagens. Nesta sessão: resolver variação sem copiar, explicar decisões e validar com checklist.;Aula mentorada única cobrindo integralmente todas as sessões operacionais deste tópico macro.
95;095_M3_06_METODOS_DE_CALCULO.md;M3;Métodos, organização procedural e projetos console;Métodos de cálculo;M3.06.01;M3.06.04;4;Conceito profundo e quando usar | Implementação guiada com código realista | Refatoração, melhoria e leitura crítica | Exercício solo, perguntas e critério de aprovação;total, média, maior, menor, arredondamento e retorno. Nesta sessão: entender motivação, alternativas, trade-offs e armadilhas. | total, média, maior, menor, arredondamento e retorno. Nesta sessão: codar passo a passo uma solução pequena, com nomes bons e saídas verificáveis. | total, média, maior, menor, arredondamento e retorno. Nesta sessão: melhorar nomes, responsabilidades, duplicações, organização e legibilidade. | total, média, maior, menor, arredondamento e retorno. Nesta sessão: resolver variação sem copiar, explicar decisões e validar com checklist.;Aula mentorada única cobrindo integralmente todas as sessões operacionais deste tópico macro.
96;096_M3_07_METODOS_DE_EXIBICAO.md;M3;Métodos, organização procedural e projetos console;Métodos de exibição;M3.07.01;M3.07.04;4;Conceito profundo e quando usar | Implementação guiada com código realista | Refatoração, melhoria e leitura crítica | Exercício solo, perguntas e critério de aprovação;imprimirResumo, imprimirMenu, separação de UI console. Nesta sessão: entender motivação, alternativas, trade-offs e armadilhas. | imprimirResumo, imprimirMenu, separação de UI console. Nesta sessão: codar passo a passo uma solução pequena, com nomes bons e saídas verificáveis. | imprimirResumo, imprimirMenu, separação de UI console. Nesta sessão: melhorar nomes, responsabilidades, duplicações, organização e legibilidade. | imprimirResumo, imprimirMenu, separação de UI console. Nesta sessão: resolver variação sem copiar, explicar decisões e validar com checklist.;Aula mentorada única cobrindo integralmente todas as sessões operacionais deste tópico macro.
97;097_M3_08_METODOS_DE_LEITURA.md;M3;Métodos, organização procedural e projetos console;Métodos de leitura;M3.08.01;M3.08.04;4;Conceito profundo e quando usar | Implementação guiada com código realista | Refatoração, melhoria e leitura crítica | Exercício solo, perguntas e critério de aprovação;lerInteiro, lerDouble, lerTexto e validação centralizada. Nesta sessão: entender motivação, alternativas, trade-offs e armadilhas. | lerInteiro, lerDouble, lerTexto e validação centralizada. Nesta sessão: codar passo a passo uma solução pequena, com nomes bons e saídas verificáveis. | lerInteiro, lerDouble, lerTexto e validação centralizada. Nesta sessão: melhorar nomes, responsabilidades, duplicações, organização e legibilidade. | lerInteiro, lerDouble, lerTexto e validação centralizada. Nesta sessão: resolver variação sem copiar, explicar decisões e validar com checklist.;Aula mentorada única cobrindo integralmente todas as sessões operacionais deste tópico macro.
98;098_M3_09_REUSO_SEM_DUPLICACAO.md;M3;Métodos, organização procedural e projetos console;Reuso sem duplicação;M3.09.01;M3.09.04;4;Conceito profundo e quando usar | Implementação guiada com código realista | Refatoração, melhoria e leitura crítica | Exercício solo, perguntas e critério de aprovação;identificar código repetido e extrair com segurança. Nesta sessão: entender motivação, alternativas, trade-offs e armadilhas. | identificar código repetido e extrair com segurança. Nesta sessão: codar passo a passo uma solução pequena, com nomes bons e saídas verificáveis. | identificar código repetido e extrair com segurança. Nesta sessão: melhorar nomes, responsabilidades, duplicações, organização e legibilidade. | identificar código repetido e extrair com segurança. Nesta sessão: resolver variação sem copiar, explicar decisões e validar com checklist.;Aula mentorada única cobrindo integralmente todas as sessões operacionais deste tópico macro.
99;099_M3_10_DEBUG_ENTRANDO_EM_METODOS.md;M3;Métodos, organização procedural e projetos console;Debug entrando em métodos;M3.10.01;M3.10.04;4;Conceito profundo e quando usar | Implementação guiada com código realista | Refatoração, melhoria e leitura crítica | Exercício solo, perguntas e critério de aprovação;step into, step out, call stack e fluxo de chamada. Nesta sessão: entender motivação, alternativas, trade-offs e armadilhas. | step into, step out, call stack e fluxo de chamada. Nesta sessão: codar passo a passo uma solução pequena, com nomes bons e saídas verificáveis. | step into, step out, call stack e fluxo de chamada. Nesta sessão: melhorar nomes, responsabilidades, duplicações, organização e legibilidade. | step into, step out, call stack e fluxo de chamada. Nesta sessão: resolver variação sem copiar, explicar decisões e validar com checklist.;Aula mentorada única cobrindo integralmente todas as sessões operacionais deste tópico macro.
100;100_M3_11_REFATORACAO_EXTRACT_METHOD_NO_INTELLIJ.md;M3;Métodos, organização procedural e projetos console;Refatoração Extract Method no IntelliJ;M3.11.01;M3.11.04;4;Conceito profundo e quando usar | Implementação guiada com código realista | Refatoração, melhoria e leitura crítica | Exercício solo, perguntas e critério de aprovação;seleção correta, nome, parâmetros gerados e revisão. Nesta sessão: entender motivação, alternativas, trade-offs e armadilhas. | seleção correta, nome, parâmetros gerados e revisão. Nesta sessão: codar passo a passo uma solução pequena, com nomes bons e saídas verificáveis. | seleção correta, nome, parâmetros gerados e revisão. Nesta sessão: melhorar nomes, responsabilidades, duplicações, organização e legibilidade. | seleção correta, nome, parâmetros gerados e revisão. Nesta sessão: resolver variação sem copiar, explicar decisões e validar com checklist.;Aula mentorada única cobrindo integralmente todas as sessões operacionais deste tópico macro.
101;101_M3_12_MINI_ARQUITETURA_PROCEDURAL.md;M3;Métodos, organização procedural e projetos console;Mini arquitetura procedural;M3.12.01;M3.12.04;4;Conceito profundo e quando usar | Implementação guiada com código realista | Refatoração, melhoria e leitura crítica | Exercício solo, perguntas e critério de aprovação;Main chamando funções por responsabilidade antes de classes. Nesta sessão: entender motivação, alternativas, trade-offs e armadilhas. | Main chamando funções por responsabilidade antes de classes. Nesta sessão: codar passo a passo uma solução pequena, com nomes bons e saídas verificáveis. | Main chamando funções por responsabilidade antes de classes. Nesta sessão: melhorar nomes, responsabilidades, duplicações, organização e legibilidade. | Main chamando funções por responsabilidade antes de classes. Nesta sessão: resolver variação sem copiar, explicar decisões e validar com checklist.;Aula mentorada única cobrindo integralmente todas as sessões operacionais deste tópico macro.
102;102_M3_13_PROJETO_CALCULADORA_CONSOLE_REVISITADA.md;M3;Métodos, organização procedural e projetos console;Projeto calculadora console revisitada;M3.13.01;M3.13.04;4;Conceito profundo e quando usar | Implementação guiada com código realista | Refatoração, melhoria e leitura crítica | Exercício solo, perguntas e critério de aprovação;operações em métodos, histórico, validação e relatório. Nesta sessão: entender motivação, alternativas, trade-offs e armadilhas. | operações em métodos, histórico, validação e relatório. Nesta sessão: codar passo a passo uma solução pequena, com nomes bons e saídas verificáveis. | operações em métodos, histórico, validação e relatório. Nesta sessão: melhorar nomes, responsabilidades, duplicações, organização e legibilidade. | operações em métodos, histórico, validação e relatório. Nesta sessão: resolver variação sem copiar, explicar decisões e validar com checklist.;Aula mentorada única cobrindo integralmente todas as sessões operacionais deste tópico macro.
103;103_M3_14_PROJETO_PROCESSAMENTO_DE_OS_CONSOLE.md;M3;Métodos, organização procedural e projetos console;Projeto processamento de OS console;M3.14.01;M3.14.04;4;Conceito profundo e quando usar | Implementação guiada com código realista | Refatoração, melhoria e leitura crítica | Exercício solo, perguntas e critério de aprovação;atividades, status, valores, contadores e menu. Nesta sessão: entender motivação, alternativas, trade-offs e armadilhas. | atividades, status, valores, contadores e menu. Nesta sessão: codar passo a passo uma solução pequena, com nomes bons e saídas verificáveis. | atividades, status, valores, contadores e menu. Nesta sessão: melhorar nomes, responsabilidades, duplicações, organização e legibilidade. | atividades, status, valores, contadores e menu. Nesta sessão: resolver variação sem copiar, explicar decisões e validar com checklist.;Aula mentorada única cobrindo integralmente todas as sessões operacionais deste tópico macro.
104;104_M3_15_REVISAO_FINAL_DE_FUNDAMENTOS_ANTES_DE_OO.md;M3;Métodos, organização procedural e projetos console;Revisão final de fundamentos antes de OO;M3.15.01;M3.15.04;4;Conceito profundo e quando usar | Implementação guiada com código realista | Refatoração, melhoria e leitura crítica | Exercício solo, perguntas e critério de aprovação;prova prática, perguntas orais, refatoração e Git limpo. Nesta sessão: entender motivação, alternativas, trade-offs e armadilhas. | prova prática, perguntas orais, refatoração e Git limpo. Nesta sessão: codar passo a passo uma solução pequena, com nomes bons e saídas verificáveis. | prova prática, perguntas orais, refatoração e Git limpo. Nesta sessão: melhorar nomes, responsabilidades, duplicações, organização e legibilidade. | prova prática, perguntas orais, refatoração e Git limpo. Nesta sessão: resolver variação sem copiar, explicar decisões e validar com checklist.;Aula mentorada única cobrindo integralmente todas as sessões operacionais deste tópico macro.
105;105_M4_01_PENSAMENTO_ORIENTADO_A_OBJETOS.md;M4;Orientação a Objetos de verdade e modelagem de domínio;Pensamento orientado a objetos;M4.01.01;M4.01.04;4;Conceito profundo e quando usar | Implementação guiada com código realista | Refatoração, melhoria e leitura crítica | Exercício solo, perguntas e critério de aprovação;classe, objeto, estado, comportamento, identidade e comparação com procedural. Nesta sessão: entender motivação, alternativas, trade-offs e armadilhas. | classe, objeto, estado, comportamento, identidade e comparação com procedural. Nesta sessão: codar passo a passo uma solução pequena, com nomes bons e saídas verificáveis. | classe, objeto, estado, comportamento, identidade e comparação com procedural. Nesta sessão: melhorar nomes, responsabilidades, duplicações, organização e legibilidade. | classe, objeto, estado, comportamento, identidade e comparação com procedural. Nesta sessão: resolver variação sem copiar, explicar decisões e validar com checklist.;Aula mentorada única cobrindo integralmente todas as sessões operacionais deste tópico macro.
106;106_M4_02_MODELAGEM_NO_PAPEL.md;M4;Orientação a Objetos de verdade e modelagem de domínio;Modelagem no papel;M4.02.01;M4.02.04;4;Conceito profundo e quando usar | Implementação guiada com código realista | Refatoração, melhoria e leitura crítica | Exercício solo, perguntas e critério de aprovação;substantivos, verbos, responsabilidades, entidades e regras. Nesta sessão: entender motivação, alternativas, trade-offs e armadilhas. | substantivos, verbos, responsabilidades, entidades e regras. Nesta sessão: codar passo a passo uma solução pequena, com nomes bons e saídas verificáveis. | substantivos, verbos, responsabilidades, entidades e regras. Nesta sessão: melhorar nomes, responsabilidades, duplicações, organização e legibilidade. | substantivos, verbos, responsabilidades, entidades e regras. Nesta sessão: resolver variação sem copiar, explicar decisões e validar com checklist.;Aula mentorada única cobrindo integralmente todas as sessões operacionais deste tópico macro.
107;107_M4_03_CLASSE_E_OBJETO_EM_JAVA.md;M4;Orientação a Objetos de verdade e modelagem de domínio;Classe e objeto em Java;M4.03.01;M4.03.04;4;Conceito profundo e quando usar | Implementação guiada com código realista | Refatoração, melhoria e leitura crítica | Exercício solo, perguntas e critério de aprovação;new, instância, atributos, métodos e this. Nesta sessão: entender motivação, alternativas, trade-offs e armadilhas. | new, instância, atributos, métodos e this. Nesta sessão: codar passo a passo uma solução pequena, com nomes bons e saídas verificáveis. | new, instância, atributos, métodos e this. Nesta sessão: melhorar nomes, responsabilidades, duplicações, organização e legibilidade. | new, instância, atributos, métodos e this. Nesta sessão: resolver variação sem copiar, explicar decisões e validar com checklist.;Aula mentorada única cobrindo integralmente todas as sessões operacionais deste tópico macro.
108;108_M4_04_ATRIBUTOS_COM_SIGNIFICADO.md;M4;Orientação a Objetos de verdade e modelagem de domínio;Atributos com significado;M4.04.01;M4.04.04;4;Conceito profundo e quando usar | Implementação guiada com código realista | Refatoração, melhoria e leitura crítica | Exercício solo, perguntas e critério de aprovação;estado mínimo, nomes, tipos, invariantes e dados obrigatórios. Nesta sessão: entender motivação, alternativas, trade-offs e armadilhas. | estado mínimo, nomes, tipos, invariantes e dados obrigatórios. Nesta sessão: codar passo a passo uma solução pequena, com nomes bons e saídas verificáveis. | estado mínimo, nomes, tipos, invariantes e dados obrigatórios. Nesta sessão: melhorar nomes, responsabilidades, duplicações, organização e legibilidade. | estado mínimo, nomes, tipos, invariantes e dados obrigatórios. Nesta sessão: resolver variação sem copiar, explicar decisões e validar com checklist.;Aula mentorada única cobrindo integralmente todas as sessões operacionais deste tópico macro.
109;109_M4_05_METODOS_DE_COMPORTAMENTO.md;M4;Orientação a Objetos de verdade e modelagem de domínio;Métodos de comportamento;M4.05.01;M4.05.04;4;Conceito profundo e quando usar | Implementação guiada com código realista | Refatoração, melhoria e leitura crítica | Exercício solo, perguntas e critério de aprovação;objeto que faz, não objeto anêmico, regra dentro do domínio. Nesta sessão: entender motivação, alternativas, trade-offs e armadilhas. | objeto que faz, não objeto anêmico, regra dentro do domínio. Nesta sessão: codar passo a passo uma solução pequena, com nomes bons e saídas verificáveis. | objeto que faz, não objeto anêmico, regra dentro do domínio. Nesta sessão: melhorar nomes, responsabilidades, duplicações, organização e legibilidade. | objeto que faz, não objeto anêmico, regra dentro do domínio. Nesta sessão: resolver variação sem copiar, explicar decisões e validar com checklist.;Aula mentorada única cobrindo integralmente todas as sessões operacionais deste tópico macro.
110;110_M4_06_CONSTRUTOR_PADRAO_E_PARAMETRIZADO.md;M4;Orientação a Objetos de verdade e modelagem de domínio;Construtor padrão e parametrizado;M4.06.01;M4.06.04;4;Conceito profundo e quando usar | Implementação guiada com código realista | Refatoração, melhoria e leitura crítica | Exercício solo, perguntas e critério de aprovação;nascimento do objeto, obrigatórios, sobrecarga e legibilidade. Nesta sessão: entender motivação, alternativas, trade-offs e armadilhas. | nascimento do objeto, obrigatórios, sobrecarga e legibilidade. Nesta sessão: codar passo a passo uma solução pequena, com nomes bons e saídas verificáveis. | nascimento do objeto, obrigatórios, sobrecarga e legibilidade. Nesta sessão: melhorar nomes, responsabilidades, duplicações, organização e legibilidade. | nascimento do objeto, obrigatórios, sobrecarga e legibilidade. Nesta sessão: resolver variação sem copiar, explicar decisões e validar com checklist.;Aula mentorada única cobrindo integralmente todas as sessões operacionais deste tópico macro.
111;111_M4_07_ENCAPSULAMENTO_COM_PRIVATE.md;M4;Orientação a Objetos de verdade e modelagem de domínio;Encapsulamento com private;M4.07.01;M4.07.04;4;Conceito profundo e quando usar | Implementação guiada com código realista | Refatoração, melhoria e leitura crítica | Exercício solo, perguntas e critério de aprovação;proteção de estado, getters, setters e métodos de intenção. Nesta sessão: entender motivação, alternativas, trade-offs e armadilhas. | proteção de estado, getters, setters e métodos de intenção. Nesta sessão: codar passo a passo uma solução pequena, com nomes bons e saídas verificáveis. | proteção de estado, getters, setters e métodos de intenção. Nesta sessão: melhorar nomes, responsabilidades, duplicações, organização e legibilidade. | proteção de estado, getters, setters e métodos de intenção. Nesta sessão: resolver variação sem copiar, explicar decisões e validar com checklist.;Aula mentorada única cobrindo integralmente todas as sessões operacionais deste tópico macro.
112;112_M4_08_VALIDACAO_DENTRO_DO_OBJETO.md;M4;Orientação a Objetos de verdade e modelagem de domínio;Validação dentro do objeto;M4.08.01;M4.08.04;4;Conceito profundo e quando usar | Implementação guiada com código realista | Refatoração, melhoria e leitura crítica | Exercício solo, perguntas e critério de aprovação;impedir estado inválido, mensagens e exceções futuras. Nesta sessão: entender motivação, alternativas, trade-offs e armadilhas. | impedir estado inválido, mensagens e exceções futuras. Nesta sessão: codar passo a passo uma solução pequena, com nomes bons e saídas verificáveis. | impedir estado inválido, mensagens e exceções futuras. Nesta sessão: melhorar nomes, responsabilidades, duplicações, organização e legibilidade. | impedir estado inválido, mensagens e exceções futuras. Nesta sessão: resolver variação sem copiar, explicar decisões e validar com checklist.;Aula mentorada única cobrindo integralmente todas as sessões operacionais deste tópico macro.
113;113_M4_09_IMUTABILIDADE_APLICADA.md;M4;Orientação a Objetos de verdade e modelagem de domínio;Imutabilidade aplicada;M4.09.01;M4.09.04;4;Conceito profundo e quando usar | Implementação guiada com código realista | Refatoração, melhoria e leitura crítica | Exercício solo, perguntas e critério de aprovação;final, ausência de setter, objetos de valor e segurança. Nesta sessão: entender motivação, alternativas, trade-offs e armadilhas. | final, ausência de setter, objetos de valor e segurança. Nesta sessão: codar passo a passo uma solução pequena, com nomes bons e saídas verificáveis. | final, ausência de setter, objetos de valor e segurança. Nesta sessão: melhorar nomes, responsabilidades, duplicações, organização e legibilidade. | final, ausência de setter, objetos de valor e segurança. Nesta sessão: resolver variação sem copiar, explicar decisões e validar com checklist.;Aula mentorada única cobrindo integralmente todas as sessões operacionais deste tópico macro.
114;114_M4_10_COMPOSICAO.md;M4;Orientação a Objetos de verdade e modelagem de domínio;Composição;M4.10.01;M4.10.04;4;Conceito profundo e quando usar | Implementação guiada com código realista | Refatoração, melhoria e leitura crítica | Exercício solo, perguntas e critério de aprovação;objeto dentro de objeto, Pedido/ItemPedido, OS/Atividade. Nesta sessão: entender motivação, alternativas, trade-offs e armadilhas. | objeto dentro de objeto, Pedido/ItemPedido, OS/Atividade. Nesta sessão: codar passo a passo uma solução pequena, com nomes bons e saídas verificáveis. | objeto dentro de objeto, Pedido/ItemPedido, OS/Atividade. Nesta sessão: melhorar nomes, responsabilidades, duplicações, organização e legibilidade. | objeto dentro de objeto, Pedido/ItemPedido, OS/Atividade. Nesta sessão: resolver variação sem copiar, explicar decisões e validar com checklist.;Aula mentorada única cobrindo integralmente todas as sessões operacionais deste tópico macro.
115;115_M4_11_AGREGACAO_E_RELACIONAMENTO.md;M4;Orientação a Objetos de verdade e modelagem de domínio;Agregação e relacionamento;M4.11.01;M4.11.04;4;Conceito profundo e quando usar | Implementação guiada com código realista | Refatoração, melhoria e leitura crítica | Exercício solo, perguntas e critério de aprovação;referências, dono, ciclo de vida e clareza. Nesta sessão: entender motivação, alternativas, trade-offs e armadilhas. | referências, dono, ciclo de vida e clareza. Nesta sessão: codar passo a passo uma solução pequena, com nomes bons e saídas verificáveis. | referências, dono, ciclo de vida e clareza. Nesta sessão: melhorar nomes, responsabilidades, duplicações, organização e legibilidade. | referências, dono, ciclo de vida e clareza. Nesta sessão: resolver variação sem copiar, explicar decisões e validar com checklist.;Aula mentorada única cobrindo integralmente todas as sessões operacionais deste tópico macro.
116;116_M4_12_HERANCA_COM_RESPONSABILIDADE.md;M4;Orientação a Objetos de verdade e modelagem de domínio;Herança com responsabilidade;M4.12.01;M4.12.04;4;Conceito profundo e quando usar | Implementação guiada com código realista | Refatoração, melhoria e leitura crítica | Exercício solo, perguntas e critério de aprovação;extends, super, sobrescrita, riscos e Liskov inicial. Nesta sessão: entender motivação, alternativas, trade-offs e armadilhas. | extends, super, sobrescrita, riscos e Liskov inicial. Nesta sessão: codar passo a passo uma solução pequena, com nomes bons e saídas verificáveis. | extends, super, sobrescrita, riscos e Liskov inicial. Nesta sessão: melhorar nomes, responsabilidades, duplicações, organização e legibilidade. | extends, super, sobrescrita, riscos e Liskov inicial. Nesta sessão: resolver variação sem copiar, explicar decisões e validar com checklist.;Aula mentorada única cobrindo integralmente todas as sessões operacionais deste tópico macro.
117;117_M4_13_POLIMORFISMO.md;M4;Orientação a Objetos de verdade e modelagem de domínio;Polimorfismo;M4.13.01;M4.13.04;4;Conceito profundo e quando usar | Implementação guiada com código realista | Refatoração, melhoria e leitura crítica | Exercício solo, perguntas e critério de aprovação;referência de supertipo, chamada dinâmica e extensibilidade. Nesta sessão: entender motivação, alternativas, trade-offs e armadilhas. | referência de supertipo, chamada dinâmica e extensibilidade. Nesta sessão: codar passo a passo uma solução pequena, com nomes bons e saídas verificáveis. | referência de supertipo, chamada dinâmica e extensibilidade. Nesta sessão: melhorar nomes, responsabilidades, duplicações, organização e legibilidade. | referência de supertipo, chamada dinâmica e extensibilidade. Nesta sessão: resolver variação sem copiar, explicar decisões e validar com checklist.;Aula mentorada única cobrindo integralmente todas as sessões operacionais deste tópico macro.
118;118_M4_14_CLASSE_ABSTRATA.md;M4;Orientação a Objetos de verdade e modelagem de domínio;Classe abstrata;M4.14.01;M4.14.04;4;Conceito profundo e quando usar | Implementação guiada com código realista | Refatoração, melhoria e leitura crítica | Exercício solo, perguntas e critério de aprovação;comportamento comum, método abstrato e limites. Nesta sessão: entender motivação, alternativas, trade-offs e armadilhas. | comportamento comum, método abstrato e limites. Nesta sessão: codar passo a passo uma solução pequena, com nomes bons e saídas verificáveis. | comportamento comum, método abstrato e limites. Nesta sessão: melhorar nomes, responsabilidades, duplicações, organização e legibilidade. | comportamento comum, método abstrato e limites. Nesta sessão: resolver variação sem copiar, explicar decisões e validar com checklist.;Aula mentorada única cobrindo integralmente todas as sessões operacionais deste tópico macro.
119;119_M4_15_INTERFACE.md;M4;Orientação a Objetos de verdade e modelagem de domínio;Interface;M4.15.01;M4.15.04;4;Conceito profundo e quando usar | Implementação guiada com código realista | Refatoração, melhoria e leitura crítica | Exercício solo, perguntas e critério de aprovação;contrato, implementação, default method e dependência por abstração. Nesta sessão: entender motivação, alternativas, trade-offs e armadilhas. | contrato, implementação, default method e dependência por abstração. Nesta sessão: codar passo a passo uma solução pequena, com nomes bons e saídas verificáveis. | contrato, implementação, default method e dependência por abstração. Nesta sessão: melhorar nomes, responsabilidades, duplicações, organização e legibilidade. | contrato, implementação, default method e dependência por abstração. Nesta sessão: resolver variação sem copiar, explicar decisões e validar com checklist.;Aula mentorada única cobrindo integralmente todas as sessões operacionais deste tópico macro.
120;120_M4_16_ENUM_NO_DOMINIO.md;M4;Orientação a Objetos de verdade e modelagem de domínio;Enum no domínio;M4.16.01;M4.16.04;4;Conceito profundo e quando usar | Implementação guiada com código realista | Refatoração, melhoria e leitura crítica | Exercício solo, perguntas e critério de aprovação;status, transições, códigos e descrição. Nesta sessão: entender motivação, alternativas, trade-offs e armadilhas. | status, transições, códigos e descrição. Nesta sessão: codar passo a passo uma solução pequena, com nomes bons e saídas verificáveis. | status, transições, códigos e descrição. Nesta sessão: melhorar nomes, responsabilidades, duplicações, organização e legibilidade. | status, transições, códigos e descrição. Nesta sessão: resolver variação sem copiar, explicar decisões e validar com checklist.;Aula mentorada única cobrindo integralmente todas as sessões operacionais deste tópico macro.
121;121_M4_17_RECORD_COMO_DTO_VALOR_SIMPLES.md;M4;Orientação a Objetos de verdade e modelagem de domínio;Record como DTO/valor simples;M4.17.01;M4.17.04;4;Conceito profundo e quando usar | Implementação guiada com código realista | Refatoração, melhoria e leitura crítica | Exercício solo, perguntas e critério de aprovação;imutabilidade, leitura e diferença para entidade. Nesta sessão: entender motivação, alternativas, trade-offs e armadilhas. | imutabilidade, leitura e diferença para entidade. Nesta sessão: codar passo a passo uma solução pequena, com nomes bons e saídas verificáveis. | imutabilidade, leitura e diferença para entidade. Nesta sessão: melhorar nomes, responsabilidades, duplicações, organização e legibilidade. | imutabilidade, leitura e diferença para entidade. Nesta sessão: resolver variação sem copiar, explicar decisões e validar com checklist.;Aula mentorada única cobrindo integralmente todas as sessões operacionais deste tópico macro.
122;122_M4_18_EQUALS_E_HASHCODE_INICIAIS.md;M4;Orientação a Objetos de verdade e modelagem de domínio;equals e hashCode iniciais;M4.18.01;M4.18.04;4;Conceito profundo e quando usar | Implementação guiada com código realista | Refatoração, melhoria e leitura crítica | Exercício solo, perguntas e critério de aprovação;identidade, igualdade de valor, CPF/código e coleções futuras. Nesta sessão: entender motivação, alternativas, trade-offs e armadilhas. | identidade, igualdade de valor, CPF/código e coleções futuras. Nesta sessão: codar passo a passo uma solução pequena, com nomes bons e saídas verificáveis. | identidade, igualdade de valor, CPF/código e coleções futuras. Nesta sessão: melhorar nomes, responsabilidades, duplicações, organização e legibilidade. | identidade, igualdade de valor, CPF/código e coleções futuras. Nesta sessão: resolver variação sem copiar, explicar decisões e validar com checklist.;Aula mentorada única cobrindo integralmente todas as sessões operacionais deste tópico macro.
123;123_M4_19_TOSTRING_COM_CRITERIO.md;M4;Orientação a Objetos de verdade e modelagem de domínio;toString com critério;M4.19.01;M4.19.04;4;Conceito profundo e quando usar | Implementação guiada com código realista | Refatoração, melhoria e leitura crítica | Exercício solo, perguntas e critério de aprovação;debug, logs e cuidado com dados sensíveis. Nesta sessão: entender motivação, alternativas, trade-offs e armadilhas. | debug, logs e cuidado com dados sensíveis. Nesta sessão: codar passo a passo uma solução pequena, com nomes bons e saídas verificáveis. | debug, logs e cuidado com dados sensíveis. Nesta sessão: melhorar nomes, responsabilidades, duplicações, organização e legibilidade. | debug, logs e cuidado com dados sensíveis. Nesta sessão: resolver variação sem copiar, explicar decisões e validar com checklist.;Aula mentorada única cobrindo integralmente todas as sessões operacionais deste tópico macro.
124;124_M4_20_PACOTES_E_ORGANIZACAO_OO.md;M4;Orientação a Objetos de verdade e modelagem de domínio;Pacotes e organização OO;M4.20.01;M4.20.04;4;Conceito profundo e quando usar | Implementação guiada com código realista | Refatoração, melhoria e leitura crítica | Exercício solo, perguntas e critério de aprovação;domain, service, repository fake, app e util. Nesta sessão: entender motivação, alternativas, trade-offs e armadilhas. | domain, service, repository fake, app e util. Nesta sessão: codar passo a passo uma solução pequena, com nomes bons e saídas verificáveis. | domain, service, repository fake, app e util. Nesta sessão: melhorar nomes, responsabilidades, duplicações, organização e legibilidade. | domain, service, repository fake, app e util. Nesta sessão: resolver variação sem copiar, explicar decisões e validar com checklist.;Aula mentorada única cobrindo integralmente todas as sessões operacionais deste tópico macro.
125;125_M4_21_SERVICE_INICIAL_SEM_SPRING.md;M4;Orientação a Objetos de verdade e modelagem de domínio;Service inicial sem Spring;M4.21.01;M4.21.04;4;Conceito profundo e quando usar | Implementação guiada com código realista | Refatoração, melhoria e leitura crítica | Exercício solo, perguntas e critério de aprovação;classe de regra, orquestração e separação de domínio. Nesta sessão: entender motivação, alternativas, trade-offs e armadilhas. | classe de regra, orquestração e separação de domínio. Nesta sessão: codar passo a passo uma solução pequena, com nomes bons e saídas verificáveis. | classe de regra, orquestração e separação de domínio. Nesta sessão: melhorar nomes, responsabilidades, duplicações, organização e legibilidade. | classe de regra, orquestração e separação de domínio. Nesta sessão: resolver variação sem copiar, explicar decisões e validar com checklist.;Aula mentorada única cobrindo integralmente todas as sessões operacionais deste tópico macro.
126;126_M4_22_REPOSITORY_FAKE_EM_MEMORIA.md;M4;Orientação a Objetos de verdade e modelagem de domínio;Repository fake em memória;M4.22.01;M4.22.04;4;Conceito profundo e quando usar | Implementação guiada com código realista | Refatoração, melhoria e leitura crítica | Exercício solo, perguntas e critério de aprovação;contrato simples, armazenamento temporário e preparação para banco. Nesta sessão: entender motivação, alternativas, trade-offs e armadilhas. | contrato simples, armazenamento temporário e preparação para banco. Nesta sessão: codar passo a passo uma solução pequena, com nomes bons e saídas verificáveis. | contrato simples, armazenamento temporário e preparação para banco. Nesta sessão: melhorar nomes, responsabilidades, duplicações, organização e legibilidade. | contrato simples, armazenamento temporário e preparação para banco. Nesta sessão: resolver variação sem copiar, explicar decisões e validar com checklist.;Aula mentorada única cobrindo integralmente todas as sessões operacionais deste tópico macro.
127;127_M4_23_DTO_INICIAL_SEM_FRAMEWORK.md;M4;Orientação a Objetos de verdade e modelagem de domínio;DTO inicial sem framework;M4.23.01;M4.23.04;4;Conceito profundo e quando usar | Implementação guiada com código realista | Refatoração, melhoria e leitura crítica | Exercício solo, perguntas e critério de aprovação;entrada, saída, mapeamento manual e separação. Nesta sessão: entender motivação, alternativas, trade-offs e armadilhas. | entrada, saída, mapeamento manual e separação. Nesta sessão: codar passo a passo uma solução pequena, com nomes bons e saídas verificáveis. | entrada, saída, mapeamento manual e separação. Nesta sessão: melhorar nomes, responsabilidades, duplicações, organização e legibilidade. | entrada, saída, mapeamento manual e separação. Nesta sessão: resolver variação sem copiar, explicar decisões e validar com checklist.;Aula mentorada única cobrindo integralmente todas as sessões operacionais deste tópico macro.
128;128_M4_24_ANTI_PADROES_OO_INICIAIS.md;M4;Orientação a Objetos de verdade e modelagem de domínio;Anti-padrões OO iniciais;M4.24.01;M4.24.04;4;Conceito profundo e quando usar | Implementação guiada com código realista | Refatoração, melhoria e leitura crítica | Exercício solo, perguntas e critério de aprovação;classe Deus, objeto anêmico, herança errada, setter em tudo. Nesta sessão: entender motivação, alternativas, trade-offs e armadilhas. | classe Deus, objeto anêmico, herança errada, setter em tudo. Nesta sessão: codar passo a passo uma solução pequena, com nomes bons e saídas verificáveis. | classe Deus, objeto anêmico, herança errada, setter em tudo. Nesta sessão: melhorar nomes, responsabilidades, duplicações, organização e legibilidade. | classe Deus, objeto anêmico, herança errada, setter em tudo. Nesta sessão: resolver variação sem copiar, explicar decisões e validar com checklist.;Aula mentorada única cobrindo integralmente todas as sessões operacionais deste tópico macro.
129;129_M4_25_PROJETO_SISTEMA_DE_PEDIDOS_OO.md;M4;Orientação a Objetos de verdade e modelagem de domínio;Projeto sistema de pedidos OO;M4.25.01;M4.25.04;4;Conceito profundo e quando usar | Implementação guiada com código realista | Refatoração, melhoria e leitura crítica | Exercício solo, perguntas e critério de aprovação;Cliente, Produto, Pedido, ItemPedido, Pagamento, Status e regras. Nesta sessão: entender motivação, alternativas, trade-offs e armadilhas. | Cliente, Produto, Pedido, ItemPedido, Pagamento, Status e regras. Nesta sessão: codar passo a passo uma solução pequena, com nomes bons e saídas verificáveis. | Cliente, Produto, Pedido, ItemPedido, Pagamento, Status e regras. Nesta sessão: melhorar nomes, responsabilidades, duplicações, organização e legibilidade. | Cliente, Produto, Pedido, ItemPedido, Pagamento, Status e regras. Nesta sessão: resolver variação sem copiar, explicar decisões e validar com checklist.;Aula mentorada única cobrindo integralmente todas as sessões operacionais deste tópico macro.
130;130_M4_26_PROJETO_OS_ORIENTADO_A_OBJETOS.md;M4;Orientação a Objetos de verdade e modelagem de domínio;Projeto OS orientado a objetos;M4.26.01;M4.26.04;4;Conceito profundo e quando usar | Implementação guiada com código realista | Refatoração, melhoria e leitura crítica | Exercício solo, perguntas e critério de aprovação;OrdemServico, Atividade, ClienteCorporativo, Historico e status. Nesta sessão: entender motivação, alternativas, trade-offs e armadilhas. | OrdemServico, Atividade, ClienteCorporativo, Historico e status. Nesta sessão: codar passo a passo uma solução pequena, com nomes bons e saídas verificáveis. | OrdemServico, Atividade, ClienteCorporativo, Historico e status. Nesta sessão: melhorar nomes, responsabilidades, duplicações, organização e legibilidade. | OrdemServico, Atividade, ClienteCorporativo, Historico e status. Nesta sessão: resolver variação sem copiar, explicar decisões e validar com checklist.;Aula mentorada única cobrindo integralmente todas as sessões operacionais deste tópico macro.
131;131_M4_27_REVISAO_OO_COM_CODE_REVIEW.md;M4;Orientação a Objetos de verdade e modelagem de domínio;Revisão OO com code review;M4.27.01;M4.27.04;4;Conceito profundo e quando usar | Implementação guiada com código realista | Refatoração, melhoria e leitura crítica | Exercício solo, perguntas e critério de aprovação;nomes, responsabilidades, encapsulamento, invariantes e refatoração. Nesta sessão: entender motivação, alternativas, trade-offs e armadilhas. | nomes, responsabilidades, encapsulamento, invariantes e refatoração. Nesta sessão: codar passo a passo uma solução pequena, com nomes bons e saídas verificáveis. | nomes, responsabilidades, encapsulamento, invariantes e refatoração. Nesta sessão: melhorar nomes, responsabilidades, duplicações, organização e legibilidade. | nomes, responsabilidades, encapsulamento, invariantes e refatoração. Nesta sessão: resolver variação sem copiar, explicar decisões e validar com checklist.;Aula mentorada única cobrindo integralmente todas as sessões operacionais deste tópico macro.
132;132_M5_01_LIMITACOES_DE_ARRAYS_E_ENTRADA_EM_COLLECTIONS.md;M5;Collections, Generics, Streams e Java moderno;Limitações de arrays e entrada em Collections;M5.01.01;M5.01.04;4;Conceito profundo e quando usar | Implementação guiada com código realista | Refatoração, melhoria e leitura crítica | Exercício solo, perguntas e critério de aprovação;tamanho fixo, operações manuais, List e abstrações. Nesta sessão: entender motivação, alternativas, trade-offs e armadilhas. | tamanho fixo, operações manuais, List e abstrações. Nesta sessão: codar passo a passo uma solução pequena, com nomes bons e saídas verificáveis. | tamanho fixo, operações manuais, List e abstrações. Nesta sessão: melhorar nomes, responsabilidades, duplicações, organização e legibilidade. | tamanho fixo, operações manuais, List e abstrações. Nesta sessão: resolver variação sem copiar, explicar decisões e validar com checklist.;Aula mentorada única cobrindo integralmente todas as sessões operacionais deste tópico macro.
133;133_M5_02_LIST_E_ARRAYLIST.md;M5;Collections, Generics, Streams e Java moderno;List e ArrayList;M5.02.01;M5.02.04;4;Conceito profundo e quando usar | Implementação guiada com código realista | Refatoração, melhoria e leitura crítica | Exercício solo, perguntas e critério de aprovação;add, get, set, remove, size, contains, iteração e ordem. Nesta sessão: entender motivação, alternativas, trade-offs e armadilhas. | add, get, set, remove, size, contains, iteração e ordem. Nesta sessão: codar passo a passo uma solução pequena, com nomes bons e saídas verificáveis. | add, get, set, remove, size, contains, iteração e ordem. Nesta sessão: melhorar nomes, responsabilidades, duplicações, organização e legibilidade. | add, get, set, remove, size, contains, iteração e ordem. Nesta sessão: resolver variação sem copiar, explicar decisões e validar com checklist.;Aula mentorada única cobrindo integralmente todas as sessões operacionais deste tópico macro.
134;134_M5_03_LINKEDLIST_E_COMPARACAO_COM_ARRAYLIST.md;M5;Collections, Generics, Streams e Java moderno;LinkedList e comparação com ArrayList;M5.03.01;M5.03.04;4;Conceito profundo e quando usar | Implementação guiada com código realista | Refatoração, melhoria e leitura crítica | Exercício solo, perguntas e critério de aprovação;quando aparece, custos, fila/deque e cuidados. Nesta sessão: entender motivação, alternativas, trade-offs e armadilhas. | quando aparece, custos, fila/deque e cuidados. Nesta sessão: codar passo a passo uma solução pequena, com nomes bons e saídas verificáveis. | quando aparece, custos, fila/deque e cuidados. Nesta sessão: melhorar nomes, responsabilidades, duplicações, organização e legibilidade. | quando aparece, custos, fila/deque e cuidados. Nesta sessão: resolver variação sem copiar, explicar decisões e validar com checklist.;Aula mentorada única cobrindo integralmente todas as sessões operacionais deste tópico macro.
135;135_M5_04_SET_E_HASHSET.md;M5;Collections, Generics, Streams e Java moderno;Set e HashSet;M5.04.01;M5.04.04;4;Conceito profundo e quando usar | Implementação guiada com código realista | Refatoração, melhoria e leitura crítica | Exercício solo, perguntas e critério de aprovação;unicidade, contains, duplicidade e uso por documento/código. Nesta sessão: entender motivação, alternativas, trade-offs e armadilhas. | unicidade, contains, duplicidade e uso por documento/código. Nesta sessão: codar passo a passo uma solução pequena, com nomes bons e saídas verificáveis. | unicidade, contains, duplicidade e uso por documento/código. Nesta sessão: melhorar nomes, responsabilidades, duplicações, organização e legibilidade. | unicidade, contains, duplicidade e uso por documento/código. Nesta sessão: resolver variação sem copiar, explicar decisões e validar com checklist.;Aula mentorada única cobrindo integralmente todas as sessões operacionais deste tópico macro.
136;136_M5_05_LINKEDHASHSET_E_TREESET.md;M5;Collections, Generics, Streams e Java moderno;LinkedHashSet e TreeSet;M5.05.01;M5.05.04;4;Conceito profundo e quando usar | Implementação guiada com código realista | Refatoração, melhoria e leitura crítica | Exercício solo, perguntas e critério de aprovação;ordem de inserção, ordenação natural e custo. Nesta sessão: entender motivação, alternativas, trade-offs e armadilhas. | ordem de inserção, ordenação natural e custo. Nesta sessão: codar passo a passo uma solução pequena, com nomes bons e saídas verificáveis. | ordem de inserção, ordenação natural e custo. Nesta sessão: melhorar nomes, responsabilidades, duplicações, organização e legibilidade. | ordem de inserção, ordenação natural e custo. Nesta sessão: resolver variação sem copiar, explicar decisões e validar com checklist.;Aula mentorada única cobrindo integralmente todas as sessões operacionais deste tópico macro.
137;137_M5_06_MAP_E_HASHMAP.md;M5;Collections, Generics, Streams e Java moderno;Map e HashMap;M5.06.01;M5.06.04;4;Conceito profundo e quando usar | Implementação guiada com código realista | Refatoração, melhoria e leitura crítica | Exercício solo, perguntas e critério de aprovação;chave-valor, put, get, containsKey e índice por código. Nesta sessão: entender motivação, alternativas, trade-offs e armadilhas. | chave-valor, put, get, containsKey e índice por código. Nesta sessão: codar passo a passo uma solução pequena, com nomes bons e saídas verificáveis. | chave-valor, put, get, containsKey e índice por código. Nesta sessão: melhorar nomes, responsabilidades, duplicações, organização e legibilidade. | chave-valor, put, get, containsKey e índice por código. Nesta sessão: resolver variação sem copiar, explicar decisões e validar com checklist.;Aula mentorada única cobrindo integralmente todas as sessões operacionais deste tópico macro.
138;138_M5_07_LINKEDHASHMAP_E_TREEMAP.md;M5;Collections, Generics, Streams e Java moderno;LinkedHashMap e TreeMap;M5.07.01;M5.07.04;4;Conceito profundo e quando usar | Implementação guiada com código realista | Refatoração, melhoria e leitura crítica | Exercício solo, perguntas e critério de aprovação;ordem, ordenação de chaves e relatórios. Nesta sessão: entender motivação, alternativas, trade-offs e armadilhas. | ordem, ordenação de chaves e relatórios. Nesta sessão: codar passo a passo uma solução pequena, com nomes bons e saídas verificáveis. | ordem, ordenação de chaves e relatórios. Nesta sessão: melhorar nomes, responsabilidades, duplicações, organização e legibilidade. | ordem, ordenação de chaves e relatórios. Nesta sessão: resolver variação sem copiar, explicar decisões e validar com checklist.;Aula mentorada única cobrindo integralmente todas as sessões operacionais deste tópico macro.
139;139_M5_08_QUEUE_E_DEQUE.md;M5;Collections, Generics, Streams e Java moderno;Queue e Deque;M5.08.01;M5.08.04;4;Conceito profundo e quando usar | Implementação guiada com código realista | Refatoração, melhoria e leitura crítica | Exercício solo, perguntas e critério de aprovação;fila, pilha, processamento e casos de uso. Nesta sessão: entender motivação, alternativas, trade-offs e armadilhas. | fila, pilha, processamento e casos de uso. Nesta sessão: codar passo a passo uma solução pequena, com nomes bons e saídas verificáveis. | fila, pilha, processamento e casos de uso. Nesta sessão: melhorar nomes, responsabilidades, duplicações, organização e legibilidade. | fila, pilha, processamento e casos de uso. Nesta sessão: resolver variação sem copiar, explicar decisões e validar com checklist.;Aula mentorada única cobrindo integralmente todas as sessões operacionais deste tópico macro.
140;140_M5_09_PRIORITYQUEUE.md;M5;Collections, Generics, Streams e Java moderno;PriorityQueue;M5.09.01;M5.09.04;4;Conceito profundo e quando usar | Implementação guiada com código realista | Refatoração, melhoria e leitura crítica | Exercício solo, perguntas e critério de aprovação;prioridade, comparador e processamento ordenado. Nesta sessão: entender motivação, alternativas, trade-offs e armadilhas. | prioridade, comparador e processamento ordenado. Nesta sessão: codar passo a passo uma solução pequena, com nomes bons e saídas verificáveis. | prioridade, comparador e processamento ordenado. Nesta sessão: melhorar nomes, responsabilidades, duplicações, organização e legibilidade. | prioridade, comparador e processamento ordenado. Nesta sessão: resolver variação sem copiar, explicar decisões e validar com checklist.;Aula mentorada única cobrindo integralmente todas as sessões operacionais deste tópico macro.
141;141_M5_10_BIG_O_PARA_BACKEND.md;M5;Collections, Generics, Streams e Java moderno;Big-O para backend;M5.10.01;M5.10.04;4;Conceito profundo e quando usar | Implementação guiada com código realista | Refatoração, melhoria e leitura crítica | Exercício solo, perguntas e critério de aprovação;O(1), O(n), O(log n), escolha de estrutura e impacto em performance. Nesta sessão: entender motivação, alternativas, trade-offs e armadilhas. | O(1), O(n), O(log n), escolha de estrutura e impacto em performance. Nesta sessão: codar passo a passo uma solução pequena, com nomes bons e saídas verificáveis. | O(1), O(n), O(log n), escolha de estrutura e impacto em performance. Nesta sessão: melhorar nomes, responsabilidades, duplicações, organização e legibilidade. | O(1), O(n), O(log n), escolha de estrutura e impacto em performance. Nesta sessão: resolver variação sem copiar, explicar decisões e validar com checklist.;Aula mentorada única cobrindo integralmente todas as sessões operacionais deste tópico macro.
142;142_M5_11_EQUALS_HASHCODE_PROFUNDO.md;M5;Collections, Generics, Streams e Java moderno;equals/hashCode profundo;M5.11.01;M5.11.04;4;Conceito profundo e quando usar | Implementação guiada com código realista | Refatoração, melhoria e leitura crítica | Exercício solo, perguntas e critério de aprovação;contrato, mutabilidade, Set/Map e bugs difíceis. Nesta sessão: entender motivação, alternativas, trade-offs e armadilhas. | contrato, mutabilidade, Set/Map e bugs difíceis. Nesta sessão: codar passo a passo uma solução pequena, com nomes bons e saídas verificáveis. | contrato, mutabilidade, Set/Map e bugs difíceis. Nesta sessão: melhorar nomes, responsabilidades, duplicações, organização e legibilidade. | contrato, mutabilidade, Set/Map e bugs difíceis. Nesta sessão: resolver variação sem copiar, explicar decisões e validar com checklist.;Aula mentorada única cobrindo integralmente todas as sessões operacionais deste tópico macro.
143;143_M5_12_COMPARABLE_E_COMPARATOR.md;M5;Collections, Generics, Streams e Java moderno;Comparable e Comparator;M5.12.01;M5.12.04;4;Conceito profundo e quando usar | Implementação guiada com código realista | Refatoração, melhoria e leitura crítica | Exercício solo, perguntas e critério de aprovação;ordenação natural, customizada, composição e nulls. Nesta sessão: entender motivação, alternativas, trade-offs e armadilhas. | ordenação natural, customizada, composição e nulls. Nesta sessão: codar passo a passo uma solução pequena, com nomes bons e saídas verificáveis. | ordenação natural, customizada, composição e nulls. Nesta sessão: melhorar nomes, responsabilidades, duplicações, organização e legibilidade. | ordenação natural, customizada, composição e nulls. Nesta sessão: resolver variação sem copiar, explicar decisões e validar com checklist.;Aula mentorada única cobrindo integralmente todas as sessões operacionais deste tópico macro.
144;144_M5_13_GENERICS_EM_CLASSES.md;M5;Collections, Generics, Streams e Java moderno;Generics em classes;M5.13.01;M5.13.04;4;Conceito profundo e quando usar | Implementação guiada com código realista | Refatoração, melhoria e leitura crítica | Exercício solo, perguntas e critério de aprovação;type safety, Repository<T>, Response<T> e reuso. Nesta sessão: entender motivação, alternativas, trade-offs e armadilhas. | type safety, Repository<T>, Response<T> e reuso. Nesta sessão: codar passo a passo uma solução pequena, com nomes bons e saídas verificáveis. | type safety, Repository<T>, Response<T> e reuso. Nesta sessão: melhorar nomes, responsabilidades, duplicações, organização e legibilidade. | type safety, Repository<T>, Response<T> e reuso. Nesta sessão: resolver variação sem copiar, explicar decisões e validar com checklist.;Aula mentorada única cobrindo integralmente todas as sessões operacionais deste tópico macro.
145;145_M5_14_GENERICS_EM_METODOS.md;M5;Collections, Generics, Streams e Java moderno;Generics em métodos;M5.14.01;M5.14.04;4;Conceito profundo e quando usar | Implementação guiada com código realista | Refatoração, melhoria e leitura crítica | Exercício solo, perguntas e critério de aprovação;métodos genéricos, bounds e legibilidade. Nesta sessão: entender motivação, alternativas, trade-offs e armadilhas. | métodos genéricos, bounds e legibilidade. Nesta sessão: codar passo a passo uma solução pequena, com nomes bons e saídas verificáveis. | métodos genéricos, bounds e legibilidade. Nesta sessão: melhorar nomes, responsabilidades, duplicações, organização e legibilidade. | métodos genéricos, bounds e legibilidade. Nesta sessão: resolver variação sem copiar, explicar decisões e validar com checklist.;Aula mentorada única cobrindo integralmente todas as sessões operacionais deste tópico macro.
146;146_M5_15_WILDCARDS.md;M5;Collections, Generics, Streams e Java moderno;Wildcards;M5.15.01;M5.15.04;4;Conceito profundo e quando usar | Implementação guiada com código realista | Refatoração, melhoria e leitura crítica | Exercício solo, perguntas e critério de aprovação;? extends, ? super, PECS e quando evitar complexidade. Nesta sessão: entender motivação, alternativas, trade-offs e armadilhas. | ? extends, ? super, PECS e quando evitar complexidade. Nesta sessão: codar passo a passo uma solução pequena, com nomes bons e saídas verificáveis. | ? extends, ? super, PECS e quando evitar complexidade. Nesta sessão: melhorar nomes, responsabilidades, duplicações, organização e legibilidade. | ? extends, ? super, PECS e quando evitar complexidade. Nesta sessão: resolver variação sem copiar, explicar decisões e validar com checklist.;Aula mentorada única cobrindo integralmente todas as sessões operacionais deste tópico macro.
147;147_M5_16_OPTIONAL_COM_CRITERIO.md;M5;Collections, Generics, Streams e Java moderno;Optional com critério;M5.16.01;M5.16.04;4;Conceito profundo e quando usar | Implementação guiada com código realista | Refatoração, melhoria e leitura crítica | Exercício solo, perguntas e critério de aprovação;retorno ausente, orElseThrow, anti-padrões e service. Nesta sessão: entender motivação, alternativas, trade-offs e armadilhas. | retorno ausente, orElseThrow, anti-padrões e service. Nesta sessão: codar passo a passo uma solução pequena, com nomes bons e saídas verificáveis. | retorno ausente, orElseThrow, anti-padrões e service. Nesta sessão: melhorar nomes, responsabilidades, duplicações, organização e legibilidade. | retorno ausente, orElseThrow, anti-padrões e service. Nesta sessão: resolver variação sem copiar, explicar decisões e validar com checklist.;Aula mentorada única cobrindo integralmente todas as sessões operacionais deste tópico macro.
148;148_M5_17_STREAM_API_FILTER_MAP.md;M5;Collections, Generics, Streams e Java moderno;Stream API filter/map;M5.17.01;M5.17.04;4;Conceito profundo e quando usar | Implementação guiada com código realista | Refatoração, melhoria e leitura crítica | Exercício solo, perguntas e critério de aprovação;pipeline, imutabilidade, clareza e cuidado com debug. Nesta sessão: entender motivação, alternativas, trade-offs e armadilhas. | pipeline, imutabilidade, clareza e cuidado com debug. Nesta sessão: codar passo a passo uma solução pequena, com nomes bons e saídas verificáveis. | pipeline, imutabilidade, clareza e cuidado com debug. Nesta sessão: melhorar nomes, responsabilidades, duplicações, organização e legibilidade. | pipeline, imutabilidade, clareza e cuidado com debug. Nesta sessão: resolver variação sem copiar, explicar decisões e validar com checklist.;Aula mentorada única cobrindo integralmente todas as sessões operacionais deste tópico macro.
149;149_M5_18_STREAM_API_COLLECT_COUNT_MATCH.md;M5;Collections, Generics, Streams e Java moderno;Stream API collect/count/match;M5.18.01;M5.18.04;4;Conceito profundo e quando usar | Implementação guiada com código realista | Refatoração, melhoria e leitura crítica | Exercício solo, perguntas e critério de aprovação;toList, count, anyMatch, allMatch, noneMatch. Nesta sessão: entender motivação, alternativas, trade-offs e armadilhas. | toList, count, anyMatch, allMatch, noneMatch. Nesta sessão: codar passo a passo uma solução pequena, com nomes bons e saídas verificáveis. | toList, count, anyMatch, allMatch, noneMatch. Nesta sessão: melhorar nomes, responsabilidades, duplicações, organização e legibilidade. | toList, count, anyMatch, allMatch, noneMatch. Nesta sessão: resolver variação sem copiar, explicar decisões e validar com checklist.;Aula mentorada única cobrindo integralmente todas as sessões operacionais deste tópico macro.
150;150_M5_19_STREAM_REDUCE_E_SOMATORIOS.md;M5;Collections, Generics, Streams e Java moderno;Stream reduce e somatórios;M5.19.01;M5.19.04;4;Conceito profundo e quando usar | Implementação guiada com código realista | Refatoração, melhoria e leitura crítica | Exercício solo, perguntas e critério de aprovação;somar valores, BigDecimal, identidade e erros comuns. Nesta sessão: entender motivação, alternativas, trade-offs e armadilhas. | somar valores, BigDecimal, identidade e erros comuns. Nesta sessão: codar passo a passo uma solução pequena, com nomes bons e saídas verificáveis. | somar valores, BigDecimal, identidade e erros comuns. Nesta sessão: melhorar nomes, responsabilidades, duplicações, organização e legibilidade. | somar valores, BigDecimal, identidade e erros comuns. Nesta sessão: resolver variação sem copiar, explicar decisões e validar com checklist.;Aula mentorada única cobrindo integralmente todas as sessões operacionais deste tópico macro.
151;151_M5_20_COLLECTORS_GROUPINGBY.md;M5;Collections, Generics, Streams e Java moderno;Collectors groupingBy;M5.20.01;M5.20.04;4;Conceito profundo e quando usar | Implementação guiada com código realista | Refatoração, melhoria e leitura crítica | Exercício solo, perguntas e critério de aprovação;relatório por status, cliente, categoria e agrupamentos. Nesta sessão: entender motivação, alternativas, trade-offs e armadilhas. | relatório por status, cliente, categoria e agrupamentos. Nesta sessão: codar passo a passo uma solução pequena, com nomes bons e saídas verificáveis. | relatório por status, cliente, categoria e agrupamentos. Nesta sessão: melhorar nomes, responsabilidades, duplicações, organização e legibilidade. | relatório por status, cliente, categoria e agrupamentos. Nesta sessão: resolver variação sem copiar, explicar decisões e validar com checklist.;Aula mentorada única cobrindo integralmente todas as sessões operacionais deste tópico macro.
152;152_M5_21_COLLECTORS_PARTITIONINGBY.md;M5;Collections, Generics, Streams e Java moderno;Collectors partitioningBy;M5.21.01;M5.21.04;4;Conceito profundo e quando usar | Implementação guiada com código realista | Refatoração, melhoria e leitura crítica | Exercício solo, perguntas e critério de aprovação;separar válidos/inválidos e regras booleanas. Nesta sessão: entender motivação, alternativas, trade-offs e armadilhas. | separar válidos/inválidos e regras booleanas. Nesta sessão: codar passo a passo uma solução pequena, com nomes bons e saídas verificáveis. | separar válidos/inválidos e regras booleanas. Nesta sessão: melhorar nomes, responsabilidades, duplicações, organização e legibilidade. | separar válidos/inválidos e regras booleanas. Nesta sessão: resolver variação sem copiar, explicar decisões e validar com checklist.;Aula mentorada única cobrindo integralmente todas as sessões operacionais deste tópico macro.
153;153_M5_22_SORTED_DISTINCT_LIMIT_SKIP.md;M5;Collections, Generics, Streams e Java moderno;sorted/distinct/limit/skip;M5.22.01;M5.22.04;4;Conceito profundo e quando usar | Implementação guiada com código realista | Refatoração, melhoria e leitura crítica | Exercício solo, perguntas e critério de aprovação;ordenação, duplicidade, paginação conceitual e custo. Nesta sessão: entender motivação, alternativas, trade-offs e armadilhas. | ordenação, duplicidade, paginação conceitual e custo. Nesta sessão: codar passo a passo uma solução pequena, com nomes bons e saídas verificáveis. | ordenação, duplicidade, paginação conceitual e custo. Nesta sessão: melhorar nomes, responsabilidades, duplicações, organização e legibilidade. | ordenação, duplicidade, paginação conceitual e custo. Nesta sessão: resolver variação sem copiar, explicar decisões e validar com checklist.;Aula mentorada única cobrindo integralmente todas as sessões operacionais deste tópico macro.
154;154_M5_23_FLATMAP.md;M5;Collections, Generics, Streams e Java moderno;FlatMap;M5.23.01;M5.23.04;4;Conceito profundo e quando usar | Implementação guiada com código realista | Refatoração, melhoria e leitura crítica | Exercício solo, perguntas e critério de aprovação;listas dentro de listas, pedido/itens e relatórios. Nesta sessão: entender motivação, alternativas, trade-offs e armadilhas. | listas dentro de listas, pedido/itens e relatórios. Nesta sessão: codar passo a passo uma solução pequena, com nomes bons e saídas verificáveis. | listas dentro de listas, pedido/itens e relatórios. Nesta sessão: melhorar nomes, responsabilidades, duplicações, organização e legibilidade. | listas dentro de listas, pedido/itens e relatórios. Nesta sessão: resolver variação sem copiar, explicar decisões e validar com checklist.;Aula mentorada única cobrindo integralmente todas as sessões operacionais deste tópico macro.
155;155_M5_24_ANTI_PADROES_DE_STREAM.md;M5;Collections, Generics, Streams e Java moderno;Anti-padrões de Stream;M5.24.01;M5.24.04;4;Conceito profundo e quando usar | Implementação guiada com código realista | Refatoração, melhoria e leitura crítica | Exercício solo, perguntas e critério de aprovação;pipeline ilegível, side effects, stream para tudo e performance. Nesta sessão: entender motivação, alternativas, trade-offs e armadilhas. | pipeline ilegível, side effects, stream para tudo e performance. Nesta sessão: codar passo a passo uma solução pequena, com nomes bons e saídas verificáveis. | pipeline ilegível, side effects, stream para tudo e performance. Nesta sessão: melhorar nomes, responsabilidades, duplicações, organização e legibilidade. | pipeline ilegível, side effects, stream para tudo e performance. Nesta sessão: resolver variação sem copiar, explicar decisões e validar com checklist.;Aula mentorada única cobrindo integralmente todas as sessões operacionais deste tópico macro.
156;156_M5_25_CONCURRENT_COLLECTIONS_INTRODUTORIO.md;M5;Collections, Generics, Streams e Java moderno;Concurrent collections introdutório;M5.25.01;M5.25.04;4;Conceito profundo e quando usar | Implementação guiada com código realista | Refatoração, melhoria e leitura crítica | Exercício solo, perguntas e critério de aprovação;ConcurrentHashMap, CopyOnWriteArrayList e quando aparece. Nesta sessão: entender motivação, alternativas, trade-offs e armadilhas. | ConcurrentHashMap, CopyOnWriteArrayList e quando aparece. Nesta sessão: codar passo a passo uma solução pequena, com nomes bons e saídas verificáveis. | ConcurrentHashMap, CopyOnWriteArrayList e quando aparece. Nesta sessão: melhorar nomes, responsabilidades, duplicações, organização e legibilidade. | ConcurrentHashMap, CopyOnWriteArrayList e quando aparece. Nesta sessão: resolver variação sem copiar, explicar decisões e validar com checklist.;Aula mentorada única cobrindo integralmente todas as sessões operacionais deste tópico macro.
157;157_M5_26_PROJETO_CONTROLE_FINANCEIRO_CONSOLE.md;M5;Collections, Generics, Streams e Java moderno;Projeto controle financeiro console;M5.26.01;M5.26.04;4;Conceito profundo e quando usar | Implementação guiada com código realista | Refatoração, melhoria e leitura crítica | Exercício solo, perguntas e critério de aprovação;lançamentos, categorias, filtros, datas, BigDecimal e relatórios. Nesta sessão: entender motivação, alternativas, trade-offs e armadilhas. | lançamentos, categorias, filtros, datas, BigDecimal e relatórios. Nesta sessão: codar passo a passo uma solução pequena, com nomes bons e saídas verificáveis. | lançamentos, categorias, filtros, datas, BigDecimal e relatórios. Nesta sessão: melhorar nomes, responsabilidades, duplicações, organização e legibilidade. | lançamentos, categorias, filtros, datas, BigDecimal e relatórios. Nesta sessão: resolver variação sem copiar, explicar decisões e validar com checklist.;Aula mentorada única cobrindo integralmente todas as sessões operacionais deste tópico macro.
158;158_M6_01_CLEAN_CODE_NOMES_QUE_REVELAM_INTENCAO.md;M6;Código limpo, SOLID, refatoração e design patterns;Clean Code: nomes que revelam intenção;M6.01.01;M6.01.04;4;Fundamento avançado e modelo mental | Implementação profissional orientada a produção | Casos de borda, falhas e troubleshooting | Desafio aplicado, revisão técnica e entrega;variáveis, métodos, classes, domínio e termos de negócio. Nesta sessão: entender funcionamento interno, limitações, impacto em backend e riscos. | variáveis, métodos, classes, domínio e termos de negócio. Nesta sessão: implementar solução com validação, erro, teste, configuração ou observabilidade quando aplicável. | variáveis, métodos, classes, domínio e termos de negócio. Nesta sessão: simular falhas, diagnosticar sintomas, medir comportamento e corrigir. | variáveis, métodos, classes, domínio e termos de negócio. Nesta sessão: entregar mini solução com README, evidência, teste, decisão técnica ou ADR.;Aula mentorada única cobrindo integralmente todas as sessões operacionais deste tópico macro.
159;159_M6_02_FUNCOES_PEQUENAS_E_COESAS.md;M6;Código limpo, SOLID, refatoração e design patterns;Funções pequenas e coesas;M6.02.01;M6.02.04;4;Fundamento avançado e modelo mental | Implementação profissional orientada a produção | Casos de borda, falhas e troubleshooting | Desafio aplicado, revisão técnica e entrega;tamanho, nível de abstração, parâmetros e retorno. Nesta sessão: entender funcionamento interno, limitações, impacto em backend e riscos. | tamanho, nível de abstração, parâmetros e retorno. Nesta sessão: implementar solução com validação, erro, teste, configuração ou observabilidade quando aplicável. | tamanho, nível de abstração, parâmetros e retorno. Nesta sessão: simular falhas, diagnosticar sintomas, medir comportamento e corrigir. | tamanho, nível de abstração, parâmetros e retorno. Nesta sessão: entregar mini solução com README, evidência, teste, decisão técnica ou ADR.;Aula mentorada única cobrindo integralmente todas as sessões operacionais deste tópico macro.
160;160_M6_03_COMENTARIOS_UTEIS_VERSUS_CODIGO_MAL_NOMEADO.md;M6;Código limpo, SOLID, refatoração e design patterns;Comentários úteis versus código mal nomeado;M6.03.01;M6.03.04;4;Fundamento avançado e modelo mental | Implementação profissional orientada a produção | Casos de borda, falhas e troubleshooting | Desafio aplicado, revisão técnica e entrega;quando comentar, quando renomear, TODO e documentação. Nesta sessão: entender funcionamento interno, limitações, impacto em backend e riscos. | quando comentar, quando renomear, TODO e documentação. Nesta sessão: implementar solução com validação, erro, teste, configuração ou observabilidade quando aplicável. | quando comentar, quando renomear, TODO e documentação. Nesta sessão: simular falhas, diagnosticar sintomas, medir comportamento e corrigir. | quando comentar, quando renomear, TODO e documentação. Nesta sessão: entregar mini solução com README, evidência, teste, decisão técnica ou ADR.;Aula mentorada única cobrindo integralmente todas as sessões operacionais deste tópico macro.
161;161_M6_04_DUPLICACAO_E_DRY_COM_CRITERIO.md;M6;Código limpo, SOLID, refatoração e design patterns;Duplicação e DRY com critério;M6.04.01;M6.04.04;4;Fundamento avançado e modelo mental | Implementação profissional orientada a produção | Casos de borda, falhas e troubleshooting | Desafio aplicado, revisão técnica e entrega;extração, abstração prematura e duplicação aceitável. Nesta sessão: entender funcionamento interno, limitações, impacto em backend e riscos. | extração, abstração prematura e duplicação aceitável. Nesta sessão: implementar solução com validação, erro, teste, configuração ou observabilidade quando aplicável. | extração, abstração prematura e duplicação aceitável. Nesta sessão: simular falhas, diagnosticar sintomas, medir comportamento e corrigir. | extração, abstração prematura e duplicação aceitável. Nesta sessão: entregar mini solução com README, evidência, teste, decisão técnica ou ADR.;Aula mentorada única cobrindo integralmente todas as sessões operacionais deste tópico macro.
162;162_M6_05_COESAO_E_ACOPLAMENTO.md;M6;Código limpo, SOLID, refatoração e design patterns;Coesão e acoplamento;M6.05.01;M6.05.04;4;Fundamento avançado e modelo mental | Implementação profissional orientada a produção | Casos de borda, falhas e troubleshooting | Desafio aplicado, revisão técnica e entrega;responsabilidade, dependências e sinais de design ruim. Nesta sessão: entender funcionamento interno, limitações, impacto em backend e riscos. | responsabilidade, dependências e sinais de design ruim. Nesta sessão: implementar solução com validação, erro, teste, configuração ou observabilidade quando aplicável. | responsabilidade, dependências e sinais de design ruim. Nesta sessão: simular falhas, diagnosticar sintomas, medir comportamento e corrigir. | responsabilidade, dependências e sinais de design ruim. Nesta sessão: entregar mini solução com README, evidência, teste, decisão técnica ou ADR.;Aula mentorada única cobrindo integralmente todas as sessões operacionais deste tópico macro.
163;163_M6_06_CODE_SMELLS_PRINCIPAIS.md;M6;Código limpo, SOLID, refatoração e design patterns;Code smells principais;M6.06.01;M6.06.04;4;Fundamento avançado e modelo mental | Implementação profissional orientada a produção | Casos de borda, falhas e troubleshooting | Desafio aplicado, revisão técnica e entrega;classe Deus, método longo, primitive obsession, feature envy. Nesta sessão: entender funcionamento interno, limitações, impacto em backend e riscos. | classe Deus, método longo, primitive obsession, feature envy. Nesta sessão: implementar solução com validação, erro, teste, configuração ou observabilidade quando aplicável. | classe Deus, método longo, primitive obsession, feature envy. Nesta sessão: simular falhas, diagnosticar sintomas, medir comportamento e corrigir. | classe Deus, método longo, primitive obsession, feature envy. Nesta sessão: entregar mini solução com README, evidência, teste, decisão técnica ou ADR.;Aula mentorada única cobrindo integralmente todas as sessões operacionais deste tópico macro.
164;164_M6_07_REFATORACAO_SEGURA.md;M6;Código limpo, SOLID, refatoração e design patterns;Refatoração segura;M6.07.01;M6.07.04;4;Fundamento avançado e modelo mental | Implementação profissional orientada a produção | Casos de borda, falhas e troubleshooting | Desafio aplicado, revisão técnica e entrega;pequenos passos, testes, commits e comportamento preservado. Nesta sessão: entender funcionamento interno, limitações, impacto em backend e riscos. | pequenos passos, testes, commits e comportamento preservado. Nesta sessão: implementar solução com validação, erro, teste, configuração ou observabilidade quando aplicável. | pequenos passos, testes, commits e comportamento preservado. Nesta sessão: simular falhas, diagnosticar sintomas, medir comportamento e corrigir. | pequenos passos, testes, commits e comportamento preservado. Nesta sessão: entregar mini solução com README, evidência, teste, decisão técnica ou ADR.;Aula mentorada única cobrindo integralmente todas as sessões operacionais deste tópico macro.
165;165_M6_08_INTELLIJ_REFACTOR_TOOLS.md;M6;Código limpo, SOLID, refatoração e design patterns;IntelliJ refactor tools;M6.08.01;M6.08.04;4;Fundamento avançado e modelo mental | Implementação profissional orientada a produção | Casos de borda, falhas e troubleshooting | Desafio aplicado, revisão técnica e entrega;rename, extract method, extract class, inline, safe delete. Nesta sessão: entender funcionamento interno, limitações, impacto em backend e riscos. | rename, extract method, extract class, inline, safe delete. Nesta sessão: implementar solução com validação, erro, teste, configuração ou observabilidade quando aplicável. | rename, extract method, extract class, inline, safe delete. Nesta sessão: simular falhas, diagnosticar sintomas, medir comportamento e corrigir. | rename, extract method, extract class, inline, safe delete. Nesta sessão: entregar mini solução com README, evidência, teste, decisão técnica ou ADR.;Aula mentorada única cobrindo integralmente todas as sessões operacionais deste tópico macro.
166;166_M6_09_SOLID_SRP.md;M6;Código limpo, SOLID, refatoração e design patterns;SOLID - SRP;M6.09.01;M6.09.04;4;Fundamento avançado e modelo mental | Implementação profissional orientada a produção | Casos de borda, falhas e troubleshooting | Desafio aplicado, revisão técnica e entrega;responsabilidade única aplicada a service, domain e validator. Nesta sessão: entender funcionamento interno, limitações, impacto em backend e riscos. | responsabilidade única aplicada a service, domain e validator. Nesta sessão: implementar solução com validação, erro, teste, configuração ou observabilidade quando aplicável. | responsabilidade única aplicada a service, domain e validator. Nesta sessão: simular falhas, diagnosticar sintomas, medir comportamento e corrigir. | responsabilidade única aplicada a service, domain e validator. Nesta sessão: entregar mini solução com README, evidência, teste, decisão técnica ou ADR.;Aula mentorada única cobrindo integralmente todas as sessões operacionais deste tópico macro.
167;167_M6_10_SOLID_OCP.md;M6;Código limpo, SOLID, refatoração e design patterns;SOLID - OCP;M6.10.01;M6.10.04;4;Fundamento avançado e modelo mental | Implementação profissional orientada a produção | Casos de borda, falhas e troubleshooting | Desafio aplicado, revisão técnica e entrega;extensão sem alteração, strategy e novas regras. Nesta sessão: entender funcionamento interno, limitações, impacto em backend e riscos. | extensão sem alteração, strategy e novas regras. Nesta sessão: implementar solução com validação, erro, teste, configuração ou observabilidade quando aplicável. | extensão sem alteração, strategy e novas regras. Nesta sessão: simular falhas, diagnosticar sintomas, medir comportamento e corrigir. | extensão sem alteração, strategy e novas regras. Nesta sessão: entregar mini solução com README, evidência, teste, decisão técnica ou ADR.;Aula mentorada única cobrindo integralmente todas as sessões operacionais deste tópico macro.
168;168_M6_11_SOLID_LSP.md;M6;Código limpo, SOLID, refatoração e design patterns;SOLID - LSP;M6.11.01;M6.11.04;4;Fundamento avançado e modelo mental | Implementação profissional orientada a produção | Casos de borda, falhas e troubleshooting | Desafio aplicado, revisão técnica e entrega;substituição correta, herança perigosa e contratos. Nesta sessão: entender funcionamento interno, limitações, impacto em backend e riscos. | substituição correta, herança perigosa e contratos. Nesta sessão: implementar solução com validação, erro, teste, configuração ou observabilidade quando aplicável. | substituição correta, herança perigosa e contratos. Nesta sessão: simular falhas, diagnosticar sintomas, medir comportamento e corrigir. | substituição correta, herança perigosa e contratos. Nesta sessão: entregar mini solução com README, evidência, teste, decisão técnica ou ADR.;Aula mentorada única cobrindo integralmente todas as sessões operacionais deste tópico macro.
169;169_M6_12_SOLID_ISP.md;M6;Código limpo, SOLID, refatoração e design patterns;SOLID - ISP;M6.12.01;M6.12.04;4;Fundamento avançado e modelo mental | Implementação profissional orientada a produção | Casos de borda, falhas e troubleshooting | Desafio aplicado, revisão técnica e entrega;interfaces pequenas, clientes específicos e segregação. Nesta sessão: entender funcionamento interno, limitações, impacto em backend e riscos. | interfaces pequenas, clientes específicos e segregação. Nesta sessão: implementar solução com validação, erro, teste, configuração ou observabilidade quando aplicável. | interfaces pequenas, clientes específicos e segregação. Nesta sessão: simular falhas, diagnosticar sintomas, medir comportamento e corrigir. | interfaces pequenas, clientes específicos e segregação. Nesta sessão: entregar mini solução com README, evidência, teste, decisão técnica ou ADR.;Aula mentorada única cobrindo integralmente todas as sessões operacionais deste tópico macro.
170;170_M6_13_SOLID_DIP.md;M6;Código limpo, SOLID, refatoração e design patterns;SOLID - DIP;M6.13.01;M6.13.04;4;Fundamento avançado e modelo mental | Implementação profissional orientada a produção | Casos de borda, falhas e troubleshooting | Desafio aplicado, revisão técnica e entrega;depender de abstrações, ports e injeção manual. Nesta sessão: entender funcionamento interno, limitações, impacto em backend e riscos. | depender de abstrações, ports e injeção manual. Nesta sessão: implementar solução com validação, erro, teste, configuração ou observabilidade quando aplicável. | depender de abstrações, ports e injeção manual. Nesta sessão: simular falhas, diagnosticar sintomas, medir comportamento e corrigir. | depender de abstrações, ports e injeção manual. Nesta sessão: entregar mini solução com README, evidência, teste, decisão técnica ou ADR.;Aula mentorada única cobrindo integralmente todas as sessões operacionais deste tópico macro.
171;171_M6_14_STRATEGY.md;M6;Código limpo, SOLID, refatoração e design patterns;Strategy;M6.14.01;M6.14.04;4;Fundamento avançado e modelo mental | Implementação profissional orientada a produção | Casos de borda, falhas e troubleshooting | Desafio aplicado, revisão técnica e entrega;cálculo de frete, desconto, pagamento e regras variáveis. Nesta sessão: entender funcionamento interno, limitações, impacto em backend e riscos. | cálculo de frete, desconto, pagamento e regras variáveis. Nesta sessão: implementar solução com validação, erro, teste, configuração ou observabilidade quando aplicável. | cálculo de frete, desconto, pagamento e regras variáveis. Nesta sessão: simular falhas, diagnosticar sintomas, medir comportamento e corrigir. | cálculo de frete, desconto, pagamento e regras variáveis. Nesta sessão: entregar mini solução com README, evidência, teste, decisão técnica ou ADR.;Aula mentorada única cobrindo integralmente todas as sessões operacionais deste tópico macro.
172;172_M6_15_FACTORY_METHOD.md;M6;Código limpo, SOLID, refatoração e design patterns;Factory Method;M6.15.01;M6.15.04;4;Fundamento avançado e modelo mental | Implementação profissional orientada a produção | Casos de borda, falhas e troubleshooting | Desafio aplicado, revisão técnica e entrega;criação por tipo, encapsular new e regras de construção. Nesta sessão: entender funcionamento interno, limitações, impacto em backend e riscos. | criação por tipo, encapsular new e regras de construção. Nesta sessão: implementar solução com validação, erro, teste, configuração ou observabilidade quando aplicável. | criação por tipo, encapsular new e regras de construção. Nesta sessão: simular falhas, diagnosticar sintomas, medir comportamento e corrigir. | criação por tipo, encapsular new e regras de construção. Nesta sessão: entregar mini solução com README, evidência, teste, decisão técnica ou ADR.;Aula mentorada única cobrindo integralmente todas as sessões operacionais deste tópico macro.
173;173_M6_16_ABSTRACT_FACTORY_CONCEITUAL.md;M6;Código limpo, SOLID, refatoração e design patterns;Abstract Factory conceitual;M6.16.01;M6.16.04;4;Fundamento avançado e modelo mental | Implementação profissional orientada a produção | Casos de borda, falhas e troubleshooting | Desafio aplicado, revisão técnica e entrega;famílias de objetos e quando é exagero. Nesta sessão: entender funcionamento interno, limitações, impacto em backend e riscos. | famílias de objetos e quando é exagero. Nesta sessão: implementar solução com validação, erro, teste, configuração ou observabilidade quando aplicável. | famílias de objetos e quando é exagero. Nesta sessão: simular falhas, diagnosticar sintomas, medir comportamento e corrigir. | famílias de objetos e quando é exagero. Nesta sessão: entregar mini solução com README, evidência, teste, decisão técnica ou ADR.;Aula mentorada única cobrindo integralmente todas as sessões operacionais deste tópico macro.
174;174_M6_17_TEMPLATE_METHOD.md;M6;Código limpo, SOLID, refatoração e design patterns;Template Method;M6.17.01;M6.17.04;4;Fundamento avançado e modelo mental | Implementação profissional orientada a produção | Casos de borda, falhas e troubleshooting | Desafio aplicado, revisão técnica e entrega;fluxo fixo com etapas variáveis. Nesta sessão: entender funcionamento interno, limitações, impacto em backend e riscos. | fluxo fixo com etapas variáveis. Nesta sessão: implementar solução com validação, erro, teste, configuração ou observabilidade quando aplicável. | fluxo fixo com etapas variáveis. Nesta sessão: simular falhas, diagnosticar sintomas, medir comportamento e corrigir. | fluxo fixo com etapas variáveis. Nesta sessão: entregar mini solução com README, evidência, teste, decisão técnica ou ADR.;Aula mentorada única cobrindo integralmente todas as sessões operacionais deste tópico macro.
175;175_M6_18_BUILDER.md;M6;Código limpo, SOLID, refatoração e design patterns;Builder;M6.18.01;M6.18.04;4;Fundamento avançado e modelo mental | Implementação profissional orientada a produção | Casos de borda, falhas e troubleshooting | Desafio aplicado, revisão técnica e entrega;objeto complexo, legibilidade, testes e DTOs. Nesta sessão: entender funcionamento interno, limitações, impacto em backend e riscos. | objeto complexo, legibilidade, testes e DTOs. Nesta sessão: implementar solução com validação, erro, teste, configuração ou observabilidade quando aplicável. | objeto complexo, legibilidade, testes e DTOs. Nesta sessão: simular falhas, diagnosticar sintomas, medir comportamento e corrigir. | objeto complexo, legibilidade, testes e DTOs. Nesta sessão: entregar mini solução com README, evidência, teste, decisão técnica ou ADR.;Aula mentorada única cobrindo integralmente todas as sessões operacionais deste tópico macro.
176;176_M6_19_ADAPTER.md;M6;Código limpo, SOLID, refatoração e design patterns;Adapter;M6.19.01;M6.19.04;4;Fundamento avançado e modelo mental | Implementação profissional orientada a produção | Casos de borda, falhas e troubleshooting | Desafio aplicado, revisão técnica e entrega;integrar API externa, legado e anticorruption inicial. Nesta sessão: entender funcionamento interno, limitações, impacto em backend e riscos. | integrar API externa, legado e anticorruption inicial. Nesta sessão: implementar solução com validação, erro, teste, configuração ou observabilidade quando aplicável. | integrar API externa, legado e anticorruption inicial. Nesta sessão: simular falhas, diagnosticar sintomas, medir comportamento e corrigir. | integrar API externa, legado e anticorruption inicial. Nesta sessão: entregar mini solução com README, evidência, teste, decisão técnica ou ADR.;Aula mentorada única cobrindo integralmente todas as sessões operacionais deste tópico macro.
177;177_M6_20_FACADE.md;M6;Código limpo, SOLID, refatoração e design patterns;Facade;M6.20.01;M6.20.04;4;Fundamento avançado e modelo mental | Implementação profissional orientada a produção | Casos de borda, falhas e troubleshooting | Desafio aplicado, revisão técnica e entrega;simplificar subsistemas e orquestração. Nesta sessão: entender funcionamento interno, limitações, impacto em backend e riscos. | simplificar subsistemas e orquestração. Nesta sessão: implementar solução com validação, erro, teste, configuração ou observabilidade quando aplicável. | simplificar subsistemas e orquestração. Nesta sessão: simular falhas, diagnosticar sintomas, medir comportamento e corrigir. | simplificar subsistemas e orquestração. Nesta sessão: entregar mini solução com README, evidência, teste, decisão técnica ou ADR.;Aula mentorada única cobrindo integralmente todas as sessões operacionais deste tópico macro.
178;178_M6_21_DECORATOR.md;M6;Código limpo, SOLID, refatoração e design patterns;Decorator;M6.21.01;M6.21.04;4;Fundamento avançado e modelo mental | Implementação profissional orientada a produção | Casos de borda, falhas e troubleshooting | Desafio aplicado, revisão técnica e entrega;comportamento incremental, logging, validações e composição. Nesta sessão: entender funcionamento interno, limitações, impacto em backend e riscos. | comportamento incremental, logging, validações e composição. Nesta sessão: implementar solução com validação, erro, teste, configuração ou observabilidade quando aplicável. | comportamento incremental, logging, validações e composição. Nesta sessão: simular falhas, diagnosticar sintomas, medir comportamento e corrigir. | comportamento incremental, logging, validações e composição. Nesta sessão: entregar mini solução com README, evidência, teste, decisão técnica ou ADR.;Aula mentorada única cobrindo integralmente todas as sessões operacionais deste tópico macro.
179;179_M6_22_COMMAND.md;M6;Código limpo, SOLID, refatoração e design patterns;Command;M6.22.01;M6.22.04;4;Fundamento avançado e modelo mental | Implementação profissional orientada a produção | Casos de borda, falhas e troubleshooting | Desafio aplicado, revisão técnica e entrega;ações, fila, auditoria e desfazer conceitual. Nesta sessão: entender funcionamento interno, limitações, impacto em backend e riscos. | ações, fila, auditoria e desfazer conceitual. Nesta sessão: implementar solução com validação, erro, teste, configuração ou observabilidade quando aplicável. | ações, fila, auditoria e desfazer conceitual. Nesta sessão: simular falhas, diagnosticar sintomas, medir comportamento e corrigir. | ações, fila, auditoria e desfazer conceitual. Nesta sessão: entregar mini solução com README, evidência, teste, decisão técnica ou ADR.;Aula mentorada única cobrindo integralmente todas as sessões operacionais deste tópico macro.
180;180_M6_23_OBSERVER_EVENT.md;M6;Código limpo, SOLID, refatoração e design patterns;Observer/Event;M6.23.01;M6.23.04;4;Fundamento avançado e modelo mental | Implementação profissional orientada a produção | Casos de borda, falhas e troubleshooting | Desafio aplicado, revisão técnica e entrega;eventos internos e baixo acoplamento. Nesta sessão: entender funcionamento interno, limitações, impacto em backend e riscos. | eventos internos e baixo acoplamento. Nesta sessão: implementar solução com validação, erro, teste, configuração ou observabilidade quando aplicável. | eventos internos e baixo acoplamento. Nesta sessão: simular falhas, diagnosticar sintomas, medir comportamento e corrigir. | eventos internos e baixo acoplamento. Nesta sessão: entregar mini solução com README, evidência, teste, decisão técnica ou ADR.;Aula mentorada única cobrindo integralmente todas as sessões operacionais deste tópico macro.
181;181_M6_24_DTO_E_MAPPER_MANUAL.md;M6;Código limpo, SOLID, refatoração e design patterns;DTO e Mapper manual;M6.24.01;M6.24.04;4;Fundamento avançado e modelo mental | Implementação profissional orientada a produção | Casos de borda, falhas e troubleshooting | Desafio aplicado, revisão técnica e entrega;entrada, saída, domínio protegido e transformação. Nesta sessão: entender funcionamento interno, limitações, impacto em backend e riscos. | entrada, saída, domínio protegido e transformação. Nesta sessão: implementar solução com validação, erro, teste, configuração ou observabilidade quando aplicável. | entrada, saída, domínio protegido e transformação. Nesta sessão: simular falhas, diagnosticar sintomas, medir comportamento e corrigir. | entrada, saída, domínio protegido e transformação. Nesta sessão: entregar mini solução com README, evidência, teste, decisão técnica ou ADR.;Aula mentorada única cobrindo integralmente todas as sessões operacionais deste tópico macro.
182;182_M6_25_LOGS_ANTES_DE_FRAMEWORK.md;M6;Código limpo, SOLID, refatoração e design patterns;Logs antes de framework;M6.25.01;M6.25.04;4;Fundamento avançado e modelo mental | Implementação profissional orientada a produção | Casos de borda, falhas e troubleshooting | Desafio aplicado, revisão técnica e entrega;níveis, contexto, rastreabilidade e substituição de prints. Nesta sessão: entender funcionamento interno, limitações, impacto em backend e riscos. | níveis, contexto, rastreabilidade e substituição de prints. Nesta sessão: implementar solução com validação, erro, teste, configuração ou observabilidade quando aplicável. | níveis, contexto, rastreabilidade e substituição de prints. Nesta sessão: simular falhas, diagnosticar sintomas, medir comportamento e corrigir. | níveis, contexto, rastreabilidade e substituição de prints. Nesta sessão: entregar mini solução com README, evidência, teste, decisão técnica ou ADR.;Aula mentorada única cobrindo integralmente todas as sessões operacionais deste tópico macro.
183;183_M6_26_PROJETO_REFATORACAO_PROFISSIONAL.md;M6;Código limpo, SOLID, refatoração e design patterns;Projeto refatoração profissional;M6.26.01;M6.26.04;4;Fundamento avançado e modelo mental | Implementação profissional orientada a produção | Casos de borda, falhas e troubleshooting | Desafio aplicado, revisão técnica e entrega;receber código ruim, criar plano, refatorar, testar e justificar. Nesta sessão: entender funcionamento interno, limitações, impacto em backend e riscos. | receber código ruim, criar plano, refatorar, testar e justificar. Nesta sessão: implementar solução com validação, erro, teste, configuração ou observabilidade quando aplicável. | receber código ruim, criar plano, refatorar, testar e justificar. Nesta sessão: simular falhas, diagnosticar sintomas, medir comportamento e corrigir. | receber código ruim, criar plano, refatorar, testar e justificar. Nesta sessão: entregar mini solução com README, evidência, teste, decisão técnica ou ADR.;Aula mentorada única cobrindo integralmente todas as sessões operacionais deste tópico macro.
184;184_M7_01_MAVEN_LIFECYCLE.md;M7;Build, Git profissional, Maven, Gradle e qualidade estática;Maven lifecycle;M7.01.01;M7.01.04;4;Conceito profundo e quando usar | Implementação guiada com código realista | Refatoração, melhoria e leitura crítica | Exercício solo, perguntas e critério de aprovação;validate, compile, test, package, verify, install e deploy conceitual. Nesta sessão: entender motivação, alternativas, trade-offs e armadilhas. | validate, compile, test, package, verify, install e deploy conceitual. Nesta sessão: codar passo a passo uma solução pequena, com nomes bons e saídas verificáveis. | validate, compile, test, package, verify, install e deploy conceitual. Nesta sessão: melhorar nomes, responsabilidades, duplicações, organização e legibilidade. | validate, compile, test, package, verify, install e deploy conceitual. Nesta sessão: resolver variação sem copiar, explicar decisões e validar com checklist.;Aula mentorada única cobrindo integralmente todas as sessões operacionais deste tópico macro.
185;185_M7_02_POM_XML_COMPLETO.md;M7;Build, Git profissional, Maven, Gradle e qualidade estática;POM.xml completo;M7.02.01;M7.02.04;4;Conceito profundo e quando usar | Implementação guiada com código realista | Refatoração, melhoria e leitura crítica | Exercício solo, perguntas e critério de aprovação;groupId, artifactId, version, properties, dependencies e plugins. Nesta sessão: entender motivação, alternativas, trade-offs e armadilhas. | groupId, artifactId, version, properties, dependencies e plugins. Nesta sessão: codar passo a passo uma solução pequena, com nomes bons e saídas verificáveis. | groupId, artifactId, version, properties, dependencies e plugins. Nesta sessão: melhorar nomes, responsabilidades, duplicações, organização e legibilidade. | groupId, artifactId, version, properties, dependencies e plugins. Nesta sessão: resolver variação sem copiar, explicar decisões e validar com checklist.;Aula mentorada única cobrindo integralmente todas as sessões operacionais deste tópico macro.
186;186_M7_03_SCOPES_DE_DEPENDENCIA.md;M7;Build, Git profissional, Maven, Gradle e qualidade estática;Scopes de dependência;M7.03.01;M7.03.04;4;Conceito profundo e quando usar | Implementação guiada com código realista | Refatoração, melhoria e leitura crítica | Exercício solo, perguntas e critério de aprovação;compile, test, runtime, provided e impacto no build. Nesta sessão: entender motivação, alternativas, trade-offs e armadilhas. | compile, test, runtime, provided e impacto no build. Nesta sessão: codar passo a passo uma solução pequena, com nomes bons e saídas verificáveis. | compile, test, runtime, provided e impacto no build. Nesta sessão: melhorar nomes, responsabilidades, duplicações, organização e legibilidade. | compile, test, runtime, provided e impacto no build. Nesta sessão: resolver variação sem copiar, explicar decisões e validar com checklist.;Aula mentorada única cobrindo integralmente todas as sessões operacionais deste tópico macro.
187;187_M7_04_DEPENDENCY_TREE_E_CONFLITOS.md;M7;Build, Git profissional, Maven, Gradle e qualidade estática;Dependency tree e conflitos;M7.04.01;M7.04.04;4;Conceito profundo e quando usar | Implementação guiada com código realista | Refatoração, melhoria e leitura crítica | Exercício solo, perguntas e critério de aprovação;mvn dependency:tree, versões transitivas, exclusões e diagnóstico. Nesta sessão: entender motivação, alternativas, trade-offs e armadilhas. | mvn dependency:tree, versões transitivas, exclusões e diagnóstico. Nesta sessão: codar passo a passo uma solução pequena, com nomes bons e saídas verificáveis. | mvn dependency:tree, versões transitivas, exclusões e diagnóstico. Nesta sessão: melhorar nomes, responsabilidades, duplicações, organização e legibilidade. | mvn dependency:tree, versões transitivas, exclusões e diagnóstico. Nesta sessão: resolver variação sem copiar, explicar decisões e validar com checklist.;Aula mentorada única cobrindo integralmente todas as sessões operacionais deste tópico macro.
188;188_M7_05_BOM_E_DEPENDENCY_MANAGEMENT.md;M7;Build, Git profissional, Maven, Gradle e qualidade estática;BOM e dependency management;M7.05.01;M7.05.04;4;Conceito profundo e quando usar | Implementação guiada com código realista | Refatoração, melhoria e leitura crítica | Exercício solo, perguntas e critério de aprovação;controle central de versões e Spring Boot parent. Nesta sessão: entender motivação, alternativas, trade-offs e armadilhas. | controle central de versões e Spring Boot parent. Nesta sessão: codar passo a passo uma solução pequena, com nomes bons e saídas verificáveis. | controle central de versões e Spring Boot parent. Nesta sessão: melhorar nomes, responsabilidades, duplicações, organização e legibilidade. | controle central de versões e Spring Boot parent. Nesta sessão: resolver variação sem copiar, explicar decisões e validar com checklist.;Aula mentorada única cobrindo integralmente todas as sessões operacionais deste tópico macro.
189;189_M7_06_MAVEN_WRAPPER.md;M7;Build, Git profissional, Maven, Gradle e qualidade estática;Maven Wrapper;M7.06.01;M7.06.04;4;Conceito profundo e quando usar | Implementação guiada com código realista | Refatoração, melhoria e leitura crítica | Exercício solo, perguntas e critério de aprovação;mvnw, reprodutibilidade e uso em CI. Nesta sessão: entender motivação, alternativas, trade-offs e armadilhas. | mvnw, reprodutibilidade e uso em CI. Nesta sessão: codar passo a passo uma solução pequena, com nomes bons e saídas verificáveis. | mvnw, reprodutibilidade e uso em CI. Nesta sessão: melhorar nomes, responsabilidades, duplicações, organização e legibilidade. | mvnw, reprodutibilidade e uso em CI. Nesta sessão: resolver variação sem copiar, explicar decisões e validar com checklist.;Aula mentorada única cobrindo integralmente todas as sessões operacionais deste tópico macro.
190;190_M7_07_PLUGINS_MAVEN_ESSENCIAIS.md;M7;Build, Git profissional, Maven, Gradle e qualidade estática;Plugins Maven essenciais;M7.07.01;M7.07.04;4;Conceito profundo e quando usar | Implementação guiada com código realista | Refatoração, melhoria e leitura crítica | Exercício solo, perguntas e critério de aprovação;compiler, surefire, failsafe, jacoco, spring-boot. Nesta sessão: entender motivação, alternativas, trade-offs e armadilhas. | compiler, surefire, failsafe, jacoco, spring-boot. Nesta sessão: codar passo a passo uma solução pequena, com nomes bons e saídas verificáveis. | compiler, surefire, failsafe, jacoco, spring-boot. Nesta sessão: melhorar nomes, responsabilidades, duplicações, organização e legibilidade. | compiler, surefire, failsafe, jacoco, spring-boot. Nesta sessão: resolver variação sem copiar, explicar decisões e validar com checklist.;Aula mentorada única cobrindo integralmente todas as sessões operacionais deste tópico macro.
191;191_M7_08_PROJETOS_MULTI_MODULE.md;M7;Build, Git profissional, Maven, Gradle e qualidade estática;Projetos multi-module;M7.08.01;M7.08.04;4;Conceito profundo e quando usar | Implementação guiada com código realista | Refatoração, melhoria e leitura crítica | Exercício solo, perguntas e critério de aprovação;parent, modules, domain, application, infrastructure e build. Nesta sessão: entender motivação, alternativas, trade-offs e armadilhas. | parent, modules, domain, application, infrastructure e build. Nesta sessão: codar passo a passo uma solução pequena, com nomes bons e saídas verificáveis. | parent, modules, domain, application, infrastructure e build. Nesta sessão: melhorar nomes, responsabilidades, duplicações, organização e legibilidade. | parent, modules, domain, application, infrastructure e build. Nesta sessão: resolver variação sem copiar, explicar decisões e validar com checklist.;Aula mentorada única cobrindo integralmente todas as sessões operacionais deste tópico macro.
192;192_M7_09_GRADLE_VISAO_GERAL.md;M7;Build, Git profissional, Maven, Gradle e qualidade estática;Gradle visão geral;M7.09.01;M7.09.04;4;Conceito profundo e quando usar | Implementação guiada com código realista | Refatoração, melhoria e leitura crítica | Exercício solo, perguntas e critério de aprovação;quando aparece, comparação com Maven, tasks e build.gradle. Nesta sessão: entender motivação, alternativas, trade-offs e armadilhas. | quando aparece, comparação com Maven, tasks e build.gradle. Nesta sessão: codar passo a passo uma solução pequena, com nomes bons e saídas verificáveis. | quando aparece, comparação com Maven, tasks e build.gradle. Nesta sessão: melhorar nomes, responsabilidades, duplicações, organização e legibilidade. | quando aparece, comparação com Maven, tasks e build.gradle. Nesta sessão: resolver variação sem copiar, explicar decisões e validar com checklist.;Aula mentorada única cobrindo integralmente todas as sessões operacionais deste tópico macro.
193;193_M7_10_GIT_BRANCH_PROFISSIONAL.md;M7;Build, Git profissional, Maven, Gradle e qualidade estática;Git branch profissional;M7.10.01;M7.10.04;4;Conceito profundo e quando usar | Implementação guiada com código realista | Refatoração, melhoria e leitura crítica | Exercício solo, perguntas e critério de aprovação;feature branch, main, develop, trunk-based conceitual. Nesta sessão: entender motivação, alternativas, trade-offs e armadilhas. | feature branch, main, develop, trunk-based conceitual. Nesta sessão: codar passo a passo uma solução pequena, com nomes bons e saídas verificáveis. | feature branch, main, develop, trunk-based conceitual. Nesta sessão: melhorar nomes, responsabilidades, duplicações, organização e legibilidade. | feature branch, main, develop, trunk-based conceitual. Nesta sessão: resolver variação sem copiar, explicar decisões e validar com checklist.;Aula mentorada única cobrindo integralmente todas as sessões operacionais deste tópico macro.
194;194_M7_11_MERGE_REBASE_E_SQUASH.md;M7;Build, Git profissional, Maven, Gradle e qualidade estática;Merge, rebase e squash;M7.11.01;M7.11.04;4;Conceito profundo e quando usar | Implementação guiada com código realista | Refatoração, melhoria e leitura crítica | Exercício solo, perguntas e critério de aprovação;diferença, quando usar, riscos e fluxo seguro. Nesta sessão: entender motivação, alternativas, trade-offs e armadilhas. | diferença, quando usar, riscos e fluxo seguro. Nesta sessão: codar passo a passo uma solução pequena, com nomes bons e saídas verificáveis. | diferença, quando usar, riscos e fluxo seguro. Nesta sessão: melhorar nomes, responsabilidades, duplicações, organização e legibilidade. | diferença, quando usar, riscos e fluxo seguro. Nesta sessão: resolver variação sem copiar, explicar decisões e validar com checklist.;Aula mentorada única cobrindo integralmente todas as sessões operacionais deste tópico macro.
195;195_M7_12_CONFLITOS_GIT.md;M7;Build, Git profissional, Maven, Gradle e qualidade estática;Conflitos Git;M7.12.01;M7.12.04;4;Conceito profundo e quando usar | Implementação guiada com código realista | Refatoração, melhoria e leitura crítica | Exercício solo, perguntas e critério de aprovação;causa, resolução manual, IntelliJ merge tool e prevenção. Nesta sessão: entender motivação, alternativas, trade-offs e armadilhas. | causa, resolução manual, IntelliJ merge tool e prevenção. Nesta sessão: codar passo a passo uma solução pequena, com nomes bons e saídas verificáveis. | causa, resolução manual, IntelliJ merge tool e prevenção. Nesta sessão: melhorar nomes, responsabilidades, duplicações, organização e legibilidade. | causa, resolução manual, IntelliJ merge tool e prevenção. Nesta sessão: resolver variação sem copiar, explicar decisões e validar com checklist.;Aula mentorada única cobrindo integralmente todas as sessões operacionais deste tópico macro.
196;196_M7_13_REVERT_RESET_E_RESTORE.md;M7;Build, Git profissional, Maven, Gradle e qualidade estática;Revert, reset e restore;M7.13.01;M7.13.04;4;Conceito profundo e quando usar | Implementação guiada com código realista | Refatoração, melhoria e leitura crítica | Exercício solo, perguntas e critério de aprovação;desfazer com segurança e evitar perder trabalho. Nesta sessão: entender motivação, alternativas, trade-offs e armadilhas. | desfazer com segurança e evitar perder trabalho. Nesta sessão: codar passo a passo uma solução pequena, com nomes bons e saídas verificáveis. | desfazer com segurança e evitar perder trabalho. Nesta sessão: melhorar nomes, responsabilidades, duplicações, organização e legibilidade. | desfazer com segurança e evitar perder trabalho. Nesta sessão: resolver variação sem copiar, explicar decisões e validar com checklist.;Aula mentorada única cobrindo integralmente todas as sessões operacionais deste tópico macro.
197;197_M7_14_CHERRY_PICK_E_HOTFIX.md;M7;Build, Git profissional, Maven, Gradle e qualidade estática;Cherry-pick e hotfix;M7.14.01;M7.14.04;4;Conceito profundo e quando usar | Implementação guiada com código realista | Refatoração, melhoria e leitura crítica | Exercício solo, perguntas e critério de aprovação;aplicar commit específico e riscos. Nesta sessão: entender motivação, alternativas, trade-offs e armadilhas. | aplicar commit específico e riscos. Nesta sessão: codar passo a passo uma solução pequena, com nomes bons e saídas verificáveis. | aplicar commit específico e riscos. Nesta sessão: melhorar nomes, responsabilidades, duplicações, organização e legibilidade. | aplicar commit específico e riscos. Nesta sessão: resolver variação sem copiar, explicar decisões e validar com checklist.;Aula mentorada única cobrindo integralmente todas as sessões operacionais deste tópico macro.
198;198_M7_15_TAGS_E_RELEASES.md;M7;Build, Git profissional, Maven, Gradle e qualidade estática;Tags e releases;M7.15.01;M7.15.04;4;Conceito profundo e quando usar | Implementação guiada com código realista | Refatoração, melhoria e leitura crítica | Exercício solo, perguntas e critério de aprovação;versionamento, changelog, semver e publicação. Nesta sessão: entender motivação, alternativas, trade-offs e armadilhas. | versionamento, changelog, semver e publicação. Nesta sessão: codar passo a passo uma solução pequena, com nomes bons e saídas verificáveis. | versionamento, changelog, semver e publicação. Nesta sessão: melhorar nomes, responsabilidades, duplicações, organização e legibilidade. | versionamento, changelog, semver e publicação. Nesta sessão: resolver variação sem copiar, explicar decisões e validar com checklist.;Aula mentorada única cobrindo integralmente todas as sessões operacionais deste tópico macro.
199;199_M7_16_CONVENTIONAL_COMMITS.md;M7;Build, Git profissional, Maven, Gradle e qualidade estática;Conventional Commits;M7.16.01;M7.16.04;4;Conceito profundo e quando usar | Implementação guiada com código realista | Refatoração, melhoria e leitura crítica | Exercício solo, perguntas e critério de aprovação;feat, fix, docs, refactor, test, chore e histórico limpo. Nesta sessão: entender motivação, alternativas, trade-offs e armadilhas. | feat, fix, docs, refactor, test, chore e histórico limpo. Nesta sessão: codar passo a passo uma solução pequena, com nomes bons e saídas verificáveis. | feat, fix, docs, refactor, test, chore e histórico limpo. Nesta sessão: melhorar nomes, responsabilidades, duplicações, organização e legibilidade. | feat, fix, docs, refactor, test, chore e histórico limpo. Nesta sessão: resolver variação sem copiar, explicar decisões e validar com checklist.;Aula mentorada única cobrindo integralmente todas as sessões operacionais deste tópico macro.
200;200_M7_17_PULL_REQUEST_E_CODE_REVIEW.md;M7;Build, Git profissional, Maven, Gradle e qualidade estática;Pull request e code review;M7.17.01;M7.17.04;4;Conceito profundo e quando usar | Implementação guiada com código realista | Refatoração, melhoria e leitura crítica | Exercício solo, perguntas e critério de aprovação;descrição, evidências, checklist, revisão e feedback. Nesta sessão: entender motivação, alternativas, trade-offs e armadilhas. | descrição, evidências, checklist, revisão e feedback. Nesta sessão: codar passo a passo uma solução pequena, com nomes bons e saídas verificáveis. | descrição, evidências, checklist, revisão e feedback. Nesta sessão: melhorar nomes, responsabilidades, duplicações, organização e legibilidade. | descrição, evidências, checklist, revisão e feedback. Nesta sessão: resolver variação sem copiar, explicar decisões e validar com checklist.;Aula mentorada única cobrindo integralmente todas as sessões operacionais deste tópico macro.
201;201_M7_18_SONAR_E_QUALIDADE_ESTATICA.md;M7;Build, Git profissional, Maven, Gradle e qualidade estática;Sonar e qualidade estática;M7.18.01;M7.18.04;4;Conceito profundo e quando usar | Implementação guiada com código realista | Refatoração, melhoria e leitura crítica | Exercício solo, perguntas e critério de aprovação;bugs, smells, duplicação, vulnerabilidades e quality gate. Nesta sessão: entender motivação, alternativas, trade-offs e armadilhas. | bugs, smells, duplicação, vulnerabilidades e quality gate. Nesta sessão: codar passo a passo uma solução pequena, com nomes bons e saídas verificáveis. | bugs, smells, duplicação, vulnerabilidades e quality gate. Nesta sessão: melhorar nomes, responsabilidades, duplicações, organização e legibilidade. | bugs, smells, duplicação, vulnerabilidades e quality gate. Nesta sessão: resolver variação sem copiar, explicar decisões e validar com checklist.;Aula mentorada única cobrindo integralmente todas as sessões operacionais deste tópico macro.
202;202_M7_19_CHECKSTYLE_SPOTLESS_FORMATADORES.md;M7;Build, Git profissional, Maven, Gradle e qualidade estática;Checkstyle/Spotless/formatadores;M7.19.01;M7.19.04;4;Conceito profundo e quando usar | Implementação guiada com código realista | Refatoração, melhoria e leitura crítica | Exercício solo, perguntas e critério de aprovação;padrões, formatação automática e consistência. Nesta sessão: entender motivação, alternativas, trade-offs e armadilhas. | padrões, formatação automática e consistência. Nesta sessão: codar passo a passo uma solução pequena, com nomes bons e saídas verificáveis. | padrões, formatação automática e consistência. Nesta sessão: melhorar nomes, responsabilidades, duplicações, organização e legibilidade. | padrões, formatação automática e consistência. Nesta sessão: resolver variação sem copiar, explicar decisões e validar com checklist.;Aula mentorada única cobrindo integralmente todas as sessões operacionais deste tópico macro.
203;203_M7_20_PROJETO_BIBLIOTECA_COM_BUILD_PROFISSIONAL.md;M7;Build, Git profissional, Maven, Gradle e qualidade estática;Projeto biblioteca com build profissional;M7.20.01;M7.20.04;4;Conceito profundo e quando usar | Implementação guiada com código realista | Refatoração, melhoria e leitura crítica | Exercício solo, perguntas e critério de aprovação;Maven, Git, README, qualidade, release local e pacote jar. Nesta sessão: entender motivação, alternativas, trade-offs e armadilhas. | Maven, Git, README, qualidade, release local e pacote jar. Nesta sessão: codar passo a passo uma solução pequena, com nomes bons e saídas verificáveis. | Maven, Git, README, qualidade, release local e pacote jar. Nesta sessão: melhorar nomes, responsabilidades, duplicações, organização e legibilidade. | Maven, Git, README, qualidade, release local e pacote jar. Nesta sessão: resolver variação sem copiar, explicar decisões e validar com checklist.;Aula mentorada única cobrindo integralmente todas as sessões operacionais deste tópico macro.
204;204_M8_01_MENTALIDADE_DE_TESTES.md;M8;Testes profissionais em Java;Mentalidade de testes;M8.01.01;M8.01.04;4;Conceito profundo e quando usar | Implementação guiada com código realista | Refatoração, melhoria e leitura crítica | Exercício solo, perguntas e critério de aprovação;por que testar, custo de bug, pirâmide e confiança. Nesta sessão: entender motivação, alternativas, trade-offs e armadilhas. | por que testar, custo de bug, pirâmide e confiança. Nesta sessão: codar passo a passo uma solução pequena, com nomes bons e saídas verificáveis. | por que testar, custo de bug, pirâmide e confiança. Nesta sessão: melhorar nomes, responsabilidades, duplicações, organização e legibilidade. | por que testar, custo de bug, pirâmide e confiança. Nesta sessão: resolver variação sem copiar, explicar decisões e validar com checklist.;Aula mentorada única cobrindo integralmente todas as sessões operacionais deste tópico macro.
205;205_M8_02_JUNIT_5_BASICO.md;M8;Testes profissionais em Java;JUnit 5 básico;M8.02.01;M8.02.04;4;Conceito profundo e quando usar | Implementação guiada com código realista | Refatoração, melhoria e leitura crítica | Exercício solo, perguntas e critério de aprovação;@Test, assertions, DisplayName, lifecycle e execução. Nesta sessão: entender motivação, alternativas, trade-offs e armadilhas. | @Test, assertions, DisplayName, lifecycle e execução. Nesta sessão: codar passo a passo uma solução pequena, com nomes bons e saídas verificáveis. | @Test, assertions, DisplayName, lifecycle e execução. Nesta sessão: melhorar nomes, responsabilidades, duplicações, organização e legibilidade. | @Test, assertions, DisplayName, lifecycle e execução. Nesta sessão: resolver variação sem copiar, explicar decisões e validar com checklist.;Aula mentorada única cobrindo integralmente todas as sessões operacionais deste tópico macro.
206;206_M8_03_ARRANGE_ACT_ASSERT.md;M8;Testes profissionais em Java;Arrange Act Assert;M8.03.01;M8.03.04;4;Conceito profundo e quando usar | Implementação guiada com código realista | Refatoração, melhoria e leitura crítica | Exercício solo, perguntas e critério de aprovação;estrutura, nomes, legibilidade e comportamento esperado. Nesta sessão: entender motivação, alternativas, trade-offs e armadilhas. | estrutura, nomes, legibilidade e comportamento esperado. Nesta sessão: codar passo a passo uma solução pequena, com nomes bons e saídas verificáveis. | estrutura, nomes, legibilidade e comportamento esperado. Nesta sessão: melhorar nomes, responsabilidades, duplicações, organização e legibilidade. | estrutura, nomes, legibilidade e comportamento esperado. Nesta sessão: resolver variação sem copiar, explicar decisões e validar com checklist.;Aula mentorada única cobrindo integralmente todas as sessões operacionais deste tópico macro.
207;207_M8_04_TESTES_DE_CASO_FELIZ.md;M8;Testes profissionais em Java;Testes de caso feliz;M8.04.01;M8.04.04;4;Conceito profundo e quando usar | Implementação guiada com código realista | Refatoração, melhoria e leitura crítica | Exercício solo, perguntas e critério de aprovação;cenário principal, dados mínimos e clareza. Nesta sessão: entender motivação, alternativas, trade-offs e armadilhas. | cenário principal, dados mínimos e clareza. Nesta sessão: codar passo a passo uma solução pequena, com nomes bons e saídas verificáveis. | cenário principal, dados mínimos e clareza. Nesta sessão: melhorar nomes, responsabilidades, duplicações, organização e legibilidade. | cenário principal, dados mínimos e clareza. Nesta sessão: resolver variação sem copiar, explicar decisões e validar com checklist.;Aula mentorada única cobrindo integralmente todas as sessões operacionais deste tópico macro.
208;208_M8_05_TESTES_DE_BORDA.md;M8;Testes profissionais em Java;Testes de borda;M8.05.01;M8.05.04;4;Conceito profundo e quando usar | Implementação guiada com código realista | Refatoração, melhoria e leitura crítica | Exercício solo, perguntas e critério de aprovação;zero, negativo, vazio, null, limites e datas. Nesta sessão: entender motivação, alternativas, trade-offs e armadilhas. | zero, negativo, vazio, null, limites e datas. Nesta sessão: codar passo a passo uma solução pequena, com nomes bons e saídas verificáveis. | zero, negativo, vazio, null, limites e datas. Nesta sessão: melhorar nomes, responsabilidades, duplicações, organização e legibilidade. | zero, negativo, vazio, null, limites e datas. Nesta sessão: resolver variação sem copiar, explicar decisões e validar com checklist.;Aula mentorada única cobrindo integralmente todas as sessões operacionais deste tópico macro.
209;209_M8_06_TESTES_DE_ERRO.md;M8;Testes profissionais em Java;Testes de erro;M8.06.01;M8.06.04;4;Conceito profundo e quando usar | Implementação guiada com código realista | Refatoração, melhoria e leitura crítica | Exercício solo, perguntas e critério de aprovação;assertThrows, mensagens e regras de negócio. Nesta sessão: entender motivação, alternativas, trade-offs e armadilhas. | assertThrows, mensagens e regras de negócio. Nesta sessão: codar passo a passo uma solução pequena, com nomes bons e saídas verificáveis. | assertThrows, mensagens e regras de negócio. Nesta sessão: melhorar nomes, responsabilidades, duplicações, organização e legibilidade. | assertThrows, mensagens e regras de negócio. Nesta sessão: resolver variação sem copiar, explicar decisões e validar com checklist.;Aula mentorada única cobrindo integralmente todas as sessões operacionais deste tópico macro.
210;210_M8_07_TESTES_PARAMETRIZADOS.md;M8;Testes profissionais em Java;Testes parametrizados;M8.07.01;M8.07.04;4;Conceito profundo e quando usar | Implementação guiada com código realista | Refatoração, melhoria e leitura crítica | Exercício solo, perguntas e critério de aprovação;@ParameterizedTest, CsvSource, MethodSource e redução de duplicação. Nesta sessão: entender motivação, alternativas, trade-offs e armadilhas. | @ParameterizedTest, CsvSource, MethodSource e redução de duplicação. Nesta sessão: codar passo a passo uma solução pequena, com nomes bons e saídas verificáveis. | @ParameterizedTest, CsvSource, MethodSource e redução de duplicação. Nesta sessão: melhorar nomes, responsabilidades, duplicações, organização e legibilidade. | @ParameterizedTest, CsvSource, MethodSource e redução de duplicação. Nesta sessão: resolver variação sem copiar, explicar decisões e validar com checklist.;Aula mentorada única cobrindo integralmente todas as sessões operacionais deste tópico macro.
211;211_M8_08_ASSERTJ.md;M8;Testes profissionais em Java;AssertJ;M8.08.01;M8.08.04;4;Conceito profundo e quando usar | Implementação guiada com código realista | Refatoração, melhoria e leitura crítica | Exercício solo, perguntas e critério de aprovação;assertThat, mensagens fluentes, listas, objetos e legibilidade. Nesta sessão: entender motivação, alternativas, trade-offs e armadilhas. | assertThat, mensagens fluentes, listas, objetos e legibilidade. Nesta sessão: codar passo a passo uma solução pequena, com nomes bons e saídas verificáveis. | assertThat, mensagens fluentes, listas, objetos e legibilidade. Nesta sessão: melhorar nomes, responsabilidades, duplicações, organização e legibilidade. | assertThat, mensagens fluentes, listas, objetos e legibilidade. Nesta sessão: resolver variação sem copiar, explicar decisões e validar com checklist.;Aula mentorada única cobrindo integralmente todas as sessões operacionais deste tópico macro.
212;212_M8_09_TEST_DATA_BUILDER.md;M8;Testes profissionais em Java;Test data builder;M8.09.01;M8.09.04;4;Conceito profundo e quando usar | Implementação guiada com código realista | Refatoração, melhoria e leitura crítica | Exercício solo, perguntas e critério de aprovação;dados de teste expressivos e manutenção. Nesta sessão: entender motivação, alternativas, trade-offs e armadilhas. | dados de teste expressivos e manutenção. Nesta sessão: codar passo a passo uma solução pequena, com nomes bons e saídas verificáveis. | dados de teste expressivos e manutenção. Nesta sessão: melhorar nomes, responsabilidades, duplicações, organização e legibilidade. | dados de teste expressivos e manutenção. Nesta sessão: resolver variação sem copiar, explicar decisões e validar com checklist.;Aula mentorada única cobrindo integralmente todas as sessões operacionais deste tópico macro.
213;213_M8_10_OBJECT_MOTHER_E_FIXTURES.md;M8;Testes profissionais em Java;Object Mother e fixtures;M8.10.01;M8.10.04;4;Conceito profundo e quando usar | Implementação guiada com código realista | Refatoração, melhoria e leitura crítica | Exercício solo, perguntas e critério de aprovação;quando usar, risco de acoplamento e organização. Nesta sessão: entender motivação, alternativas, trade-offs e armadilhas. | quando usar, risco de acoplamento e organização. Nesta sessão: codar passo a passo uma solução pequena, com nomes bons e saídas verificáveis. | quando usar, risco de acoplamento e organização. Nesta sessão: melhorar nomes, responsabilidades, duplicações, organização e legibilidade. | quando usar, risco de acoplamento e organização. Nesta sessão: resolver variação sem copiar, explicar decisões e validar com checklist.;Aula mentorada única cobrindo integralmente todas as sessões operacionais deste tópico macro.
214;214_M8_11_MOCKITO_BASICO.md;M8;Testes profissionais em Java;Mockito básico;M8.11.01;M8.11.04;4;Conceito profundo e quando usar | Implementação guiada com código realista | Refatoração, melhoria e leitura crítica | Exercício solo, perguntas e critério de aprovação;mock, when, verify, ArgumentCaptor e isolamento. Nesta sessão: entender motivação, alternativas, trade-offs e armadilhas. | mock, when, verify, ArgumentCaptor e isolamento. Nesta sessão: codar passo a passo uma solução pequena, com nomes bons e saídas verificáveis. | mock, when, verify, ArgumentCaptor e isolamento. Nesta sessão: melhorar nomes, responsabilidades, duplicações, organização e legibilidade. | mock, when, verify, ArgumentCaptor e isolamento. Nesta sessão: resolver variação sem copiar, explicar decisões e validar com checklist.;Aula mentorada única cobrindo integralmente todas as sessões operacionais deste tópico macro.
215;215_M8_12_MOCKITO_AVANCADO_COM_CRITERIO.md;M8;Testes profissionais em Java;Mockito avançado com critério;M8.12.01;M8.12.04;4;Conceito profundo e quando usar | Implementação guiada com código realista | Refatoração, melhoria e leitura crítica | Exercício solo, perguntas e critério de aprovação;doThrow, InOrder, spies e anti-padrões. Nesta sessão: entender motivação, alternativas, trade-offs e armadilhas. | doThrow, InOrder, spies e anti-padrões. Nesta sessão: codar passo a passo uma solução pequena, com nomes bons e saídas verificáveis. | doThrow, InOrder, spies e anti-padrões. Nesta sessão: melhorar nomes, responsabilidades, duplicações, organização e legibilidade. | doThrow, InOrder, spies e anti-padrões. Nesta sessão: resolver variação sem copiar, explicar decisões e validar com checklist.;Aula mentorada única cobrindo integralmente todas as sessões operacionais deste tópico macro.
216;216_M8_13_TESTES_DE_SERVICE.md;M8;Testes profissionais em Java;Testes de service;M8.13.01;M8.13.04;4;Conceito profundo e quando usar | Implementação guiada com código realista | Refatoração, melhoria e leitura crítica | Exercício solo, perguntas e critério de aprovação;regra de negócio, repository mock/fake e exceções. Nesta sessão: entender motivação, alternativas, trade-offs e armadilhas. | regra de negócio, repository mock/fake e exceções. Nesta sessão: codar passo a passo uma solução pequena, com nomes bons e saídas verificáveis. | regra de negócio, repository mock/fake e exceções. Nesta sessão: melhorar nomes, responsabilidades, duplicações, organização e legibilidade. | regra de negócio, repository mock/fake e exceções. Nesta sessão: resolver variação sem copiar, explicar decisões e validar com checklist.;Aula mentorada única cobrindo integralmente todas as sessões operacionais deste tópico macro.
217;217_M8_14_TESTES_DE_REPOSITORY_FAKE.md;M8;Testes profissionais em Java;Testes de repository fake;M8.14.01;M8.14.04;4;Conceito profundo e quando usar | Implementação guiada com código realista | Refatoração, melhoria e leitura crítica | Exercício solo, perguntas e critério de aprovação;contratos e preparação para banco. Nesta sessão: entender motivação, alternativas, trade-offs e armadilhas. | contratos e preparação para banco. Nesta sessão: codar passo a passo uma solução pequena, com nomes bons e saídas verificáveis. | contratos e preparação para banco. Nesta sessão: melhorar nomes, responsabilidades, duplicações, organização e legibilidade. | contratos e preparação para banco. Nesta sessão: resolver variação sem copiar, explicar decisões e validar com checklist.;Aula mentorada única cobrindo integralmente todas as sessões operacionais deste tópico macro.
218;218_M8_15_TDD_PRAGMATICO.md;M8;Testes profissionais em Java;TDD pragmático;M8.15.01;M8.15.04;4;Conceito profundo e quando usar | Implementação guiada com código realista | Refatoração, melhoria e leitura crítica | Exercício solo, perguntas e critério de aprovação;red/green/refactor, quando usar e quando não forçar. Nesta sessão: entender motivação, alternativas, trade-offs e armadilhas. | red/green/refactor, quando usar e quando não forçar. Nesta sessão: codar passo a passo uma solução pequena, com nomes bons e saídas verificáveis. | red/green/refactor, quando usar e quando não forçar. Nesta sessão: melhorar nomes, responsabilidades, duplicações, organização e legibilidade. | red/green/refactor, quando usar e quando não forçar. Nesta sessão: resolver variação sem copiar, explicar decisões e validar com checklist.;Aula mentorada única cobrindo integralmente todas as sessões operacionais deste tópico macro.
219;219_M8_16_COVERAGE_COM_JACOCO.md;M8;Testes profissionais em Java;Coverage com JaCoCo;M8.16.01;M8.16.04;4;Conceito profundo e quando usar | Implementação guiada com código realista | Refatoração, melhoria e leitura crítica | Exercício solo, perguntas e critério de aprovação;linha, branch, métrica útil e falso conforto. Nesta sessão: entender motivação, alternativas, trade-offs e armadilhas. | linha, branch, métrica útil e falso conforto. Nesta sessão: codar passo a passo uma solução pequena, com nomes bons e saídas verificáveis. | linha, branch, métrica útil e falso conforto. Nesta sessão: melhorar nomes, responsabilidades, duplicações, organização e legibilidade. | linha, branch, métrica útil e falso conforto. Nesta sessão: resolver variação sem copiar, explicar decisões e validar com checklist.;Aula mentorada única cobrindo integralmente todas as sessões operacionais deste tópico macro.
220;220_M8_17_MUTATION_TESTING.md;M8;Testes profissionais em Java;Mutation testing;M8.17.01;M8.17.04;4;Conceito profundo e quando usar | Implementação guiada com código realista | Refatoração, melhoria e leitura crítica | Exercício solo, perguntas e critério de aprovação;PIT conceitual, qualidade de asserts e lacunas. Nesta sessão: entender motivação, alternativas, trade-offs e armadilhas. | PIT conceitual, qualidade de asserts e lacunas. Nesta sessão: codar passo a passo uma solução pequena, com nomes bons e saídas verificáveis. | PIT conceitual, qualidade de asserts e lacunas. Nesta sessão: melhorar nomes, responsabilidades, duplicações, organização e legibilidade. | PIT conceitual, qualidade de asserts e lacunas. Nesta sessão: resolver variação sem copiar, explicar decisões e validar com checklist.;Aula mentorada única cobrindo integralmente todas as sessões operacionais deste tópico macro.
221;221_M8_18_TESTCONTAINERS.md;M8;Testes profissionais em Java;Testcontainers;M8.18.01;M8.18.04;4;Conceito profundo e quando usar | Implementação guiada com código realista | Refatoração, melhoria e leitura crítica | Exercício solo, perguntas e critério de aprovação;banco real em container e teste de integração. Nesta sessão: entender motivação, alternativas, trade-offs e armadilhas. | banco real em container e teste de integração. Nesta sessão: codar passo a passo uma solução pequena, com nomes bons e saídas verificáveis. | banco real em container e teste de integração. Nesta sessão: melhorar nomes, responsabilidades, duplicações, organização e legibilidade. | banco real em container e teste de integração. Nesta sessão: resolver variação sem copiar, explicar decisões e validar com checklist.;Aula mentorada única cobrindo integralmente todas as sessões operacionais deste tópico macro.
222;222_M8_19_WIREMOCK.md;M8;Testes profissionais em Java;WireMock;M8.19.01;M8.19.04;4;Conceito profundo e quando usar | Implementação guiada com código realista | Refatoração, melhoria e leitura crítica | Exercício solo, perguntas e critério de aprovação;simular APIs externas, erros, timeout e contratos. Nesta sessão: entender motivação, alternativas, trade-offs e armadilhas. | simular APIs externas, erros, timeout e contratos. Nesta sessão: codar passo a passo uma solução pequena, com nomes bons e saídas verificáveis. | simular APIs externas, erros, timeout e contratos. Nesta sessão: melhorar nomes, responsabilidades, duplicações, organização e legibilidade. | simular APIs externas, erros, timeout e contratos. Nesta sessão: resolver variação sem copiar, explicar decisões e validar com checklist.;Aula mentorada única cobrindo integralmente todas as sessões operacionais deste tópico macro.
223;223_M8_20_CONTRACT_TESTS.md;M8;Testes profissionais em Java;Contract tests;M8.20.01;M8.20.04;4;Conceito profundo e quando usar | Implementação guiada com código realista | Refatoração, melhoria e leitura crítica | Exercício solo, perguntas e critério de aprovação;contrato HTTP/evento, consumidor/produtor e compatibilidade. Nesta sessão: entender motivação, alternativas, trade-offs e armadilhas. | contrato HTTP/evento, consumidor/produtor e compatibilidade. Nesta sessão: codar passo a passo uma solução pequena, com nomes bons e saídas verificáveis. | contrato HTTP/evento, consumidor/produtor e compatibilidade. Nesta sessão: melhorar nomes, responsabilidades, duplicações, organização e legibilidade. | contrato HTTP/evento, consumidor/produtor e compatibilidade. Nesta sessão: resolver variação sem copiar, explicar decisões e validar com checklist.;Aula mentorada única cobrindo integralmente todas as sessões operacionais deste tópico macro.
224;224_M8_21_ARCHUNIT.md;M8;Testes profissionais em Java;ArchUnit;M8.21.01;M8.21.04;4;Conceito profundo e quando usar | Implementação guiada com código realista | Refatoração, melhoria e leitura crítica | Exercício solo, perguntas e critério de aprovação;testar arquitetura, dependências e camadas. Nesta sessão: entender motivação, alternativas, trade-offs e armadilhas. | testar arquitetura, dependências e camadas. Nesta sessão: codar passo a passo uma solução pequena, com nomes bons e saídas verificáveis. | testar arquitetura, dependências e camadas. Nesta sessão: melhorar nomes, responsabilidades, duplicações, organização e legibilidade. | testar arquitetura, dependências e camadas. Nesta sessão: resolver variação sem copiar, explicar decisões e validar com checklist.;Aula mentorada única cobrindo integralmente todas as sessões operacionais deste tópico macro.
225;225_M8_22_PROJETO_DOMINIO_TOTALMENTE_TESTADO.md;M8;Testes profissionais em Java;Projeto domínio totalmente testado;M8.22.01;M8.22.04;4;Conceito profundo e quando usar | Implementação guiada com código realista | Refatoração, melhoria e leitura crítica | Exercício solo, perguntas e critério de aprovação;regras de pedido/OS, unitários, integração, coverage e relatório. Nesta sessão: entender motivação, alternativas, trade-offs e armadilhas. | regras de pedido/OS, unitários, integração, coverage e relatório. Nesta sessão: codar passo a passo uma solução pequena, com nomes bons e saídas verificáveis. | regras de pedido/OS, unitários, integração, coverage e relatório. Nesta sessão: melhorar nomes, responsabilidades, duplicações, organização e legibilidade. | regras de pedido/OS, unitários, integração, coverage e relatório. Nesta sessão: resolver variação sem copiar, explicar decisões e validar com checklist.;Aula mentorada única cobrindo integralmente todas as sessões operacionais deste tópico macro.
226;226_M9_01_BANCO_RELACIONAL_E_POSTGRESQL.md;M9;SQL, PostgreSQL e modelagem relacional;Banco relacional e PostgreSQL;M9.01.01;M9.01.04;4;Conceito profundo e quando usar | Implementação guiada com código realista | Refatoração, melhoria e leitura crítica | Exercício solo, perguntas e critério de aprovação;tabela, coluna, linha, schema, database e cliente SQL. Nesta sessão: entender motivação, alternativas, trade-offs e armadilhas. | tabela, coluna, linha, schema, database e cliente SQL. Nesta sessão: codar passo a passo uma solução pequena, com nomes bons e saídas verificáveis. | tabela, coluna, linha, schema, database e cliente SQL. Nesta sessão: melhorar nomes, responsabilidades, duplicações, organização e legibilidade. | tabela, coluna, linha, schema, database e cliente SQL. Nesta sessão: resolver variação sem copiar, explicar decisões e validar com checklist.;Aula mentorada única cobrindo integralmente todas as sessões operacionais deste tópico macro.
227;227_M9_02_TIPOS_DE_DADOS_POSTGRESQL.md;M9;SQL, PostgreSQL e modelagem relacional;Tipos de dados PostgreSQL;M9.02.01;M9.02.04;4;Conceito profundo e quando usar | Implementação guiada com código realista | Refatoração, melhoria e leitura crítica | Exercício solo, perguntas e critério de aprovação;integer, bigint, numeric, varchar, text, boolean, date, timestamp, jsonb. Nesta sessão: entender motivação, alternativas, trade-offs e armadilhas. | integer, bigint, numeric, varchar, text, boolean, date, timestamp, jsonb. Nesta sessão: codar passo a passo uma solução pequena, com nomes bons e saídas verificáveis. | integer, bigint, numeric, varchar, text, boolean, date, timestamp, jsonb. Nesta sessão: melhorar nomes, responsabilidades, duplicações, organização e legibilidade. | integer, bigint, numeric, varchar, text, boolean, date, timestamp, jsonb. Nesta sessão: resolver variação sem copiar, explicar decisões e validar com checklist.;Aula mentorada única cobrindo integralmente todas as sessões operacionais deste tópico macro.
228;228_M9_03_CREATE_TABLE.md;M9;SQL, PostgreSQL e modelagem relacional;CREATE TABLE;M9.03.01;M9.03.04;4;Conceito profundo e quando usar | Implementação guiada com código realista | Refatoração, melhoria e leitura crítica | Exercício solo, perguntas e critério de aprovação;DDL, colunas, constraints e padrões de nome. Nesta sessão: entender motivação, alternativas, trade-offs e armadilhas. | DDL, colunas, constraints e padrões de nome. Nesta sessão: codar passo a passo uma solução pequena, com nomes bons e saídas verificáveis. | DDL, colunas, constraints e padrões de nome. Nesta sessão: melhorar nomes, responsabilidades, duplicações, organização e legibilidade. | DDL, colunas, constraints e padrões de nome. Nesta sessão: resolver variação sem copiar, explicar decisões e validar com checklist.;Aula mentorada única cobrindo integralmente todas as sessões operacionais deste tópico macro.
229;229_M9_04_SELECT_BASICO.md;M9;SQL, PostgreSQL e modelagem relacional;SELECT básico;M9.04.01;M9.04.04;4;Conceito profundo e quando usar | Implementação guiada com código realista | Refatoração, melhoria e leitura crítica | Exercício solo, perguntas e critério de aprovação;colunas, alias, where, order by, limit e offset. Nesta sessão: entender motivação, alternativas, trade-offs e armadilhas. | colunas, alias, where, order by, limit e offset. Nesta sessão: codar passo a passo uma solução pequena, com nomes bons e saídas verificáveis. | colunas, alias, where, order by, limit e offset. Nesta sessão: melhorar nomes, responsabilidades, duplicações, organização e legibilidade. | colunas, alias, where, order by, limit e offset. Nesta sessão: resolver variação sem copiar, explicar decisões e validar com checklist.;Aula mentorada única cobrindo integralmente todas as sessões operacionais deste tópico macro.
230;230_M9_05_INSERT.md;M9;SQL, PostgreSQL e modelagem relacional;INSERT;M9.05.01;M9.05.04;4;Conceito profundo e quando usar | Implementação guiada com código realista | Refatoração, melhoria e leitura crítica | Exercício solo, perguntas e critério de aprovação;inserção, campos obrigatórios, default e retorno. Nesta sessão: entender motivação, alternativas, trade-offs e armadilhas. | inserção, campos obrigatórios, default e retorno. Nesta sessão: codar passo a passo uma solução pequena, com nomes bons e saídas verificáveis. | inserção, campos obrigatórios, default e retorno. Nesta sessão: melhorar nomes, responsabilidades, duplicações, organização e legibilidade. | inserção, campos obrigatórios, default e retorno. Nesta sessão: resolver variação sem copiar, explicar decisões e validar com checklist.;Aula mentorada única cobrindo integralmente todas as sessões operacionais deste tópico macro.
231;231_M9_06_UPDATE.md;M9;SQL, PostgreSQL e modelagem relacional;UPDATE;M9.06.01;M9.06.04;4;Conceito profundo e quando usar | Implementação guiada com código realista | Refatoração, melhoria e leitura crítica | Exercício solo, perguntas e critério de aprovação;alteração segura, where obrigatório e transação. Nesta sessão: entender motivação, alternativas, trade-offs e armadilhas. | alteração segura, where obrigatório e transação. Nesta sessão: codar passo a passo uma solução pequena, com nomes bons e saídas verificáveis. | alteração segura, where obrigatório e transação. Nesta sessão: melhorar nomes, responsabilidades, duplicações, organização e legibilidade. | alteração segura, where obrigatório e transação. Nesta sessão: resolver variação sem copiar, explicar decisões e validar com checklist.;Aula mentorada única cobrindo integralmente todas as sessões operacionais deste tópico macro.
232;232_M9_07_DELETE.md;M9;SQL, PostgreSQL e modelagem relacional;DELETE;M9.07.01;M9.07.04;4;Conceito profundo e quando usar | Implementação guiada com código realista | Refatoração, melhoria e leitura crítica | Exercício solo, perguntas e critério de aprovação;remoção, riscos, soft delete conceitual e where. Nesta sessão: entender motivação, alternativas, trade-offs e armadilhas. | remoção, riscos, soft delete conceitual e where. Nesta sessão: codar passo a passo uma solução pequena, com nomes bons e saídas verificáveis. | remoção, riscos, soft delete conceitual e where. Nesta sessão: melhorar nomes, responsabilidades, duplicações, organização e legibilidade. | remoção, riscos, soft delete conceitual e where. Nesta sessão: resolver variação sem copiar, explicar decisões e validar com checklist.;Aula mentorada única cobrindo integralmente todas as sessões operacionais deste tópico macro.
233;233_M9_08_CONSTRAINTS.md;M9;SQL, PostgreSQL e modelagem relacional;Constraints;M9.08.01;M9.08.04;4;Conceito profundo e quando usar | Implementação guiada com código realista | Refatoração, melhoria e leitura crítica | Exercício solo, perguntas e critério de aprovação;not null, unique, check, primary key, foreign key. Nesta sessão: entender motivação, alternativas, trade-offs e armadilhas. | not null, unique, check, primary key, foreign key. Nesta sessão: codar passo a passo uma solução pequena, com nomes bons e saídas verificáveis. | not null, unique, check, primary key, foreign key. Nesta sessão: melhorar nomes, responsabilidades, duplicações, organização e legibilidade. | not null, unique, check, primary key, foreign key. Nesta sessão: resolver variação sem copiar, explicar decisões e validar com checklist.;Aula mentorada única cobrindo integralmente todas as sessões operacionais deste tópico macro.
234;234_M9_09_MODELAGEM_RELACIONAL.md;M9;SQL, PostgreSQL e modelagem relacional;Modelagem relacional;M9.09.01;M9.09.04;4;Conceito profundo e quando usar | Implementação guiada com código realista | Refatoração, melhoria e leitura crítica | Exercício solo, perguntas e critério de aprovação;entidades, atributos, relacionamentos e cardinalidade. Nesta sessão: entender motivação, alternativas, trade-offs e armadilhas. | entidades, atributos, relacionamentos e cardinalidade. Nesta sessão: codar passo a passo uma solução pequena, com nomes bons e saídas verificáveis. | entidades, atributos, relacionamentos e cardinalidade. Nesta sessão: melhorar nomes, responsabilidades, duplicações, organização e legibilidade. | entidades, atributos, relacionamentos e cardinalidade. Nesta sessão: resolver variação sem copiar, explicar decisões e validar com checklist.;Aula mentorada única cobrindo integralmente todas as sessões operacionais deste tópico macro.
235;235_M9_10_NORMALIZACAO.md;M9;SQL, PostgreSQL e modelagem relacional;Normalização;M9.10.01;M9.10.04;4;Conceito profundo e quando usar | Implementação guiada com código realista | Refatoração, melhoria e leitura crítica | Exercício solo, perguntas e critério de aprovação;1FN, 2FN, 3FN, redundância e trade-offs. Nesta sessão: entender motivação, alternativas, trade-offs e armadilhas. | 1FN, 2FN, 3FN, redundância e trade-offs. Nesta sessão: codar passo a passo uma solução pequena, com nomes bons e saídas verificáveis. | 1FN, 2FN, 3FN, redundância e trade-offs. Nesta sessão: melhorar nomes, responsabilidades, duplicações, organização e legibilidade. | 1FN, 2FN, 3FN, redundância e trade-offs. Nesta sessão: resolver variação sem copiar, explicar decisões e validar com checklist.;Aula mentorada única cobrindo integralmente todas as sessões operacionais deste tópico macro.
236;236_M9_11_RELACIONAMENTO_1_N.md;M9;SQL, PostgreSQL e modelagem relacional;Relacionamento 1:N;M9.11.01;M9.11.04;4;Conceito profundo e quando usar | Implementação guiada com código realista | Refatoração, melhoria e leitura crítica | Exercício solo, perguntas e critério de aprovação;cliente/pedido, OS/atividade, FK e integridade. Nesta sessão: entender motivação, alternativas, trade-offs e armadilhas. | cliente/pedido, OS/atividade, FK e integridade. Nesta sessão: codar passo a passo uma solução pequena, com nomes bons e saídas verificáveis. | cliente/pedido, OS/atividade, FK e integridade. Nesta sessão: melhorar nomes, responsabilidades, duplicações, organização e legibilidade. | cliente/pedido, OS/atividade, FK e integridade. Nesta sessão: resolver variação sem copiar, explicar decisões e validar com checklist.;Aula mentorada única cobrindo integralmente todas as sessões operacionais deste tópico macro.
237;237_M9_12_RELACIONAMENTO_N_N.md;M9;SQL, PostgreSQL e modelagem relacional;Relacionamento N:N;M9.12.01;M9.12.04;4;Conceito profundo e quando usar | Implementação guiada com código realista | Refatoração, melhoria e leitura crítica | Exercício solo, perguntas e critério de aprovação;tabela associativa, chaves compostas e exemplo. Nesta sessão: entender motivação, alternativas, trade-offs e armadilhas. | tabela associativa, chaves compostas e exemplo. Nesta sessão: codar passo a passo uma solução pequena, com nomes bons e saídas verificáveis. | tabela associativa, chaves compostas e exemplo. Nesta sessão: melhorar nomes, responsabilidades, duplicações, organização e legibilidade. | tabela associativa, chaves compostas e exemplo. Nesta sessão: resolver variação sem copiar, explicar decisões e validar com checklist.;Aula mentorada única cobrindo integralmente todas as sessões operacionais deste tópico macro.
238;238_M9_13_JOIN_INNER_E_LEFT.md;M9;SQL, PostgreSQL e modelagem relacional;JOIN inner e left;M9.13.01;M9.13.04;4;Conceito profundo e quando usar | Implementação guiada com código realista | Refatoração, melhoria e leitura crítica | Exercício solo, perguntas e critério de aprovação;diferença, dados faltantes e relatórios. Nesta sessão: entender motivação, alternativas, trade-offs e armadilhas. | diferença, dados faltantes e relatórios. Nesta sessão: codar passo a passo uma solução pequena, com nomes bons e saídas verificáveis. | diferença, dados faltantes e relatórios. Nesta sessão: melhorar nomes, responsabilidades, duplicações, organização e legibilidade. | diferença, dados faltantes e relatórios. Nesta sessão: resolver variação sem copiar, explicar decisões e validar com checklist.;Aula mentorada única cobrindo integralmente todas as sessões operacionais deste tópico macro.
239;239_M9_14_GROUP_BY_E_AGREGACOES.md;M9;SQL, PostgreSQL e modelagem relacional;GROUP BY e agregações;M9.14.01;M9.14.04;4;Conceito profundo e quando usar | Implementação guiada com código realista | Refatoração, melhoria e leitura crítica | Exercício solo, perguntas e critério de aprovação;count, sum, avg, min, max, having e relatórios. Nesta sessão: entender motivação, alternativas, trade-offs e armadilhas. | count, sum, avg, min, max, having e relatórios. Nesta sessão: codar passo a passo uma solução pequena, com nomes bons e saídas verificáveis. | count, sum, avg, min, max, having e relatórios. Nesta sessão: melhorar nomes, responsabilidades, duplicações, organização e legibilidade. | count, sum, avg, min, max, having e relatórios. Nesta sessão: resolver variação sem copiar, explicar decisões e validar com checklist.;Aula mentorada única cobrindo integralmente todas as sessões operacionais deste tópico macro.
240;240_M9_15_SUBQUERIES.md;M9;SQL, PostgreSQL e modelagem relacional;Subqueries;M9.15.01;M9.15.04;4;Conceito profundo e quando usar | Implementação guiada com código realista | Refatoração, melhoria e leitura crítica | Exercício solo, perguntas e critério de aprovação;consulta interna, EXISTS, IN e performance. Nesta sessão: entender motivação, alternativas, trade-offs e armadilhas. | consulta interna, EXISTS, IN e performance. Nesta sessão: codar passo a passo uma solução pequena, com nomes bons e saídas verificáveis. | consulta interna, EXISTS, IN e performance. Nesta sessão: melhorar nomes, responsabilidades, duplicações, organização e legibilidade. | consulta interna, EXISTS, IN e performance. Nesta sessão: resolver variação sem copiar, explicar decisões e validar com checklist.;Aula mentorada única cobrindo integralmente todas as sessões operacionais deste tópico macro.
241;241_M9_16_CTE.md;M9;SQL, PostgreSQL e modelagem relacional;CTE;M9.16.01;M9.16.04;4;Conceito profundo e quando usar | Implementação guiada com código realista | Refatoração, melhoria e leitura crítica | Exercício solo, perguntas e critério de aprovação;WITH, legibilidade e consultas complexas. Nesta sessão: entender motivação, alternativas, trade-offs e armadilhas. | WITH, legibilidade e consultas complexas. Nesta sessão: codar passo a passo uma solução pequena, com nomes bons e saídas verificáveis. | WITH, legibilidade e consultas complexas. Nesta sessão: melhorar nomes, responsabilidades, duplicações, organização e legibilidade. | WITH, legibilidade e consultas complexas. Nesta sessão: resolver variação sem copiar, explicar decisões e validar com checklist.;Aula mentorada única cobrindo integralmente todas as sessões operacionais deste tópico macro.
242;242_M9_17_VIEWS.md;M9;SQL, PostgreSQL e modelagem relacional;Views;M9.17.01;M9.17.04;4;Conceito profundo e quando usar | Implementação guiada com código realista | Refatoração, melhoria e leitura crítica | Exercício solo, perguntas e critério de aprovação;visões, encapsulamento e uso com critério. Nesta sessão: entender motivação, alternativas, trade-offs e armadilhas. | visões, encapsulamento e uso com critério. Nesta sessão: codar passo a passo uma solução pequena, com nomes bons e saídas verificáveis. | visões, encapsulamento e uso com critério. Nesta sessão: melhorar nomes, responsabilidades, duplicações, organização e legibilidade. | visões, encapsulamento e uso com critério. Nesta sessão: resolver variação sem copiar, explicar decisões e validar com checklist.;Aula mentorada única cobrindo integralmente todas as sessões operacionais deste tópico macro.
243;243_M9_18_INDICES.md;M9;SQL, PostgreSQL e modelagem relacional;Índices;M9.18.01;M9.18.04;4;Conceito profundo e quando usar | Implementação guiada com código realista | Refatoração, melhoria e leitura crítica | Exercício solo, perguntas e critério de aprovação;btree, seletividade, custo de escrita e planejamento. Nesta sessão: entender motivação, alternativas, trade-offs e armadilhas. | btree, seletividade, custo de escrita e planejamento. Nesta sessão: codar passo a passo uma solução pequena, com nomes bons e saídas verificáveis. | btree, seletividade, custo de escrita e planejamento. Nesta sessão: melhorar nomes, responsabilidades, duplicações, organização e legibilidade. | btree, seletividade, custo de escrita e planejamento. Nesta sessão: resolver variação sem copiar, explicar decisões e validar com checklist.;Aula mentorada única cobrindo integralmente todas as sessões operacionais deste tópico macro.
244;244_M9_19_EXPLAIN_E_EXPLAIN_ANALYZE.md;M9;SQL, PostgreSQL e modelagem relacional;EXPLAIN e EXPLAIN ANALYZE;M9.19.01;M9.19.04;4;Conceito profundo e quando usar | Implementação guiada com código realista | Refatoração, melhoria e leitura crítica | Exercício solo, perguntas e critério de aprovação;plano de execução, seq scan, index scan e diagnóstico. Nesta sessão: entender motivação, alternativas, trade-offs e armadilhas. | plano de execução, seq scan, index scan e diagnóstico. Nesta sessão: codar passo a passo uma solução pequena, com nomes bons e saídas verificáveis. | plano de execução, seq scan, index scan e diagnóstico. Nesta sessão: melhorar nomes, responsabilidades, duplicações, organização e legibilidade. | plano de execução, seq scan, index scan e diagnóstico. Nesta sessão: resolver variação sem copiar, explicar decisões e validar com checklist.;Aula mentorada única cobrindo integralmente todas as sessões operacionais deste tópico macro.
245;245_M9_20_TRANSACOES_ACID.md;M9;SQL, PostgreSQL e modelagem relacional;Transações ACID;M9.20.01;M9.20.04;4;Conceito profundo e quando usar | Implementação guiada com código realista | Refatoração, melhoria e leitura crítica | Exercício solo, perguntas e critério de aprovação;commit, rollback, atomicidade e consistência. Nesta sessão: entender motivação, alternativas, trade-offs e armadilhas. | commit, rollback, atomicidade e consistência. Nesta sessão: codar passo a passo uma solução pequena, com nomes bons e saídas verificáveis. | commit, rollback, atomicidade e consistência. Nesta sessão: melhorar nomes, responsabilidades, duplicações, organização e legibilidade. | commit, rollback, atomicidade e consistência. Nesta sessão: resolver variação sem copiar, explicar decisões e validar com checklist.;Aula mentorada única cobrindo integralmente todas as sessões operacionais deste tópico macro.
246;246_M9_21_ISOLAMENTO_E_LOCKS.md;M9;SQL, PostgreSQL e modelagem relacional;Isolamento e locks;M9.21.01;M9.21.04;4;Conceito profundo e quando usar | Implementação guiada com código realista | Refatoração, melhoria e leitura crítica | Exercício solo, perguntas e critério de aprovação;read committed, repeatable read, bloqueios e concorrência. Nesta sessão: entender motivação, alternativas, trade-offs e armadilhas. | read committed, repeatable read, bloqueios e concorrência. Nesta sessão: codar passo a passo uma solução pequena, com nomes bons e saídas verificáveis. | read committed, repeatable read, bloqueios e concorrência. Nesta sessão: melhorar nomes, responsabilidades, duplicações, organização e legibilidade. | read committed, repeatable read, bloqueios e concorrência. Nesta sessão: resolver variação sem copiar, explicar decisões e validar com checklist.;Aula mentorada única cobrindo integralmente todas as sessões operacionais deste tópico macro.
247;247_M9_22_DEADLOCKS.md;M9;SQL, PostgreSQL e modelagem relacional;Deadlocks;M9.22.01;M9.22.04;4;Conceito profundo e quando usar | Implementação guiada com código realista | Refatoração, melhoria e leitura crítica | Exercício solo, perguntas e critério de aprovação;causas, simulação, prevenção e logs. Nesta sessão: entender motivação, alternativas, trade-offs e armadilhas. | causas, simulação, prevenção e logs. Nesta sessão: codar passo a passo uma solução pequena, com nomes bons e saídas verificáveis. | causas, simulação, prevenção e logs. Nesta sessão: melhorar nomes, responsabilidades, duplicações, organização e legibilidade. | causas, simulação, prevenção e logs. Nesta sessão: resolver variação sem copiar, explicar decisões e validar com checklist.;Aula mentorada única cobrindo integralmente todas as sessões operacionais deste tópico macro.
248;248_M9_23_PAGINACAO_SQL.md;M9;SQL, PostgreSQL e modelagem relacional;Paginação SQL;M9.23.01;M9.23.04;4;Conceito profundo e quando usar | Implementação guiada com código realista | Refatoração, melhoria e leitura crítica | Exercício solo, perguntas e critério de aprovação;limit/offset, keyset pagination e impacto. Nesta sessão: entender motivação, alternativas, trade-offs e armadilhas. | limit/offset, keyset pagination e impacto. Nesta sessão: codar passo a passo uma solução pequena, com nomes bons e saídas verificáveis. | limit/offset, keyset pagination e impacto. Nesta sessão: melhorar nomes, responsabilidades, duplicações, organização e legibilidade. | limit/offset, keyset pagination e impacto. Nesta sessão: resolver variação sem copiar, explicar decisões e validar com checklist.;Aula mentorada única cobrindo integralmente todas as sessões operacionais deste tópico macro.
249;249_M9_24_MIGRACAO_E_VERSIONAMENTO_DE_BANCO_CONCEITUAL.md;M9;SQL, PostgreSQL e modelagem relacional;Migração e versionamento de banco conceitual;M9.24.01;M9.24.04;4;Conceito profundo e quando usar | Implementação guiada com código realista | Refatoração, melhoria e leitura crítica | Exercício solo, perguntas e critério de aprovação;scripts, ordem, rollback e Flyway depois. Nesta sessão: entender motivação, alternativas, trade-offs e armadilhas. | scripts, ordem, rollback e Flyway depois. Nesta sessão: codar passo a passo uma solução pequena, com nomes bons e saídas verificáveis. | scripts, ordem, rollback e Flyway depois. Nesta sessão: melhorar nomes, responsabilidades, duplicações, organização e legibilidade. | scripts, ordem, rollback e Flyway depois. Nesta sessão: resolver variação sem copiar, explicar decisões e validar com checklist.;Aula mentorada única cobrindo integralmente todas as sessões operacionais deste tópico macro.
250;250_M9_25_PROJETO_MODELO_OS_EM_POSTGRESQL.md;M9;SQL, PostgreSQL e modelagem relacional;Projeto modelo OS em PostgreSQL;M9.25.01;M9.25.04;4;Conceito profundo e quando usar | Implementação guiada com código realista | Refatoração, melhoria e leitura crítica | Exercício solo, perguntas e critério de aprovação;clientes, produtos, OS, atividades, histórico, status e queries reais. Nesta sessão: entender motivação, alternativas, trade-offs e armadilhas. | clientes, produtos, OS, atividades, histórico, status e queries reais. Nesta sessão: codar passo a passo uma solução pequena, com nomes bons e saídas verificáveis. | clientes, produtos, OS, atividades, histórico, status e queries reais. Nesta sessão: melhorar nomes, responsabilidades, duplicações, organização e legibilidade. | clientes, produtos, OS, atividades, histórico, status e queries reais. Nesta sessão: resolver variação sem copiar, explicar decisões e validar com checklist.;Aula mentorada única cobrindo integralmente todas as sessões operacionais deste tópico macro.
251;251_M10_01_JDBC_VISAO_GERAL.md;M10;Persistência Java: JDBC, JPA, Hibernate e Spring Data;JDBC visão geral;M10.01.01;M10.01.04;4;Fundamento avançado e modelo mental | Implementação profissional orientada a produção | Casos de borda, falhas e troubleshooting | Desafio aplicado, revisão técnica e entrega;Connection, DriverManager, PreparedStatement, ResultSet e SQLException. Nesta sessão: entender funcionamento interno, limitações, impacto em backend e riscos. | Connection, DriverManager, PreparedStatement, ResultSet e SQLException. Nesta sessão: implementar solução com validação, erro, teste, configuração ou observabilidade quando aplicável. | Connection, DriverManager, PreparedStatement, ResultSet e SQLException. Nesta sessão: simular falhas, diagnosticar sintomas, medir comportamento e corrigir. | Connection, DriverManager, PreparedStatement, ResultSet e SQLException. Nesta sessão: entregar mini solução com README, evidência, teste, decisão técnica ou ADR.;Aula mentorada única cobrindo integralmente todas as sessões operacionais deste tópico macro.
252;252_M10_02_CRUD_COM_JDBC.md;M10;Persistência Java: JDBC, JPA, Hibernate e Spring Data;CRUD com JDBC;M10.02.01;M10.02.04;4;Fundamento avançado e modelo mental | Implementação profissional orientada a produção | Casos de borda, falhas e troubleshooting | Desafio aplicado, revisão técnica e entrega;insert, select, update, delete e mapeamento manual. Nesta sessão: entender funcionamento interno, limitações, impacto em backend e riscos. | insert, select, update, delete e mapeamento manual. Nesta sessão: implementar solução com validação, erro, teste, configuração ou observabilidade quando aplicável. | insert, select, update, delete e mapeamento manual. Nesta sessão: simular falhas, diagnosticar sintomas, medir comportamento e corrigir. | insert, select, update, delete e mapeamento manual. Nesta sessão: entregar mini solução com README, evidência, teste, decisão técnica ou ADR.;Aula mentorada única cobrindo integralmente todas as sessões operacionais deste tópico macro.
253;253_M10_03_SQL_INJECTION_E_PREPAREDSTATEMENT.md;M10;Persistência Java: JDBC, JPA, Hibernate e Spring Data;SQL Injection e PreparedStatement;M10.03.01;M10.03.04;4;Fundamento avançado e modelo mental | Implementação profissional orientada a produção | Casos de borda, falhas e troubleshooting | Desafio aplicado, revisão técnica e entrega;risco, parâmetros e segurança. Nesta sessão: entender funcionamento interno, limitações, impacto em backend e riscos. | risco, parâmetros e segurança. Nesta sessão: implementar solução com validação, erro, teste, configuração ou observabilidade quando aplicável. | risco, parâmetros e segurança. Nesta sessão: simular falhas, diagnosticar sintomas, medir comportamento e corrigir. | risco, parâmetros e segurança. Nesta sessão: entregar mini solução com README, evidência, teste, decisão técnica ou ADR.;Aula mentorada única cobrindo integralmente todas as sessões operacionais deste tópico macro.
254;254_M10_04_DAO_E_REPOSITORY.md;M10;Persistência Java: JDBC, JPA, Hibernate e Spring Data;DAO e Repository;M10.04.01;M10.04.04;4;Fundamento avançado e modelo mental | Implementação profissional orientada a produção | Casos de borda, falhas e troubleshooting | Desafio aplicado, revisão técnica e entrega;separação de acesso a dados, interfaces e contratos. Nesta sessão: entender funcionamento interno, limitações, impacto em backend e riscos. | separação de acesso a dados, interfaces e contratos. Nesta sessão: implementar solução com validação, erro, teste, configuração ou observabilidade quando aplicável. | separação de acesso a dados, interfaces e contratos. Nesta sessão: simular falhas, diagnosticar sintomas, medir comportamento e corrigir. | separação de acesso a dados, interfaces e contratos. Nesta sessão: entregar mini solução com README, evidência, teste, decisão técnica ou ADR.;Aula mentorada única cobrindo integralmente todas as sessões operacionais deste tópico macro.
255;255_M10_05_TRANSACOES_COM_JDBC.md;M10;Persistência Java: JDBC, JPA, Hibernate e Spring Data;Transações com JDBC;M10.05.01;M10.05.04;4;Fundamento avançado e modelo mental | Implementação profissional orientada a produção | Casos de borda, falhas e troubleshooting | Desafio aplicado, revisão técnica e entrega;autoCommit, commit, rollback e erro no meio do fluxo. Nesta sessão: entender funcionamento interno, limitações, impacto em backend e riscos. | autoCommit, commit, rollback e erro no meio do fluxo. Nesta sessão: implementar solução com validação, erro, teste, configuração ou observabilidade quando aplicável. | autoCommit, commit, rollback e erro no meio do fluxo. Nesta sessão: simular falhas, diagnosticar sintomas, medir comportamento e corrigir. | autoCommit, commit, rollback e erro no meio do fluxo. Nesta sessão: entregar mini solução com README, evidência, teste, decisão técnica ou ADR.;Aula mentorada única cobrindo integralmente todas as sessões operacionais deste tópico macro.
256;256_M10_06_CONNECTION_POOL_CONCEITUAL.md;M10;Persistência Java: JDBC, JPA, Hibernate e Spring Data;Connection pool conceitual;M10.06.01;M10.06.04;4;Fundamento avançado e modelo mental | Implementação profissional orientada a produção | Casos de borda, falhas e troubleshooting | Desafio aplicado, revisão técnica e entrega;custo de conexão, Hikari e produção. Nesta sessão: entender funcionamento interno, limitações, impacto em backend e riscos. | custo de conexão, Hikari e produção. Nesta sessão: implementar solução com validação, erro, teste, configuração ou observabilidade quando aplicável. | custo de conexão, Hikari e produção. Nesta sessão: simular falhas, diagnosticar sintomas, medir comportamento e corrigir. | custo de conexão, Hikari e produção. Nesta sessão: entregar mini solução com README, evidência, teste, decisão técnica ou ADR.;Aula mentorada única cobrindo integralmente todas as sessões operacionais deste tópico macro.
257;257_M10_07_FLYWAY.md;M10;Persistência Java: JDBC, JPA, Hibernate e Spring Data;Flyway;M10.07.01;M10.07.04;4;Fundamento avançado e modelo mental | Implementação profissional orientada a produção | Casos de borda, falhas e troubleshooting | Desafio aplicado, revisão técnica e entrega;migrations, V1, V2, checksum, baseline e organização. Nesta sessão: entender funcionamento interno, limitações, impacto em backend e riscos. | migrations, V1, V2, checksum, baseline e organização. Nesta sessão: implementar solução com validação, erro, teste, configuração ou observabilidade quando aplicável. | migrations, V1, V2, checksum, baseline e organização. Nesta sessão: simular falhas, diagnosticar sintomas, medir comportamento e corrigir. | migrations, V1, V2, checksum, baseline e organização. Nesta sessão: entregar mini solução com README, evidência, teste, decisão técnica ou ADR.;Aula mentorada única cobrindo integralmente todas as sessões operacionais deste tópico macro.
258;258_M10_08_JPA_CONCEITOS_FUNDAMENTAIS.md;M10;Persistência Java: JDBC, JPA, Hibernate e Spring Data;JPA conceitos fundamentais;M10.08.01;M10.08.04;4;Fundamento avançado e modelo mental | Implementação profissional orientada a produção | Casos de borda, falhas e troubleshooting | Desafio aplicado, revisão técnica e entrega;EntityManager, persistence context, entidade gerenciada e detached. Nesta sessão: entender funcionamento interno, limitações, impacto em backend e riscos. | EntityManager, persistence context, entidade gerenciada e detached. Nesta sessão: implementar solução com validação, erro, teste, configuração ou observabilidade quando aplicável. | EntityManager, persistence context, entidade gerenciada e detached. Nesta sessão: simular falhas, diagnosticar sintomas, medir comportamento e corrigir. | EntityManager, persistence context, entidade gerenciada e detached. Nesta sessão: entregar mini solução com README, evidência, teste, decisão técnica ou ADR.;Aula mentorada única cobrindo integralmente todas as sessões operacionais deste tópico macro.
259;259_M10_09_HIBERNATE_COMO_IMPLEMENTACAO.md;M10;Persistência Java: JDBC, JPA, Hibernate e Spring Data;Hibernate como implementação;M10.09.01;M10.09.04;4;Fundamento avançado e modelo mental | Implementação profissional orientada a produção | Casos de borda, falhas e troubleshooting | Desafio aplicado, revisão técnica e entrega;ORM, SQL gerado, dialeto e trade-offs. Nesta sessão: entender funcionamento interno, limitações, impacto em backend e riscos. | ORM, SQL gerado, dialeto e trade-offs. Nesta sessão: implementar solução com validação, erro, teste, configuração ou observabilidade quando aplicável. | ORM, SQL gerado, dialeto e trade-offs. Nesta sessão: simular falhas, diagnosticar sintomas, medir comportamento e corrigir. | ORM, SQL gerado, dialeto e trade-offs. Nesta sessão: entregar mini solução com README, evidência, teste, decisão técnica ou ADR.;Aula mentorada única cobrindo integralmente todas as sessões operacionais deste tópico macro.
260;260_M10_10_MAPEAMENTO_ENTITY.md;M10;Persistência Java: JDBC, JPA, Hibernate e Spring Data;Mapeamento @Entity;M10.10.01;M10.10.04;4;Fundamento avançado e modelo mental | Implementação profissional orientada a produção | Casos de borda, falhas e troubleshooting | Desafio aplicado, revisão técnica e entrega;@Id, @GeneratedValue, @Column, table e constraints. Nesta sessão: entender funcionamento interno, limitações, impacto em backend e riscos. | @Id, @GeneratedValue, @Column, table e constraints. Nesta sessão: implementar solução com validação, erro, teste, configuração ou observabilidade quando aplicável. | @Id, @GeneratedValue, @Column, table e constraints. Nesta sessão: simular falhas, diagnosticar sintomas, medir comportamento e corrigir. | @Id, @GeneratedValue, @Column, table e constraints. Nesta sessão: entregar mini solução com README, evidência, teste, decisão técnica ou ADR.;Aula mentorada única cobrindo integralmente todas as sessões operacionais deste tópico macro.
261;261_M10_11_CICLO_DE_VIDA_DA_ENTIDADE.md;M10;Persistência Java: JDBC, JPA, Hibernate e Spring Data;Ciclo de vida da entidade;M10.11.01;M10.11.04;4;Fundamento avançado e modelo mental | Implementação profissional orientada a produção | Casos de borda, falhas e troubleshooting | Desafio aplicado, revisão técnica e entrega;new, managed, detached, removed e merge. Nesta sessão: entender funcionamento interno, limitações, impacto em backend e riscos. | new, managed, detached, removed e merge. Nesta sessão: implementar solução com validação, erro, teste, configuração ou observabilidade quando aplicável. | new, managed, detached, removed e merge. Nesta sessão: simular falhas, diagnosticar sintomas, medir comportamento e corrigir. | new, managed, detached, removed e merge. Nesta sessão: entregar mini solução com README, evidência, teste, decisão técnica ou ADR.;Aula mentorada única cobrindo integralmente todas as sessões operacionais deste tópico macro.
262;262_M10_12_DIRTY_CHECKING.md;M10;Persistência Java: JDBC, JPA, Hibernate e Spring Data;Dirty checking;M10.12.01;M10.12.04;4;Fundamento avançado e modelo mental | Implementação profissional orientada a produção | Casos de borda, falhas e troubleshooting | Desafio aplicado, revisão técnica e entrega;alteração detectada, flush e commit. Nesta sessão: entender funcionamento interno, limitações, impacto em backend e riscos. | alteração detectada, flush e commit. Nesta sessão: implementar solução com validação, erro, teste, configuração ou observabilidade quando aplicável. | alteração detectada, flush e commit. Nesta sessão: simular falhas, diagnosticar sintomas, medir comportamento e corrigir. | alteração detectada, flush e commit. Nesta sessão: entregar mini solução com README, evidência, teste, decisão técnica ou ADR.;Aula mentorada única cobrindo integralmente todas as sessões operacionais deste tópico macro.
263;263_M10_13_FLUSH.md;M10;Persistência Java: JDBC, JPA, Hibernate e Spring Data;Flush;M10.13.01;M10.13.04;4;Fundamento avançado e modelo mental | Implementação profissional orientada a produção | Casos de borda, falhas e troubleshooting | Desafio aplicado, revisão técnica e entrega;quando SQL é enviado, flush manual e efeitos colaterais. Nesta sessão: entender funcionamento interno, limitações, impacto em backend e riscos. | quando SQL é enviado, flush manual e efeitos colaterais. Nesta sessão: implementar solução com validação, erro, teste, configuração ou observabilidade quando aplicável. | quando SQL é enviado, flush manual e efeitos colaterais. Nesta sessão: simular falhas, diagnosticar sintomas, medir comportamento e corrigir. | quando SQL é enviado, flush manual e efeitos colaterais. Nesta sessão: entregar mini solução com README, evidência, teste, decisão técnica ou ADR.;Aula mentorada única cobrindo integralmente todas as sessões operacionais deste tópico macro.
264;264_M10_14_RELACIONAMENTO_MANYTOONE.md;M10;Persistência Java: JDBC, JPA, Hibernate e Spring Data;Relacionamento ManyToOne;M10.14.01;M10.14.04;4;Fundamento avançado e modelo mental | Implementação profissional orientada a produção | Casos de borda, falhas e troubleshooting | Desafio aplicado, revisão técnica e entrega;Atividade -> OS, FK, lazy e navegação. Nesta sessão: entender funcionamento interno, limitações, impacto em backend e riscos. | Atividade -> OS, FK, lazy e navegação. Nesta sessão: implementar solução com validação, erro, teste, configuração ou observabilidade quando aplicável. | Atividade -> OS, FK, lazy e navegação. Nesta sessão: simular falhas, diagnosticar sintomas, medir comportamento e corrigir. | Atividade -> OS, FK, lazy e navegação. Nesta sessão: entregar mini solução com README, evidência, teste, decisão técnica ou ADR.;Aula mentorada única cobrindo integralmente todas as sessões operacionais deste tópico macro.
265;265_M10_15_RELACIONAMENTO_ONETOMANY.md;M10;Persistência Java: JDBC, JPA, Hibernate e Spring Data;Relacionamento OneToMany;M10.15.01;M10.15.04;4;Fundamento avançado e modelo mental | Implementação profissional orientada a produção | Casos de borda, falhas e troubleshooting | Desafio aplicado, revisão técnica e entrega;OS -> atividades, mappedBy, cascade e orphanRemoval. Nesta sessão: entender funcionamento interno, limitações, impacto em backend e riscos. | OS -> atividades, mappedBy, cascade e orphanRemoval. Nesta sessão: implementar solução com validação, erro, teste, configuração ou observabilidade quando aplicável. | OS -> atividades, mappedBy, cascade e orphanRemoval. Nesta sessão: simular falhas, diagnosticar sintomas, medir comportamento e corrigir. | OS -> atividades, mappedBy, cascade e orphanRemoval. Nesta sessão: entregar mini solução com README, evidência, teste, decisão técnica ou ADR.;Aula mentorada única cobrindo integralmente todas as sessões operacionais deste tópico macro.
266;266_M10_16_RELACIONAMENTO_MANYTOMANY_COM_CRITERIO.md;M10;Persistência Java: JDBC, JPA, Hibernate e Spring Data;Relacionamento ManyToMany com critério;M10.16.01;M10.16.04;4;Fundamento avançado e modelo mental | Implementação profissional orientada a produção | Casos de borda, falhas e troubleshooting | Desafio aplicado, revisão técnica e entrega;por que evitar direto e usar entidade associativa. Nesta sessão: entender funcionamento interno, limitações, impacto em backend e riscos. | por que evitar direto e usar entidade associativa. Nesta sessão: implementar solução com validação, erro, teste, configuração ou observabilidade quando aplicável. | por que evitar direto e usar entidade associativa. Nesta sessão: simular falhas, diagnosticar sintomas, medir comportamento e corrigir. | por que evitar direto e usar entidade associativa. Nesta sessão: entregar mini solução com README, evidência, teste, decisão técnica ou ADR.;Aula mentorada única cobrindo integralmente todas as sessões operacionais deste tópico macro.
267;267_M10_17_CASCADE.md;M10;Persistência Java: JDBC, JPA, Hibernate e Spring Data;Cascade;M10.17.01;M10.17.04;4;Fundamento avançado e modelo mental | Implementação profissional orientada a produção | Casos de borda, falhas e troubleshooting | Desafio aplicado, revisão técnica e entrega;persist, merge, remove, all e riscos. Nesta sessão: entender funcionamento interno, limitações, impacto em backend e riscos. | persist, merge, remove, all e riscos. Nesta sessão: implementar solução com validação, erro, teste, configuração ou observabilidade quando aplicável. | persist, merge, remove, all e riscos. Nesta sessão: simular falhas, diagnosticar sintomas, medir comportamento e corrigir. | persist, merge, remove, all e riscos. Nesta sessão: entregar mini solução com README, evidência, teste, decisão técnica ou ADR.;Aula mentorada única cobrindo integralmente todas as sessões operacionais deste tópico macro.
268;268_M10_18_FETCH_LAZY_EAGER.md;M10;Persistência Java: JDBC, JPA, Hibernate e Spring Data;Fetch Lazy/Eager;M10.18.01;M10.18.04;4;Fundamento avançado e modelo mental | Implementação profissional orientada a produção | Casos de borda, falhas e troubleshooting | Desafio aplicado, revisão técnica e entrega;proxy, LazyInitializationException e desenho correto. Nesta sessão: entender funcionamento interno, limitações, impacto em backend e riscos. | proxy, LazyInitializationException e desenho correto. Nesta sessão: implementar solução com validação, erro, teste, configuração ou observabilidade quando aplicável. | proxy, LazyInitializationException e desenho correto. Nesta sessão: simular falhas, diagnosticar sintomas, medir comportamento e corrigir. | proxy, LazyInitializationException e desenho correto. Nesta sessão: entregar mini solução com README, evidência, teste, decisão técnica ou ADR.;Aula mentorada única cobrindo integralmente todas as sessões operacionais deste tópico macro.
269;269_M10_19_N_1.md;M10;Persistência Java: JDBC, JPA, Hibernate e Spring Data;N+1;M10.19.01;M10.19.04;4;Fundamento avançado e modelo mental | Implementação profissional orientada a produção | Casos de borda, falhas e troubleshooting | Desafio aplicado, revisão técnica e entrega;sintoma, logs SQL, join fetch, entity graph e DTO projection. Nesta sessão: entender funcionamento interno, limitações, impacto em backend e riscos. | sintoma, logs SQL, join fetch, entity graph e DTO projection. Nesta sessão: implementar solução com validação, erro, teste, configuração ou observabilidade quando aplicável. | sintoma, logs SQL, join fetch, entity graph e DTO projection. Nesta sessão: simular falhas, diagnosticar sintomas, medir comportamento e corrigir. | sintoma, logs SQL, join fetch, entity graph e DTO projection. Nesta sessão: entregar mini solução com README, evidência, teste, decisão técnica ou ADR.;Aula mentorada única cobrindo integralmente todas as sessões operacionais deste tópico macro.
270;270_M10_20_JPQL.md;M10;Persistência Java: JDBC, JPA, Hibernate e Spring Data;JPQL;M10.20.01;M10.20.04;4;Fundamento avançado e modelo mental | Implementação profissional orientada a produção | Casos de borda, falhas e troubleshooting | Desafio aplicado, revisão técnica e entrega;consulta orientada a entidade, parâmetros e joins. Nesta sessão: entender funcionamento interno, limitações, impacto em backend e riscos. | consulta orientada a entidade, parâmetros e joins. Nesta sessão: implementar solução com validação, erro, teste, configuração ou observabilidade quando aplicável. | consulta orientada a entidade, parâmetros e joins. Nesta sessão: simular falhas, diagnosticar sintomas, medir comportamento e corrigir. | consulta orientada a entidade, parâmetros e joins. Nesta sessão: entregar mini solução com README, evidência, teste, decisão técnica ou ADR.;Aula mentorada única cobrindo integralmente todas as sessões operacionais deste tópico macro.
271;271_M10_21_CRITERIA_API_E_SPECIFICATIONS.md;M10;Persistência Java: JDBC, JPA, Hibernate e Spring Data;Criteria API e Specifications;M10.21.01;M10.21.04;4;Fundamento avançado e modelo mental | Implementação profissional orientada a produção | Casos de borda, falhas e troubleshooting | Desafio aplicado, revisão técnica e entrega;filtros dinâmicos e complexidade. Nesta sessão: entender funcionamento interno, limitações, impacto em backend e riscos. | filtros dinâmicos e complexidade. Nesta sessão: implementar solução com validação, erro, teste, configuração ou observabilidade quando aplicável. | filtros dinâmicos e complexidade. Nesta sessão: simular falhas, diagnosticar sintomas, medir comportamento e corrigir. | filtros dinâmicos e complexidade. Nesta sessão: entregar mini solução com README, evidência, teste, decisão técnica ou ADR.;Aula mentorada única cobrindo integralmente todas as sessões operacionais deste tópico macro.
272;272_M10_22_PROJECTIONS.md;M10;Persistência Java: JDBC, JPA, Hibernate e Spring Data;Projections;M10.22.01;M10.22.04;4;Fundamento avançado e modelo mental | Implementação profissional orientada a produção | Casos de borda, falhas e troubleshooting | Desafio aplicado, revisão técnica e entrega;DTO, interface projection, record projection e performance. Nesta sessão: entender funcionamento interno, limitações, impacto em backend e riscos. | DTO, interface projection, record projection e performance. Nesta sessão: implementar solução com validação, erro, teste, configuração ou observabilidade quando aplicável. | DTO, interface projection, record projection e performance. Nesta sessão: simular falhas, diagnosticar sintomas, medir comportamento e corrigir. | DTO, interface projection, record projection e performance. Nesta sessão: entregar mini solução com README, evidência, teste, decisão técnica ou ADR.;Aula mentorada única cobrindo integralmente todas as sessões operacionais deste tópico macro.
273;273_M10_23_PAGINACAO_COM_JPA.md;M10;Persistência Java: JDBC, JPA, Hibernate e Spring Data;Paginação com JPA;M10.23.01;M10.23.04;4;Fundamento avançado e modelo mental | Implementação profissional orientada a produção | Casos de borda, falhas e troubleshooting | Desafio aplicado, revisão técnica e entrega;Page, Slice, count query e cuidado com join fetch. Nesta sessão: entender funcionamento interno, limitações, impacto em backend e riscos. | Page, Slice, count query e cuidado com join fetch. Nesta sessão: implementar solução com validação, erro, teste, configuração ou observabilidade quando aplicável. | Page, Slice, count query e cuidado com join fetch. Nesta sessão: simular falhas, diagnosticar sintomas, medir comportamento e corrigir. | Page, Slice, count query e cuidado com join fetch. Nesta sessão: entregar mini solução com README, evidência, teste, decisão técnica ou ADR.;Aula mentorada única cobrindo integralmente todas as sessões operacionais deste tópico macro.
274;274_M10_24_LOCK_OTIMISTA.md;M10;Persistência Java: JDBC, JPA, Hibernate e Spring Data;Lock otimista;M10.24.01;M10.24.04;4;Fundamento avançado e modelo mental | Implementação profissional orientada a produção | Casos de borda, falhas e troubleshooting | Desafio aplicado, revisão técnica e entrega;@Version, concorrência e conflito. Nesta sessão: entender funcionamento interno, limitações, impacto em backend e riscos. | @Version, concorrência e conflito. Nesta sessão: implementar solução com validação, erro, teste, configuração ou observabilidade quando aplicável. | @Version, concorrência e conflito. Nesta sessão: simular falhas, diagnosticar sintomas, medir comportamento e corrigir. | @Version, concorrência e conflito. Nesta sessão: entregar mini solução com README, evidência, teste, decisão técnica ou ADR.;Aula mentorada única cobrindo integralmente todas as sessões operacionais deste tópico macro.
275;275_M10_25_LOCK_PESSIMISTA.md;M10;Persistência Java: JDBC, JPA, Hibernate e Spring Data;Lock pessimista;M10.25.01;M10.25.04;4;Fundamento avançado e modelo mental | Implementação profissional orientada a produção | Casos de borda, falhas e troubleshooting | Desafio aplicado, revisão técnica e entrega;bloqueio no banco, quando usar e riscos. Nesta sessão: entender funcionamento interno, limitações, impacto em backend e riscos. | bloqueio no banco, quando usar e riscos. Nesta sessão: implementar solução com validação, erro, teste, configuração ou observabilidade quando aplicável. | bloqueio no banco, quando usar e riscos. Nesta sessão: simular falhas, diagnosticar sintomas, medir comportamento e corrigir. | bloqueio no banco, quando usar e riscos. Nesta sessão: entregar mini solução com README, evidência, teste, decisão técnica ou ADR.;Aula mentorada única cobrindo integralmente todas as sessões operacionais deste tópico macro.
276;276_M10_26_AUDITORIA_COM_JPA.md;M10;Persistência Java: JDBC, JPA, Hibernate e Spring Data;Auditoria com JPA;M10.26.01;M10.26.04;4;Fundamento avançado e modelo mental | Implementação profissional orientada a produção | Casos de borda, falhas e troubleshooting | Desafio aplicado, revisão técnica e entrega;createdAt, updatedAt, createdBy, listeners e Spring Data auditing. Nesta sessão: entender funcionamento interno, limitações, impacto em backend e riscos. | createdAt, updatedAt, createdBy, listeners e Spring Data auditing. Nesta sessão: implementar solução com validação, erro, teste, configuração ou observabilidade quando aplicável. | createdAt, updatedAt, createdBy, listeners e Spring Data auditing. Nesta sessão: simular falhas, diagnosticar sintomas, medir comportamento e corrigir. | createdAt, updatedAt, createdBy, listeners e Spring Data auditing. Nesta sessão: entregar mini solução com README, evidência, teste, decisão técnica ou ADR.;Aula mentorada única cobrindo integralmente todas as sessões operacionais deste tópico macro.
277;277_M10_27_SPRING_DATA_REPOSITORY.md;M10;Persistência Java: JDBC, JPA, Hibernate e Spring Data;Spring Data Repository;M10.27.01;M10.27.04;4;Fundamento avançado e modelo mental | Implementação profissional orientada a produção | Casos de borda, falhas e troubleshooting | Desafio aplicado, revisão técnica e entrega;JpaRepository, query methods, @Query e custom repository. Nesta sessão: entender funcionamento interno, limitações, impacto em backend e riscos. | JpaRepository, query methods, @Query e custom repository. Nesta sessão: implementar solução com validação, erro, teste, configuração ou observabilidade quando aplicável. | JpaRepository, query methods, @Query e custom repository. Nesta sessão: simular falhas, diagnosticar sintomas, medir comportamento e corrigir. | JpaRepository, query methods, @Query e custom repository. Nesta sessão: entregar mini solução com README, evidência, teste, decisão técnica ou ADR.;Aula mentorada única cobrindo integralmente todas as sessões operacionais deste tópico macro.
278;278_M10_28_PROJETO_PERSISTENCIA_OS.md;M10;Persistência Java: JDBC, JPA, Hibernate e Spring Data;Projeto persistência OS;M10.28.01;M10.28.04;4;Fundamento avançado e modelo mental | Implementação profissional orientada a produção | Casos de borda, falhas e troubleshooting | Desafio aplicado, revisão técnica e entrega;migrations, entidades, repositories, consultas e testes com banco. Nesta sessão: entender funcionamento interno, limitações, impacto em backend e riscos. | migrations, entidades, repositories, consultas e testes com banco. Nesta sessão: implementar solução com validação, erro, teste, configuração ou observabilidade quando aplicável. | migrations, entidades, repositories, consultas e testes com banco. Nesta sessão: simular falhas, diagnosticar sintomas, medir comportamento e corrigir. | migrations, entidades, repositories, consultas e testes com banco. Nesta sessão: entregar mini solução com README, evidência, teste, decisão técnica ou ADR.;Aula mentorada única cobrindo integralmente todas as sessões operacionais deste tópico macro.
279;279_M11_01_SPRING_BOOT_VISAO_GERAL.md;M11;Spring Boot, REST APIs e backend profissional;Spring Boot visão geral;M11.01.01;M11.01.04;4;Fundamento avançado e modelo mental | Implementação profissional orientada a produção | Casos de borda, falhas e troubleshooting | Desafio aplicado, revisão técnica e entrega;IoC, DI, starters, auto configuration e estrutura. Nesta sessão: entender funcionamento interno, limitações, impacto em backend e riscos. | IoC, DI, starters, auto configuration e estrutura. Nesta sessão: implementar solução com validação, erro, teste, configuração ou observabilidade quando aplicável. | IoC, DI, starters, auto configuration e estrutura. Nesta sessão: simular falhas, diagnosticar sintomas, medir comportamento e corrigir. | IoC, DI, starters, auto configuration e estrutura. Nesta sessão: entregar mini solução com README, evidência, teste, decisão técnica ou ADR.;Aula mentorada única cobrindo integralmente todas as sessões operacionais deste tópico macro.
280;280_M11_02_SPRING_INITIALIZR.md;M11;Spring Boot, REST APIs e backend profissional;Spring Initializr;M11.02.01;M11.02.04;4;Fundamento avançado e modelo mental | Implementação profissional orientada a produção | Casos de borda, falhas e troubleshooting | Desafio aplicado, revisão técnica e entrega;dependências, group/artifact, Java version e projeto Maven. Nesta sessão: entender funcionamento interno, limitações, impacto em backend e riscos. | dependências, group/artifact, Java version e projeto Maven. Nesta sessão: implementar solução com validação, erro, teste, configuração ou observabilidade quando aplicável. | dependências, group/artifact, Java version e projeto Maven. Nesta sessão: simular falhas, diagnosticar sintomas, medir comportamento e corrigir. | dependências, group/artifact, Java version e projeto Maven. Nesta sessão: entregar mini solução com README, evidência, teste, decisão técnica ou ADR.;Aula mentorada única cobrindo integralmente todas as sessões operacionais deste tópico macro.
281;281_M11_03_APPLICATION_PROPERTIES_E_YAML.md;M11;Spring Boot, REST APIs e backend profissional;Application properties e YAML;M11.03.01;M11.03.04;4;Fundamento avançado e modelo mental | Implementação profissional orientada a produção | Casos de borda, falhas e troubleshooting | Desafio aplicado, revisão técnica e entrega;configuração, profiles, variáveis e precedência. Nesta sessão: entender funcionamento interno, limitações, impacto em backend e riscos. | configuração, profiles, variáveis e precedência. Nesta sessão: implementar solução com validação, erro, teste, configuração ou observabilidade quando aplicável. | configuração, profiles, variáveis e precedência. Nesta sessão: simular falhas, diagnosticar sintomas, medir comportamento e corrigir. | configuração, profiles, variáveis e precedência. Nesta sessão: entregar mini solução com README, evidência, teste, decisão técnica ou ADR.;Aula mentorada única cobrindo integralmente todas as sessões operacionais deste tópico macro.
282;282_M11_04_BEANS_E_INJECAO_DE_DEPENDENCIA.md;M11;Spring Boot, REST APIs e backend profissional;Beans e injeção de dependência;M11.04.01;M11.04.04;4;Fundamento avançado e modelo mental | Implementação profissional orientada a produção | Casos de borda, falhas e troubleshooting | Desafio aplicado, revisão técnica e entrega;@Component, @Service, @Repository, constructor injection. Nesta sessão: entender funcionamento interno, limitações, impacto em backend e riscos. | @Component, @Service, @Repository, constructor injection. Nesta sessão: implementar solução com validação, erro, teste, configuração ou observabilidade quando aplicável. | @Component, @Service, @Repository, constructor injection. Nesta sessão: simular falhas, diagnosticar sintomas, medir comportamento e corrigir. | @Component, @Service, @Repository, constructor injection. Nesta sessão: entregar mini solução com README, evidência, teste, decisão técnica ou ADR.;Aula mentorada única cobrindo integralmente todas as sessões operacionais deste tópico macro.
283;283_M11_05_CICLO_DE_VIDA_DE_BEANS.md;M11;Spring Boot, REST APIs e backend profissional;Ciclo de vida de beans;M11.05.01;M11.05.04;4;Fundamento avançado e modelo mental | Implementação profissional orientada a produção | Casos de borda, falhas e troubleshooting | Desafio aplicado, revisão técnica e entrega;criação, scopes, post construct e inicialização. Nesta sessão: entender funcionamento interno, limitações, impacto em backend e riscos. | criação, scopes, post construct e inicialização. Nesta sessão: implementar solução com validação, erro, teste, configuração ou observabilidade quando aplicável. | criação, scopes, post construct e inicialização. Nesta sessão: simular falhas, diagnosticar sintomas, medir comportamento e corrigir. | criação, scopes, post construct e inicialização. Nesta sessão: entregar mini solução com README, evidência, teste, decisão técnica ou ADR.;Aula mentorada única cobrindo integralmente todas as sessões operacionais deste tópico macro.
284;284_M11_06_AUTO_CONFIGURATION_POR_BAIXO.md;M11;Spring Boot, REST APIs e backend profissional;Auto configuration por baixo;M11.06.01;M11.06.04;4;Fundamento avançado e modelo mental | Implementação profissional orientada a produção | Casos de borda, falhas e troubleshooting | Desafio aplicado, revisão técnica e entrega;conditions, starters e debug de configuração. Nesta sessão: entender funcionamento interno, limitações, impacto em backend e riscos. | conditions, starters e debug de configuração. Nesta sessão: implementar solução com validação, erro, teste, configuração ou observabilidade quando aplicável. | conditions, starters e debug de configuração. Nesta sessão: simular falhas, diagnosticar sintomas, medir comportamento e corrigir. | conditions, starters e debug de configuração. Nesta sessão: entregar mini solução com README, evidência, teste, decisão técnica ou ADR.;Aula mentorada única cobrindo integralmente todas as sessões operacionais deste tópico macro.
285;285_M11_07_CONTROLLER_REST.md;M11;Spring Boot, REST APIs e backend profissional;Controller REST;M11.07.01;M11.07.04;4;Fundamento avançado e modelo mental | Implementação profissional orientada a produção | Casos de borda, falhas e troubleshooting | Desafio aplicado, revisão técnica e entrega;@RestController, @RequestMapping, path variable, query param. Nesta sessão: entender funcionamento interno, limitações, impacto em backend e riscos. | @RestController, @RequestMapping, path variable, query param. Nesta sessão: implementar solução com validação, erro, teste, configuração ou observabilidade quando aplicável. | @RestController, @RequestMapping, path variable, query param. Nesta sessão: simular falhas, diagnosticar sintomas, medir comportamento e corrigir. | @RestController, @RequestMapping, path variable, query param. Nesta sessão: entregar mini solução com README, evidência, teste, decisão técnica ou ADR.;Aula mentorada única cobrindo integralmente todas as sessões operacionais deste tópico macro.
286;286_M11_08_REQUEST_BODY_E_RESPONSEENTITY.md;M11;Spring Boot, REST APIs e backend profissional;Request body e ResponseEntity;M11.08.01;M11.08.04;4;Fundamento avançado e modelo mental | Implementação profissional orientada a produção | Casos de borda, falhas e troubleshooting | Desafio aplicado, revisão técnica e entrega;entrada JSON, status code, headers e corpo. Nesta sessão: entender funcionamento interno, limitações, impacto em backend e riscos. | entrada JSON, status code, headers e corpo. Nesta sessão: implementar solução com validação, erro, teste, configuração ou observabilidade quando aplicável. | entrada JSON, status code, headers e corpo. Nesta sessão: simular falhas, diagnosticar sintomas, medir comportamento e corrigir. | entrada JSON, status code, headers e corpo. Nesta sessão: entregar mini solução com README, evidência, teste, decisão técnica ou ADR.;Aula mentorada única cobrindo integralmente todas as sessões operacionais deste tópico macro.
287;287_M11_09_HTTP_E_REST_DE_VERDADE.md;M11;Spring Boot, REST APIs e backend profissional;HTTP e REST de verdade;M11.09.01;M11.09.04;4;Fundamento avançado e modelo mental | Implementação profissional orientada a produção | Casos de borda, falhas e troubleshooting | Desafio aplicado, revisão técnica e entrega;recursos, métodos, idempotência, status e semântica. Nesta sessão: entender funcionamento interno, limitações, impacto em backend e riscos. | recursos, métodos, idempotência, status e semântica. Nesta sessão: implementar solução com validação, erro, teste, configuração ou observabilidade quando aplicável. | recursos, métodos, idempotência, status e semântica. Nesta sessão: simular falhas, diagnosticar sintomas, medir comportamento e corrigir. | recursos, métodos, idempotência, status e semântica. Nesta sessão: entregar mini solução com README, evidência, teste, decisão técnica ou ADR.;Aula mentorada única cobrindo integralmente todas as sessões operacionais deste tópico macro.
288;288_M11_10_DTO_REQUEST_RESPONSE.md;M11;Spring Boot, REST APIs e backend profissional;DTO request/response;M11.10.01;M11.10.04;4;Fundamento avançado e modelo mental | Implementação profissional orientada a produção | Casos de borda, falhas e troubleshooting | Desafio aplicado, revisão técnica e entrega;contrato externo, domínio protegido e records. Nesta sessão: entender funcionamento interno, limitações, impacto em backend e riscos. | contrato externo, domínio protegido e records. Nesta sessão: implementar solução com validação, erro, teste, configuração ou observabilidade quando aplicável. | contrato externo, domínio protegido e records. Nesta sessão: simular falhas, diagnosticar sintomas, medir comportamento e corrigir. | contrato externo, domínio protegido e records. Nesta sessão: entregar mini solução com README, evidência, teste, decisão técnica ou ADR.;Aula mentorada única cobrindo integralmente todas as sessões operacionais deste tópico macro.
289;289_M11_11_MAPPERS_MANUAIS.md;M11;Spring Boot, REST APIs e backend profissional;Mappers manuais;M11.11.01;M11.11.04;4;Fundamento avançado e modelo mental | Implementação profissional orientada a produção | Casos de borda, falhas e troubleshooting | Desafio aplicado, revisão técnica e entrega;conversão explícita, nomes, null e listas. Nesta sessão: entender funcionamento interno, limitações, impacto em backend e riscos. | conversão explícita, nomes, null e listas. Nesta sessão: implementar solução com validação, erro, teste, configuração ou observabilidade quando aplicável. | conversão explícita, nomes, null e listas. Nesta sessão: simular falhas, diagnosticar sintomas, medir comportamento e corrigir. | conversão explícita, nomes, null e listas. Nesta sessão: entregar mini solução com README, evidência, teste, decisão técnica ou ADR.;Aula mentorada única cobrindo integralmente todas as sessões operacionais deste tópico macro.
290;290_M11_12_BEAN_VALIDATION.md;M11;Spring Boot, REST APIs e backend profissional;Bean Validation;M11.12.01;M11.12.04;4;Fundamento avançado e modelo mental | Implementação profissional orientada a produção | Casos de borda, falhas e troubleshooting | Desafio aplicado, revisão técnica e entrega;@Valid, @NotNull, @NotBlank, @Size, @Positive e mensagens. Nesta sessão: entender funcionamento interno, limitações, impacto em backend e riscos. | @Valid, @NotNull, @NotBlank, @Size, @Positive e mensagens. Nesta sessão: implementar solução com validação, erro, teste, configuração ou observabilidade quando aplicável. | @Valid, @NotNull, @NotBlank, @Size, @Positive e mensagens. Nesta sessão: simular falhas, diagnosticar sintomas, medir comportamento e corrigir. | @Valid, @NotNull, @NotBlank, @Size, @Positive e mensagens. Nesta sessão: entregar mini solução com README, evidência, teste, decisão técnica ou ADR.;Aula mentorada única cobrindo integralmente todas as sessões operacionais deste tópico macro.
291;291_M11_13_VALIDACOES_CUSTOMIZADAS.md;M11;Spring Boot, REST APIs e backend profissional;Validações customizadas;M11.13.01;M11.13.04;4;Fundamento avançado e modelo mental | Implementação profissional orientada a produção | Casos de borda, falhas e troubleshooting | Desafio aplicado, revisão técnica e entrega;annotation própria, ConstraintValidator e casos reais. Nesta sessão: entender funcionamento interno, limitações, impacto em backend e riscos. | annotation própria, ConstraintValidator e casos reais. Nesta sessão: implementar solução com validação, erro, teste, configuração ou observabilidade quando aplicável. | annotation própria, ConstraintValidator e casos reais. Nesta sessão: simular falhas, diagnosticar sintomas, medir comportamento e corrigir. | annotation própria, ConstraintValidator e casos reais. Nesta sessão: entregar mini solução com README, evidência, teste, decisão técnica ou ADR.;Aula mentorada única cobrindo integralmente todas as sessões operacionais deste tópico macro.
292;292_M11_14_SERVICE_LAYER.md;M11;Spring Boot, REST APIs e backend profissional;Service layer;M11.14.01;M11.14.04;4;Fundamento avançado e modelo mental | Implementação profissional orientada a produção | Casos de borda, falhas e troubleshooting | Desafio aplicado, revisão técnica e entrega;regra de negócio, transação, orquestração e controller fino. Nesta sessão: entender funcionamento interno, limitações, impacto em backend e riscos. | regra de negócio, transação, orquestração e controller fino. Nesta sessão: implementar solução com validação, erro, teste, configuração ou observabilidade quando aplicável. | regra de negócio, transação, orquestração e controller fino. Nesta sessão: simular falhas, diagnosticar sintomas, medir comportamento e corrigir. | regra de negócio, transação, orquestração e controller fino. Nesta sessão: entregar mini solução com README, evidência, teste, decisão técnica ou ADR.;Aula mentorada única cobrindo integralmente todas as sessões operacionais deste tópico macro.
293;293_M11_15_REPOSITORY_LAYER.md;M11;Spring Boot, REST APIs e backend profissional;Repository layer;M11.15.01;M11.15.04;4;Fundamento avançado e modelo mental | Implementação profissional orientada a produção | Casos de borda, falhas e troubleshooting | Desafio aplicado, revisão técnica e entrega;persistência, consultas e separação. Nesta sessão: entender funcionamento interno, limitações, impacto em backend e riscos. | persistência, consultas e separação. Nesta sessão: implementar solução com validação, erro, teste, configuração ou observabilidade quando aplicável. | persistência, consultas e separação. Nesta sessão: simular falhas, diagnosticar sintomas, medir comportamento e corrigir. | persistência, consultas e separação. Nesta sessão: entregar mini solução com README, evidência, teste, decisão técnica ou ADR.;Aula mentorada única cobrindo integralmente todas as sessões operacionais deste tópico macro.
294;294_M11_16_TRANSACOES_COM_TRANSACTIONAL.md;M11;Spring Boot, REST APIs e backend profissional;Transações com @Transactional;M11.16.01;M11.16.04;4;Fundamento avançado e modelo mental | Implementação profissional orientada a produção | Casos de borda, falhas e troubleshooting | Desafio aplicado, revisão técnica e entrega;proxy, rollback, propagation, readOnly e armadilhas. Nesta sessão: entender funcionamento interno, limitações, impacto em backend e riscos. | proxy, rollback, propagation, readOnly e armadilhas. Nesta sessão: implementar solução com validação, erro, teste, configuração ou observabilidade quando aplicável. | proxy, rollback, propagation, readOnly e armadilhas. Nesta sessão: simular falhas, diagnosticar sintomas, medir comportamento e corrigir. | proxy, rollback, propagation, readOnly e armadilhas. Nesta sessão: entregar mini solução com README, evidência, teste, decisão técnica ou ADR.;Aula mentorada única cobrindo integralmente todas as sessões operacionais deste tópico macro.
295;295_M11_17_EXCEPTION_HANDLER_GLOBAL.md;M11;Spring Boot, REST APIs e backend profissional;Exception Handler global;M11.17.01;M11.17.04;4;Fundamento avançado e modelo mental | Implementação profissional orientada a produção | Casos de borda, falhas e troubleshooting | Desafio aplicado, revisão técnica e entrega;@ControllerAdvice, Problem Details, erro de negócio e not found. Nesta sessão: entender funcionamento interno, limitações, impacto em backend e riscos. | @ControllerAdvice, Problem Details, erro de negócio e not found. Nesta sessão: implementar solução com validação, erro, teste, configuração ou observabilidade quando aplicável. | @ControllerAdvice, Problem Details, erro de negócio e not found. Nesta sessão: simular falhas, diagnosticar sintomas, medir comportamento e corrigir. | @ControllerAdvice, Problem Details, erro de negócio e not found. Nesta sessão: entregar mini solução com README, evidência, teste, decisão técnica ou ADR.;Aula mentorada única cobrindo integralmente todas as sessões operacionais deste tópico macro.
296;296_M11_18_PADRAO_DE_RESPOSTA_DE_ERRO.md;M11;Spring Boot, REST APIs e backend profissional;Padrão de resposta de erro;M11.18.01;M11.18.04;4;Fundamento avançado e modelo mental | Implementação profissional orientada a produção | Casos de borda, falhas e troubleshooting | Desafio aplicado, revisão técnica e entrega;timestamp, status, code, message, details, traceId. Nesta sessão: entender funcionamento interno, limitações, impacto em backend e riscos. | timestamp, status, code, message, details, traceId. Nesta sessão: implementar solução com validação, erro, teste, configuração ou observabilidade quando aplicável. | timestamp, status, code, message, details, traceId. Nesta sessão: simular falhas, diagnosticar sintomas, medir comportamento e corrigir. | timestamp, status, code, message, details, traceId. Nesta sessão: entregar mini solução com README, evidência, teste, decisão técnica ou ADR.;Aula mentorada única cobrindo integralmente todas as sessões operacionais deste tópico macro.
297;297_M11_19_CRUD_COMPLETO.md;M11;Spring Boot, REST APIs e backend profissional;CRUD completo;M11.19.01;M11.19.04;4;Fundamento avançado e modelo mental | Implementação profissional orientada a produção | Casos de borda, falhas e troubleshooting | Desafio aplicado, revisão técnica e entrega;create, read, update, delete, validações, status e testes. Nesta sessão: entender funcionamento interno, limitações, impacto em backend e riscos. | create, read, update, delete, validações, status e testes. Nesta sessão: implementar solução com validação, erro, teste, configuração ou observabilidade quando aplicável. | create, read, update, delete, validações, status e testes. Nesta sessão: simular falhas, diagnosticar sintomas, medir comportamento e corrigir. | create, read, update, delete, validações, status e testes. Nesta sessão: entregar mini solução com README, evidência, teste, decisão técnica ou ADR.;Aula mentorada única cobrindo integralmente todas as sessões operacionais deste tópico macro.
298;298_M11_20_PUT_VS_PATCH.md;M11;Spring Boot, REST APIs e backend profissional;PUT vs PATCH;M11.20.01;M11.20.04;4;Fundamento avançado e modelo mental | Implementação profissional orientada a produção | Casos de borda, falhas e troubleshooting | Desafio aplicado, revisão técnica e entrega;substituição, atualização parcial, DTOs e semântica. Nesta sessão: entender funcionamento interno, limitações, impacto em backend e riscos. | substituição, atualização parcial, DTOs e semântica. Nesta sessão: implementar solução com validação, erro, teste, configuração ou observabilidade quando aplicável. | substituição, atualização parcial, DTOs e semântica. Nesta sessão: simular falhas, diagnosticar sintomas, medir comportamento e corrigir. | substituição, atualização parcial, DTOs e semântica. Nesta sessão: entregar mini solução com README, evidência, teste, decisão técnica ou ADR.;Aula mentorada única cobrindo integralmente todas as sessões operacionais deste tópico macro.
299;299_M11_21_PAGINACAO_E_ORDENACAO.md;M11;Spring Boot, REST APIs e backend profissional;Paginação e ordenação;M11.21.01;M11.21.04;4;Fundamento avançado e modelo mental | Implementação profissional orientada a produção | Casos de borda, falhas e troubleshooting | Desafio aplicado, revisão técnica e entrega;Pageable, Sort, default, limites e contrato. Nesta sessão: entender funcionamento interno, limitações, impacto em backend e riscos. | Pageable, Sort, default, limites e contrato. Nesta sessão: implementar solução com validação, erro, teste, configuração ou observabilidade quando aplicável. | Pageable, Sort, default, limites e contrato. Nesta sessão: simular falhas, diagnosticar sintomas, medir comportamento e corrigir. | Pageable, Sort, default, limites e contrato. Nesta sessão: entregar mini solução com README, evidência, teste, decisão técnica ou ADR.;Aula mentorada única cobrindo integralmente todas as sessões operacionais deste tópico macro.
300;300_M11_22_FILTROS_DINAMICOS.md;M11;Spring Boot, REST APIs e backend profissional;Filtros dinâmicos;M11.22.01;M11.22.04;4;Fundamento avançado e modelo mental | Implementação profissional orientada a produção | Casos de borda, falhas e troubleshooting | Desafio aplicado, revisão técnica e entrega;query params, specifications, critérios e validação. Nesta sessão: entender funcionamento interno, limitações, impacto em backend e riscos. | query params, specifications, critérios e validação. Nesta sessão: implementar solução com validação, erro, teste, configuração ou observabilidade quando aplicável. | query params, specifications, critérios e validação. Nesta sessão: simular falhas, diagnosticar sintomas, medir comportamento e corrigir. | query params, specifications, critérios e validação. Nesta sessão: entregar mini solução com README, evidência, teste, decisão técnica ou ADR.;Aula mentorada única cobrindo integralmente todas as sessões operacionais deste tópico macro.
301;301_M11_23_OPENAPI_SWAGGER.md;M11;Spring Boot, REST APIs e backend profissional;OpenAPI/Swagger;M11.23.01;M11.23.04;4;Fundamento avançado e modelo mental | Implementação profissional orientada a produção | Casos de borda, falhas e troubleshooting | Desafio aplicado, revisão técnica e entrega;documentação, exemplos, schemas, segurança e organização. Nesta sessão: entender funcionamento interno, limitações, impacto em backend e riscos. | documentação, exemplos, schemas, segurança e organização. Nesta sessão: implementar solução com validação, erro, teste, configuração ou observabilidade quando aplicável. | documentação, exemplos, schemas, segurança e organização. Nesta sessão: simular falhas, diagnosticar sintomas, medir comportamento e corrigir. | documentação, exemplos, schemas, segurança e organização. Nesta sessão: entregar mini solução com README, evidência, teste, decisão técnica ou ADR.;Aula mentorada única cobrindo integralmente todas as sessões operacionais deste tópico macro.
302;302_M11_24_PROFILES_POR_AMBIENTE.md;M11;Spring Boot, REST APIs e backend profissional;Profiles por ambiente;M11.24.01;M11.24.04;4;Fundamento avançado e modelo mental | Implementação profissional orientada a produção | Casos de borda, falhas e troubleshooting | Desafio aplicado, revisão técnica e entrega;dev, test, hml, prd, secrets e externalização. Nesta sessão: entender funcionamento interno, limitações, impacto em backend e riscos. | dev, test, hml, prd, secrets e externalização. Nesta sessão: implementar solução com validação, erro, teste, configuração ou observabilidade quando aplicável. | dev, test, hml, prd, secrets e externalização. Nesta sessão: simular falhas, diagnosticar sintomas, medir comportamento e corrigir. | dev, test, hml, prd, secrets e externalização. Nesta sessão: entregar mini solução com README, evidência, teste, decisão técnica ou ADR.;Aula mentorada única cobrindo integralmente todas as sessões operacionais deste tópico macro.
303;303_M11_25_LOGGING_EM_APIS.md;M11;Spring Boot, REST APIs e backend profissional;Logging em APIs;M11.25.01;M11.25.04;4;Fundamento avançado e modelo mental | Implementação profissional orientada a produção | Casos de borda, falhas e troubleshooting | Desafio aplicado, revisão técnica e entrega;SLF4J, Logback, níveis, traceId e logs úteis. Nesta sessão: entender funcionamento interno, limitações, impacto em backend e riscos. | SLF4J, Logback, níveis, traceId e logs úteis. Nesta sessão: implementar solução com validação, erro, teste, configuração ou observabilidade quando aplicável. | SLF4J, Logback, níveis, traceId e logs úteis. Nesta sessão: simular falhas, diagnosticar sintomas, medir comportamento e corrigir. | SLF4J, Logback, níveis, traceId e logs úteis. Nesta sessão: entregar mini solução com README, evidência, teste, decisão técnica ou ADR.;Aula mentorada única cobrindo integralmente todas as sessões operacionais deste tópico macro.
304;304_M11_26_FILTROS_E_INTERCEPTORS.md;M11;Spring Boot, REST APIs e backend profissional;Filtros e interceptors;M11.26.01;M11.26.04;4;Fundamento avançado e modelo mental | Implementação profissional orientada a produção | Casos de borda, falhas e troubleshooting | Desafio aplicado, revisão técnica e entrega;Filter, HandlerInterceptor, contexto e auditoria. Nesta sessão: entender funcionamento interno, limitações, impacto em backend e riscos. | Filter, HandlerInterceptor, contexto e auditoria. Nesta sessão: implementar solução com validação, erro, teste, configuração ou observabilidade quando aplicável. | Filter, HandlerInterceptor, contexto e auditoria. Nesta sessão: simular falhas, diagnosticar sintomas, medir comportamento e corrigir. | Filter, HandlerInterceptor, contexto e auditoria. Nesta sessão: entregar mini solução com README, evidência, teste, decisão técnica ou ADR.;Aula mentorada única cobrindo integralmente todas as sessões operacionais deste tópico macro.
305;305_M11_27_EVENTOS_INTERNOS_SPRING.md;M11;Spring Boot, REST APIs e backend profissional;Eventos internos Spring;M11.27.01;M11.27.04;4;Fundamento avançado e modelo mental | Implementação profissional orientada a produção | Casos de borda, falhas e troubleshooting | Desafio aplicado, revisão técnica e entrega;ApplicationEvent, listeners e desacoplamento. Nesta sessão: entender funcionamento interno, limitações, impacto em backend e riscos. | ApplicationEvent, listeners e desacoplamento. Nesta sessão: implementar solução com validação, erro, teste, configuração ou observabilidade quando aplicável. | ApplicationEvent, listeners e desacoplamento. Nesta sessão: simular falhas, diagnosticar sintomas, medir comportamento e corrigir. | ApplicationEvent, listeners e desacoplamento. Nesta sessão: entregar mini solução com README, evidência, teste, decisão técnica ou ADR.;Aula mentorada única cobrindo integralmente todas as sessões operacionais deste tópico macro.
306;306_M11_28_ASYNC_NO_SPRING.md;M11;Spring Boot, REST APIs e backend profissional;Async no Spring;M11.28.01;M11.28.04;4;Fundamento avançado e modelo mental | Implementação profissional orientada a produção | Casos de borda, falhas e troubleshooting | Desafio aplicado, revisão técnica e entrega;@Async, executor, limites e riscos. Nesta sessão: entender funcionamento interno, limitações, impacto em backend e riscos. | @Async, executor, limites e riscos. Nesta sessão: implementar solução com validação, erro, teste, configuração ou observabilidade quando aplicável. | @Async, executor, limites e riscos. Nesta sessão: simular falhas, diagnosticar sintomas, medir comportamento e corrigir. | @Async, executor, limites e riscos. Nesta sessão: entregar mini solução com README, evidência, teste, decisão técnica ou ADR.;Aula mentorada única cobrindo integralmente todas as sessões operacionais deste tópico macro.
307;307_M11_29_CACHE_COM_SPRING_REDIS.md;M11;Spring Boot, REST APIs e backend profissional;Cache com Spring/Redis;M11.29.01;M11.29.04;4;Fundamento avançado e modelo mental | Implementação profissional orientada a produção | Casos de borda, falhas e troubleshooting | Desafio aplicado, revisão técnica e entrega;@Cacheable, invalidação, TTL e cache stampede conceitual. Nesta sessão: entender funcionamento interno, limitações, impacto em backend e riscos. | @Cacheable, invalidação, TTL e cache stampede conceitual. Nesta sessão: implementar solução com validação, erro, teste, configuração ou observabilidade quando aplicável. | @Cacheable, invalidação, TTL e cache stampede conceitual. Nesta sessão: simular falhas, diagnosticar sintomas, medir comportamento e corrigir. | @Cacheable, invalidação, TTL e cache stampede conceitual. Nesta sessão: entregar mini solução com README, evidência, teste, decisão técnica ou ADR.;Aula mentorada única cobrindo integralmente todas as sessões operacionais deste tópico macro.
308;308_M11_30_RATE_LIMITING.md;M11;Spring Boot, REST APIs e backend profissional;Rate limiting;M11.30.01;M11.30.04;4;Fundamento avançado e modelo mental | Implementação profissional orientada a produção | Casos de borda, falhas e troubleshooting | Desafio aplicado, revisão técnica e entrega;limites, proteção, Bucket4j/resiliência e headers. Nesta sessão: entender funcionamento interno, limitações, impacto em backend e riscos. | limites, proteção, Bucket4j/resiliência e headers. Nesta sessão: implementar solução com validação, erro, teste, configuração ou observabilidade quando aplicável. | limites, proteção, Bucket4j/resiliência e headers. Nesta sessão: simular falhas, diagnosticar sintomas, medir comportamento e corrigir. | limites, proteção, Bucket4j/resiliência e headers. Nesta sessão: entregar mini solução com README, evidência, teste, decisão técnica ou ADR.;Aula mentorada única cobrindo integralmente todas as sessões operacionais deste tópico macro.
309;309_M11_31_UPLOAD_DOWNLOAD.md;M11;Spring Boot, REST APIs e backend profissional;Upload/download;M11.31.01;M11.31.04;4;Fundamento avançado e modelo mental | Implementação profissional orientada a produção | Casos de borda, falhas e troubleshooting | Desafio aplicado, revisão técnica e entrega;multipart, CSV, modelos, validação de arquivo e streaming. Nesta sessão: entender funcionamento interno, limitações, impacto em backend e riscos. | multipart, CSV, modelos, validação de arquivo e streaming. Nesta sessão: implementar solução com validação, erro, teste, configuração ou observabilidade quando aplicável. | multipart, CSV, modelos, validação de arquivo e streaming. Nesta sessão: simular falhas, diagnosticar sintomas, medir comportamento e corrigir. | multipart, CSV, modelos, validação de arquivo e streaming. Nesta sessão: entregar mini solução com README, evidência, teste, decisão técnica ou ADR.;Aula mentorada única cobrindo integralmente todas as sessões operacionais deste tópico macro.
310;310_M11_32_SCHEDULER.md;M11;Spring Boot, REST APIs e backend profissional;Scheduler;M11.32.01;M11.32.04;4;Fundamento avançado e modelo mental | Implementação profissional orientada a produção | Casos de borda, falhas e troubleshooting | Desafio aplicado, revisão técnica e entrega;@Scheduled, cron, idempotência e cuidado com cluster. Nesta sessão: entender funcionamento interno, limitações, impacto em backend e riscos. | @Scheduled, cron, idempotência e cuidado com cluster. Nesta sessão: implementar solução com validação, erro, teste, configuração ou observabilidade quando aplicável. | @Scheduled, cron, idempotência e cuidado com cluster. Nesta sessão: simular falhas, diagnosticar sintomas, medir comportamento e corrigir. | @Scheduled, cron, idempotência e cuidado com cluster. Nesta sessão: entregar mini solução com README, evidência, teste, decisão técnica ou ADR.;Aula mentorada única cobrindo integralmente todas as sessões operacionais deste tópico macro.
311;311_M11_33_TESTES_DE_CONTROLLER.md;M11;Spring Boot, REST APIs e backend profissional;Testes de controller;M11.33.01;M11.33.04;4;Fundamento avançado e modelo mental | Implementação profissional orientada a produção | Casos de borda, falhas e troubleshooting | Desafio aplicado, revisão técnica e entrega;MockMvc, JSON assertions, validação e status. Nesta sessão: entender funcionamento interno, limitações, impacto em backend e riscos. | MockMvc, JSON assertions, validação e status. Nesta sessão: implementar solução com validação, erro, teste, configuração ou observabilidade quando aplicável. | MockMvc, JSON assertions, validação e status. Nesta sessão: simular falhas, diagnosticar sintomas, medir comportamento e corrigir. | MockMvc, JSON assertions, validação e status. Nesta sessão: entregar mini solução com README, evidência, teste, decisão técnica ou ADR.;Aula mentorada única cobrindo integralmente todas as sessões operacionais deste tópico macro.
312;312_M11_34_TESTES_DE_INTEGRACAO_SPRING.md;M11;Spring Boot, REST APIs e backend profissional;Testes de integração Spring;M11.34.01;M11.34.04;4;Fundamento avançado e modelo mental | Implementação profissional orientada a produção | Casos de borda, falhas e troubleshooting | Desafio aplicado, revisão técnica e entrega;@SpringBootTest, Testcontainers, profile test e migrations. Nesta sessão: entender funcionamento interno, limitações, impacto em backend e riscos. | @SpringBootTest, Testcontainers, profile test e migrations. Nesta sessão: implementar solução com validação, erro, teste, configuração ou observabilidade quando aplicável. | @SpringBootTest, Testcontainers, profile test e migrations. Nesta sessão: simular falhas, diagnosticar sintomas, medir comportamento e corrigir. | @SpringBootTest, Testcontainers, profile test e migrations. Nesta sessão: entregar mini solução com README, evidência, teste, decisão técnica ou ADR.;Aula mentorada única cobrindo integralmente todas as sessões operacionais deste tópico macro.
313;313_M11_35_PROJETO_API_REST_DE_OS.md;M11;Spring Boot, REST APIs e backend profissional;Projeto API REST de OS;M11.35.01;M11.35.04;4;Fundamento avançado e modelo mental | Implementação profissional orientada a produção | Casos de borda, falhas e troubleshooting | Desafio aplicado, revisão técnica e entrega;clientes, produtos, OS, atividades, status, histórico, filtros, Swagger e testes. Nesta sessão: entender funcionamento interno, limitações, impacto em backend e riscos. | clientes, produtos, OS, atividades, status, histórico, filtros, Swagger e testes. Nesta sessão: implementar solução com validação, erro, teste, configuração ou observabilidade quando aplicável. | clientes, produtos, OS, atividades, status, histórico, filtros, Swagger e testes. Nesta sessão: simular falhas, diagnosticar sintomas, medir comportamento e corrigir. | clientes, produtos, OS, atividades, status, histórico, filtros, Swagger e testes. Nesta sessão: entregar mini solução com README, evidência, teste, decisão técnica ou ADR.;Aula mentorada única cobrindo integralmente todas as sessões operacionais deste tópico macro.
314;314_M12_01_FUNDAMENTOS_DE_SEGURANCA_WEB.md;M12;Segurança de aplicações Java;Fundamentos de segurança web;M12.01.01;M12.01.04;4;Fundamento avançado e modelo mental | Implementação profissional orientada a produção | Casos de borda, falhas e troubleshooting | Desafio aplicado, revisão técnica e entrega;autenticação, autorização, sessão, token, HTTPS e ameaça. Nesta sessão: entender funcionamento interno, limitações, impacto em backend e riscos. | autenticação, autorização, sessão, token, HTTPS e ameaça. Nesta sessão: implementar solução com validação, erro, teste, configuração ou observabilidade quando aplicável. | autenticação, autorização, sessão, token, HTTPS e ameaça. Nesta sessão: simular falhas, diagnosticar sintomas, medir comportamento e corrigir. | autenticação, autorização, sessão, token, HTTPS e ameaça. Nesta sessão: entregar mini solução com README, evidência, teste, decisão técnica ou ADR.;Aula mentorada única cobrindo integralmente todas as sessões operacionais deste tópico macro.
315;315_M12_02_THREAT_MODELING_INICIAL.md;M12;Segurança de aplicações Java;Threat modeling inicial;M12.02.01;M12.02.04;4;Fundamento avançado e modelo mental | Implementação profissional orientada a produção | Casos de borda, falhas e troubleshooting | Desafio aplicado, revisão técnica e entrega;ativos, ameaças, riscos, mitigação e priorização. Nesta sessão: entender funcionamento interno, limitações, impacto em backend e riscos. | ativos, ameaças, riscos, mitigação e priorização. Nesta sessão: implementar solução com validação, erro, teste, configuração ou observabilidade quando aplicável. | ativos, ameaças, riscos, mitigação e priorização. Nesta sessão: simular falhas, diagnosticar sintomas, medir comportamento e corrigir. | ativos, ameaças, riscos, mitigação e priorização. Nesta sessão: entregar mini solução com README, evidência, teste, decisão técnica ou ADR.;Aula mentorada única cobrindo integralmente todas as sessões operacionais deste tópico macro.
316;316_M12_03_OWASP_TOP_10_APLICADO.md;M12;Segurança de aplicações Java;OWASP Top 10 aplicado;M12.03.01;M12.03.04;4;Fundamento avançado e modelo mental | Implementação profissional orientada a produção | Casos de borda, falhas e troubleshooting | Desafio aplicado, revisão técnica e entrega;injection, broken access control, misconfiguration e logging. Nesta sessão: entender funcionamento interno, limitações, impacto em backend e riscos. | injection, broken access control, misconfiguration e logging. Nesta sessão: implementar solução com validação, erro, teste, configuração ou observabilidade quando aplicável. | injection, broken access control, misconfiguration e logging. Nesta sessão: simular falhas, diagnosticar sintomas, medir comportamento e corrigir. | injection, broken access control, misconfiguration e logging. Nesta sessão: entregar mini solução com README, evidência, teste, decisão técnica ou ADR.;Aula mentorada única cobrindo integralmente todas as sessões operacionais deste tópico macro.
317;317_M12_04_CORS.md;M12;Segurança de aplicações Java;CORS;M12.04.01;M12.04.04;4;Fundamento avançado e modelo mental | Implementação profissional orientada a produção | Casos de borda, falhas e troubleshooting | Desafio aplicado, revisão técnica e entrega;origem, preflight, headers, riscos e configuração correta. Nesta sessão: entender funcionamento interno, limitações, impacto em backend e riscos. | origem, preflight, headers, riscos e configuração correta. Nesta sessão: implementar solução com validação, erro, teste, configuração ou observabilidade quando aplicável. | origem, preflight, headers, riscos e configuração correta. Nesta sessão: simular falhas, diagnosticar sintomas, medir comportamento e corrigir. | origem, preflight, headers, riscos e configuração correta. Nesta sessão: entregar mini solução com README, evidência, teste, decisão técnica ou ADR.;Aula mentorada única cobrindo integralmente todas as sessões operacionais deste tópico macro.
318;318_M12_05_CSRF.md;M12;Segurança de aplicações Java;CSRF;M12.05.01;M12.05.04;4;Fundamento avançado e modelo mental | Implementação profissional orientada a produção | Casos de borda, falhas e troubleshooting | Desafio aplicado, revisão técnica e entrega;quando importa, API stateless, cookies e mitigação. Nesta sessão: entender funcionamento interno, limitações, impacto em backend e riscos. | quando importa, API stateless, cookies e mitigação. Nesta sessão: implementar solução com validação, erro, teste, configuração ou observabilidade quando aplicável. | quando importa, API stateless, cookies e mitigação. Nesta sessão: simular falhas, diagnosticar sintomas, medir comportamento e corrigir. | quando importa, API stateless, cookies e mitigação. Nesta sessão: entregar mini solução com README, evidência, teste, decisão técnica ou ADR.;Aula mentorada única cobrindo integralmente todas as sessões operacionais deste tópico macro.
319;319_M12_06_HEADERS_DE_SEGURANCA.md;M12;Segurança de aplicações Java;Headers de segurança;M12.06.01;M12.06.04;4;Fundamento avançado e modelo mental | Implementação profissional orientada a produção | Casos de borda, falhas e troubleshooting | Desafio aplicado, revisão técnica e entrega;HSTS, CSP conceitual, X-Content-Type, X-Frame e proteção. Nesta sessão: entender funcionamento interno, limitações, impacto em backend e riscos. | HSTS, CSP conceitual, X-Content-Type, X-Frame e proteção. Nesta sessão: implementar solução com validação, erro, teste, configuração ou observabilidade quando aplicável. | HSTS, CSP conceitual, X-Content-Type, X-Frame e proteção. Nesta sessão: simular falhas, diagnosticar sintomas, medir comportamento e corrigir. | HSTS, CSP conceitual, X-Content-Type, X-Frame e proteção. Nesta sessão: entregar mini solução com README, evidência, teste, decisão técnica ou ADR.;Aula mentorada única cobrindo integralmente todas as sessões operacionais deste tópico macro.
320;320_M12_07_HASH_DE_SENHA.md;M12;Segurança de aplicações Java;Hash de senha;M12.07.01;M12.07.04;4;Fundamento avançado e modelo mental | Implementação profissional orientada a produção | Casos de borda, falhas e troubleshooting | Desafio aplicado, revisão técnica e entrega;BCrypt, salt, nunca guardar senha pura e migração. Nesta sessão: entender funcionamento interno, limitações, impacto em backend e riscos. | BCrypt, salt, nunca guardar senha pura e migração. Nesta sessão: implementar solução com validação, erro, teste, configuração ou observabilidade quando aplicável. | BCrypt, salt, nunca guardar senha pura e migração. Nesta sessão: simular falhas, diagnosticar sintomas, medir comportamento e corrigir. | BCrypt, salt, nunca guardar senha pura e migração. Nesta sessão: entregar mini solução com README, evidência, teste, decisão técnica ou ADR.;Aula mentorada única cobrindo integralmente todas as sessões operacionais deste tópico macro.
321;321_M12_08_SPRING_SECURITY_ARQUITETURA.md;M12;Segurança de aplicações Java;Spring Security arquitetura;M12.08.01;M12.08.04;4;Fundamento avançado e modelo mental | Implementação profissional orientada a produção | Casos de borda, falhas e troubleshooting | Desafio aplicado, revisão técnica e entrega;SecurityFilterChain, filtros, Authentication e Authorization. Nesta sessão: entender funcionamento interno, limitações, impacto em backend e riscos. | SecurityFilterChain, filtros, Authentication e Authorization. Nesta sessão: implementar solução com validação, erro, teste, configuração ou observabilidade quando aplicável. | SecurityFilterChain, filtros, Authentication e Authorization. Nesta sessão: simular falhas, diagnosticar sintomas, medir comportamento e corrigir. | SecurityFilterChain, filtros, Authentication e Authorization. Nesta sessão: entregar mini solução com README, evidência, teste, decisão técnica ou ADR.;Aula mentorada única cobrindo integralmente todas as sessões operacionais deste tópico macro.
322;322_M12_09_LOGIN_BASICO_E_USUARIO_EM_MEMORIA.md;M12;Segurança de aplicações Java;Login básico e usuário em memória;M12.09.01;M12.09.04;4;Fundamento avançado e modelo mental | Implementação profissional orientada a produção | Casos de borda, falhas e troubleshooting | Desafio aplicado, revisão técnica e entrega;primeira proteção e fluxo. Nesta sessão: entender funcionamento interno, limitações, impacto em backend e riscos. | primeira proteção e fluxo. Nesta sessão: implementar solução com validação, erro, teste, configuração ou observabilidade quando aplicável. | primeira proteção e fluxo. Nesta sessão: simular falhas, diagnosticar sintomas, medir comportamento e corrigir. | primeira proteção e fluxo. Nesta sessão: entregar mini solução com README, evidência, teste, decisão técnica ou ADR.;Aula mentorada única cobrindo integralmente todas as sessões operacionais deste tópico macro.
323;323_M12_10_JWT_PROFUNDO.md;M12;Segurança de aplicações Java;JWT profundo;M12.10.01;M12.10.04;4;Fundamento avançado e modelo mental | Implementação profissional orientada a produção | Casos de borda, falhas e troubleshooting | Desafio aplicado, revisão técnica e entrega;header, payload, assinatura, claims, expiração e validação. Nesta sessão: entender funcionamento interno, limitações, impacto em backend e riscos. | header, payload, assinatura, claims, expiração e validação. Nesta sessão: implementar solução com validação, erro, teste, configuração ou observabilidade quando aplicável. | header, payload, assinatura, claims, expiração e validação. Nesta sessão: simular falhas, diagnosticar sintomas, medir comportamento e corrigir. | header, payload, assinatura, claims, expiração e validação. Nesta sessão: entregar mini solução com README, evidência, teste, decisão técnica ou ADR.;Aula mentorada única cobrindo integralmente todas as sessões operacionais deste tópico macro.
324;324_M12_11_REFRESH_TOKEN.md;M12;Segurança de aplicações Java;Refresh token;M12.11.01;M12.11.04;4;Fundamento avançado e modelo mental | Implementação profissional orientada a produção | Casos de borda, falhas e troubleshooting | Desafio aplicado, revisão técnica e entrega;renovação, rotação, revogação e armazenamento seguro. Nesta sessão: entender funcionamento interno, limitações, impacto em backend e riscos. | renovação, rotação, revogação e armazenamento seguro. Nesta sessão: implementar solução com validação, erro, teste, configuração ou observabilidade quando aplicável. | renovação, rotação, revogação e armazenamento seguro. Nesta sessão: simular falhas, diagnosticar sintomas, medir comportamento e corrigir. | renovação, rotação, revogação e armazenamento seguro. Nesta sessão: entregar mini solução com README, evidência, teste, decisão técnica ou ADR.;Aula mentorada única cobrindo integralmente todas as sessões operacionais deste tópico macro.
325;325_M12_12_ROLES_E_AUTHORITIES.md;M12;Segurança de aplicações Java;Roles e authorities;M12.12.01;M12.12.04;4;Fundamento avançado e modelo mental | Implementação profissional orientada a produção | Casos de borda, falhas e troubleshooting | Desafio aplicado, revisão técnica e entrega;ROLE_ADMIN, permissões finas e method security. Nesta sessão: entender funcionamento interno, limitações, impacto em backend e riscos. | ROLE_ADMIN, permissões finas e method security. Nesta sessão: implementar solução com validação, erro, teste, configuração ou observabilidade quando aplicável. | ROLE_ADMIN, permissões finas e method security. Nesta sessão: simular falhas, diagnosticar sintomas, medir comportamento e corrigir. | ROLE_ADMIN, permissões finas e method security. Nesta sessão: entregar mini solução com README, evidência, teste, decisão técnica ou ADR.;Aula mentorada única cobrindo integralmente todas as sessões operacionais deste tópico macro.
326;326_M12_13_AUTORIZACAO_POR_REGRA_DE_NEGOCIO.md;M12;Segurança de aplicações Java;Autorização por regra de negócio;M12.13.01;M12.13.04;4;Fundamento avançado e modelo mental | Implementação profissional orientada a produção | Casos de borda, falhas e troubleshooting | Desafio aplicado, revisão técnica e entrega;dono do recurso, tenant, status e validação no service. Nesta sessão: entender funcionamento interno, limitações, impacto em backend e riscos. | dono do recurso, tenant, status e validação no service. Nesta sessão: implementar solução com validação, erro, teste, configuração ou observabilidade quando aplicável. | dono do recurso, tenant, status e validação no service. Nesta sessão: simular falhas, diagnosticar sintomas, medir comportamento e corrigir. | dono do recurso, tenant, status e validação no service. Nesta sessão: entregar mini solução com README, evidência, teste, decisão técnica ou ADR.;Aula mentorada única cobrindo integralmente todas as sessões operacionais deste tópico macro.
327;327_M12_14_OAUTH2_E_OPENID_CONNECT.md;M12;Segurança de aplicações Java;OAuth2 e OpenID Connect;M12.14.01;M12.14.04;4;Fundamento avançado e modelo mental | Implementação profissional orientada a produção | Casos de borda, falhas e troubleshooting | Desafio aplicado, revisão técnica e entrega;authorization code, client, provider, scopes e ID token. Nesta sessão: entender funcionamento interno, limitações, impacto em backend e riscos. | authorization code, client, provider, scopes e ID token. Nesta sessão: implementar solução com validação, erro, teste, configuração ou observabilidade quando aplicável. | authorization code, client, provider, scopes e ID token. Nesta sessão: simular falhas, diagnosticar sintomas, medir comportamento e corrigir. | authorization code, client, provider, scopes e ID token. Nesta sessão: entregar mini solução com README, evidência, teste, decisão técnica ou ADR.;Aula mentorada única cobrindo integralmente todas as sessões operacionais deste tópico macro.
328;328_M12_15_PKCE.md;M12;Segurança de aplicações Java;PKCE;M12.15.01;M12.15.04;4;Fundamento avançado e modelo mental | Implementação profissional orientada a produção | Casos de borda, falhas e troubleshooting | Desafio aplicado, revisão técnica e entrega;proteção em clients públicos e fluxo moderno. Nesta sessão: entender funcionamento interno, limitações, impacto em backend e riscos. | proteção em clients públicos e fluxo moderno. Nesta sessão: implementar solução com validação, erro, teste, configuração ou observabilidade quando aplicável. | proteção em clients públicos e fluxo moderno. Nesta sessão: simular falhas, diagnosticar sintomas, medir comportamento e corrigir. | proteção em clients públicos e fluxo moderno. Nesta sessão: entregar mini solução com README, evidência, teste, decisão técnica ou ADR.;Aula mentorada única cobrindo integralmente todas as sessões operacionais deste tópico macro.
329;329_M12_16_KEYCLOAK.md;M12;Segurança de aplicações Java;Keycloak;M12.16.01;M12.16.04;4;Fundamento avançado e modelo mental | Implementação profissional orientada a produção | Casos de borda, falhas e troubleshooting | Desafio aplicado, revisão técnica e entrega;realm, client, users, roles, integração e testes. Nesta sessão: entender funcionamento interno, limitações, impacto em backend e riscos. | realm, client, users, roles, integração e testes. Nesta sessão: implementar solução com validação, erro, teste, configuração ou observabilidade quando aplicável. | realm, client, users, roles, integração e testes. Nesta sessão: simular falhas, diagnosticar sintomas, medir comportamento e corrigir. | realm, client, users, roles, integração e testes. Nesta sessão: entregar mini solução com README, evidência, teste, decisão técnica ou ADR.;Aula mentorada única cobrindo integralmente todas as sessões operacionais deste tópico macro.
330;330_M12_17_SECRETS_MANAGEMENT.md;M12;Segurança de aplicações Java;Secrets management;M12.17.01;M12.17.04;4;Fundamento avançado e modelo mental | Implementação profissional orientada a produção | Casos de borda, falhas e troubleshooting | Desafio aplicado, revisão técnica e entrega;variáveis, vault conceitual, nunca commitar segredo. Nesta sessão: entender funcionamento interno, limitações, impacto em backend e riscos. | variáveis, vault conceitual, nunca commitar segredo. Nesta sessão: implementar solução com validação, erro, teste, configuração ou observabilidade quando aplicável. | variáveis, vault conceitual, nunca commitar segredo. Nesta sessão: simular falhas, diagnosticar sintomas, medir comportamento e corrigir. | variáveis, vault conceitual, nunca commitar segredo. Nesta sessão: entregar mini solução com README, evidência, teste, decisão técnica ou ADR.;Aula mentorada única cobrindo integralmente todas as sessões operacionais deste tópico macro.
331;331_M12_18_AUDITORIA.md;M12;Segurança de aplicações Java;Auditoria;M12.18.01;M12.18.04;4;Fundamento avançado e modelo mental | Implementação profissional orientada a produção | Casos de borda, falhas e troubleshooting | Desafio aplicado, revisão técnica e entrega;quem fez, quando fez, antes/depois, IP, traceId e trilha. Nesta sessão: entender funcionamento interno, limitações, impacto em backend e riscos. | quem fez, quando fez, antes/depois, IP, traceId e trilha. Nesta sessão: implementar solução com validação, erro, teste, configuração ou observabilidade quando aplicável. | quem fez, quando fez, antes/depois, IP, traceId e trilha. Nesta sessão: simular falhas, diagnosticar sintomas, medir comportamento e corrigir. | quem fez, quando fez, antes/depois, IP, traceId e trilha. Nesta sessão: entregar mini solução com README, evidência, teste, decisão técnica ou ADR.;Aula mentorada única cobrindo integralmente todas as sessões operacionais deste tópico macro.
332;332_M12_19_LGPD_BASICA_PARA_BACKEND.md;M12;Segurança de aplicações Java;LGPD básica para backend;M12.19.01;M12.19.04;4;Fundamento avançado e modelo mental | Implementação profissional orientada a produção | Casos de borda, falhas e troubleshooting | Desafio aplicado, revisão técnica e entrega;dados pessoais, minimização, consentimento, retenção e logs. Nesta sessão: entender funcionamento interno, limitações, impacto em backend e riscos. | dados pessoais, minimização, consentimento, retenção e logs. Nesta sessão: implementar solução com validação, erro, teste, configuração ou observabilidade quando aplicável. | dados pessoais, minimização, consentimento, retenção e logs. Nesta sessão: simular falhas, diagnosticar sintomas, medir comportamento e corrigir. | dados pessoais, minimização, consentimento, retenção e logs. Nesta sessão: entregar mini solução com README, evidência, teste, decisão técnica ou ADR.;Aula mentorada única cobrindo integralmente todas as sessões operacionais deste tópico macro.
333;333_M12_20_MULTI_TENANCY_SEGURANCA.md;M12;Segurança de aplicações Java;Multi-tenancy segurança;M12.20.01;M12.20.04;4;Fundamento avançado e modelo mental | Implementação profissional orientada a produção | Casos de borda, falhas e troubleshooting | Desafio aplicado, revisão técnica e entrega;isolamento por cliente, filtro e risco de vazamento. Nesta sessão: entender funcionamento interno, limitações, impacto em backend e riscos. | isolamento por cliente, filtro e risco de vazamento. Nesta sessão: implementar solução com validação, erro, teste, configuração ou observabilidade quando aplicável. | isolamento por cliente, filtro e risco de vazamento. Nesta sessão: simular falhas, diagnosticar sintomas, medir comportamento e corrigir. | isolamento por cliente, filtro e risco de vazamento. Nesta sessão: entregar mini solução com README, evidência, teste, decisão técnica ou ADR.;Aula mentorada única cobrindo integralmente todas as sessões operacionais deste tópico macro.
334;334_M12_21_TESTES_DE_SEGURANCA.md;M12;Segurança de aplicações Java;Testes de segurança;M12.21.01;M12.21.04;4;Fundamento avançado e modelo mental | Implementação profissional orientada a produção | Casos de borda, falhas e troubleshooting | Desafio aplicado, revisão técnica e entrega;endpoints protegidos, roles, token inválido e regressões. Nesta sessão: entender funcionamento interno, limitações, impacto em backend e riscos. | endpoints protegidos, roles, token inválido e regressões. Nesta sessão: implementar solução com validação, erro, teste, configuração ou observabilidade quando aplicável. | endpoints protegidos, roles, token inválido e regressões. Nesta sessão: simular falhas, diagnosticar sintomas, medir comportamento e corrigir. | endpoints protegidos, roles, token inválido e regressões. Nesta sessão: entregar mini solução com README, evidência, teste, decisão técnica ou ADR.;Aula mentorada única cobrindo integralmente todas as sessões operacionais deste tópico macro.
335;335_M12_22_PROJETO_API_SEGURA.md;M12;Segurança de aplicações Java;Projeto API segura;M12.22.01;M12.22.04;4;Fundamento avançado e modelo mental | Implementação profissional orientada a produção | Casos de borda, falhas e troubleshooting | Desafio aplicado, revisão técnica e entrega;JWT/OIDC, roles, auditoria, testes e documentação. Nesta sessão: entender funcionamento interno, limitações, impacto em backend e riscos. | JWT/OIDC, roles, auditoria, testes e documentação. Nesta sessão: implementar solução com validação, erro, teste, configuração ou observabilidade quando aplicável. | JWT/OIDC, roles, auditoria, testes e documentação. Nesta sessão: simular falhas, diagnosticar sintomas, medir comportamento e corrigir. | JWT/OIDC, roles, auditoria, testes e documentação. Nesta sessão: entregar mini solução com README, evidência, teste, decisão técnica ou ADR.;Aula mentorada única cobrindo integralmente todas as sessões operacionais deste tópico macro.
336;336_M13_01_CONSUMO_DE_APIS_EXTERNAS.md;M13;Integrações, arquivos, mensageria, eventos e resiliência;Consumo de APIs externas;M13.01.01;M13.01.04;4;Fundamento avançado e modelo mental | Implementação profissional orientada a produção | Casos de borda, falhas e troubleshooting | Desafio aplicado, revisão técnica e entrega;RestClient/WebClient, DTO externo, status e erro. Nesta sessão: entender funcionamento interno, limitações, impacto em backend e riscos. | RestClient/WebClient, DTO externo, status e erro. Nesta sessão: implementar solução com validação, erro, teste, configuração ou observabilidade quando aplicável. | RestClient/WebClient, DTO externo, status e erro. Nesta sessão: simular falhas, diagnosticar sintomas, medir comportamento e corrigir. | RestClient/WebClient, DTO externo, status e erro. Nesta sessão: entregar mini solução com README, evidência, teste, decisão técnica ou ADR.;Aula mentorada única cobrindo integralmente todas as sessões operacionais deste tópico macro.
337;337_M13_02_TIMEOUT.md;M13;Integrações, arquivos, mensageria, eventos e resiliência;Timeout;M13.02.01;M13.02.04;4;Fundamento avançado e modelo mental | Implementação profissional orientada a produção | Casos de borda, falhas e troubleshooting | Desafio aplicado, revisão técnica e entrega;connect/read timeout, tempo máximo e efeito em threads. Nesta sessão: entender funcionamento interno, limitações, impacto em backend e riscos. | connect/read timeout, tempo máximo e efeito em threads. Nesta sessão: implementar solução com validação, erro, teste, configuração ou observabilidade quando aplicável. | connect/read timeout, tempo máximo e efeito em threads. Nesta sessão: simular falhas, diagnosticar sintomas, medir comportamento e corrigir. | connect/read timeout, tempo máximo e efeito em threads. Nesta sessão: entregar mini solução com README, evidência, teste, decisão técnica ou ADR.;Aula mentorada única cobrindo integralmente todas as sessões operacionais deste tópico macro.
338;338_M13_03_RETRY_COM_BACKOFF.md;M13;Integrações, arquivos, mensageria, eventos e resiliência;Retry com backoff;M13.03.01;M13.03.04;4;Fundamento avançado e modelo mental | Implementação profissional orientada a produção | Casos de borda, falhas e troubleshooting | Desafio aplicado, revisão técnica e entrega;falha transitória, tentativas, jitter e limites. Nesta sessão: entender funcionamento interno, limitações, impacto em backend e riscos. | falha transitória, tentativas, jitter e limites. Nesta sessão: implementar solução com validação, erro, teste, configuração ou observabilidade quando aplicável. | falha transitória, tentativas, jitter e limites. Nesta sessão: simular falhas, diagnosticar sintomas, medir comportamento e corrigir. | falha transitória, tentativas, jitter e limites. Nesta sessão: entregar mini solução com README, evidência, teste, decisão técnica ou ADR.;Aula mentorada única cobrindo integralmente todas as sessões operacionais deste tópico macro.
339;339_M13_04_CIRCUIT_BREAKER.md;M13;Integrações, arquivos, mensageria, eventos e resiliência;Circuit breaker;M13.04.01;M13.04.04;4;Fundamento avançado e modelo mental | Implementação profissional orientada a produção | Casos de borda, falhas e troubleshooting | Desafio aplicado, revisão técnica e entrega;falhas em cascata, estados, resiliência e fallback. Nesta sessão: entender funcionamento interno, limitações, impacto em backend e riscos. | falhas em cascata, estados, resiliência e fallback. Nesta sessão: implementar solução com validação, erro, teste, configuração ou observabilidade quando aplicável. | falhas em cascata, estados, resiliência e fallback. Nesta sessão: simular falhas, diagnosticar sintomas, medir comportamento e corrigir. | falhas em cascata, estados, resiliência e fallback. Nesta sessão: entregar mini solução com README, evidência, teste, decisão técnica ou ADR.;Aula mentorada única cobrindo integralmente todas as sessões operacionais deste tópico macro.
340;340_M13_05_BULKHEAD_E_ISOLAMENTO.md;M13;Integrações, arquivos, mensageria, eventos e resiliência;Bulkhead e isolamento;M13.05.01;M13.05.04;4;Fundamento avançado e modelo mental | Implementação profissional orientada a produção | Casos de borda, falhas e troubleshooting | Desafio aplicado, revisão técnica e entrega;limitar recursos, pools e proteção. Nesta sessão: entender funcionamento interno, limitações, impacto em backend e riscos. | limitar recursos, pools e proteção. Nesta sessão: implementar solução com validação, erro, teste, configuração ou observabilidade quando aplicável. | limitar recursos, pools e proteção. Nesta sessão: simular falhas, diagnosticar sintomas, medir comportamento e corrigir. | limitar recursos, pools e proteção. Nesta sessão: entregar mini solução com README, evidência, teste, decisão técnica ou ADR.;Aula mentorada única cobrindo integralmente todas as sessões operacionais deste tópico macro.
341;341_M13_06_IDEMPOTENCIA_EM_APIS.md;M13;Integrações, arquivos, mensageria, eventos e resiliência;Idempotência em APIs;M13.06.01;M13.06.04;4;Fundamento avançado e modelo mental | Implementação profissional orientada a produção | Casos de borda, falhas e troubleshooting | Desafio aplicado, revisão técnica e entrega;chave idempotente, duplicidade, replay e armazenamento. Nesta sessão: entender funcionamento interno, limitações, impacto em backend e riscos. | chave idempotente, duplicidade, replay e armazenamento. Nesta sessão: implementar solução com validação, erro, teste, configuração ou observabilidade quando aplicável. | chave idempotente, duplicidade, replay e armazenamento. Nesta sessão: simular falhas, diagnosticar sintomas, medir comportamento e corrigir. | chave idempotente, duplicidade, replay e armazenamento. Nesta sessão: entregar mini solução com README, evidência, teste, decisão técnica ou ADR.;Aula mentorada única cobrindo integralmente todas as sessões operacionais deste tópico macro.
342;342_M13_07_WEBHOOKS.md;M13;Integrações, arquivos, mensageria, eventos e resiliência;Webhooks;M13.07.01;M13.07.04;4;Fundamento avançado e modelo mental | Implementação profissional orientada a produção | Casos de borda, falhas e troubleshooting | Desafio aplicado, revisão técnica e entrega;assinatura, retries, validação, segurança e idempotência. Nesta sessão: entender funcionamento interno, limitações, impacto em backend e riscos. | assinatura, retries, validação, segurança e idempotência. Nesta sessão: implementar solução com validação, erro, teste, configuração ou observabilidade quando aplicável. | assinatura, retries, validação, segurança e idempotência. Nesta sessão: simular falhas, diagnosticar sintomas, medir comportamento e corrigir. | assinatura, retries, validação, segurança e idempotência. Nesta sessão: entregar mini solução com README, evidência, teste, decisão técnica ou ADR.;Aula mentorada única cobrindo integralmente todas as sessões operacionais deste tópico macro.
343;343_M13_08_INTEGRACAO_SOAP.md;M13;Integrações, arquivos, mensageria, eventos e resiliência;Integração SOAP;M13.08.01;M13.08.04;4;Fundamento avançado e modelo mental | Implementação profissional orientada a produção | Casos de borda, falhas e troubleshooting | Desafio aplicado, revisão técnica e entrega;WSDL, XML, envelope, legado e ferramentas. Nesta sessão: entender funcionamento interno, limitações, impacto em backend e riscos. | WSDL, XML, envelope, legado e ferramentas. Nesta sessão: implementar solução com validação, erro, teste, configuração ou observabilidade quando aplicável. | WSDL, XML, envelope, legado e ferramentas. Nesta sessão: simular falhas, diagnosticar sintomas, medir comportamento e corrigir. | WSDL, XML, envelope, legado e ferramentas. Nesta sessão: entregar mini solução com README, evidência, teste, decisão técnica ou ADR.;Aula mentorada única cobrindo integralmente todas as sessões operacionais deste tópico macro.
344;344_M13_09_XML.md;M13;Integrações, arquivos, mensageria, eventos e resiliência;XML;M13.09.01;M13.09.04;4;Fundamento avançado e modelo mental | Implementação profissional orientada a produção | Casos de borda, falhas e troubleshooting | Desafio aplicado, revisão técnica e entrega;parsing, validação, namespaces e uso corporativo. Nesta sessão: entender funcionamento interno, limitações, impacto em backend e riscos. | parsing, validação, namespaces e uso corporativo. Nesta sessão: implementar solução com validação, erro, teste, configuração ou observabilidade quando aplicável. | parsing, validação, namespaces e uso corporativo. Nesta sessão: simular falhas, diagnosticar sintomas, medir comportamento e corrigir. | parsing, validação, namespaces e uso corporativo. Nesta sessão: entregar mini solução com README, evidência, teste, decisão técnica ou ADR.;Aula mentorada única cobrindo integralmente todas as sessões operacionais deste tópico macro.
345;345_M13_10_CSV.md;M13;Integrações, arquivos, mensageria, eventos e resiliência;CSV;M13.10.01;M13.10.04;4;Fundamento avançado e modelo mental | Implementação profissional orientada a produção | Casos de borda, falhas e troubleshooting | Desafio aplicado, revisão técnica e entrega;importação, delimitador, encoding, validação linha a linha. Nesta sessão: entender funcionamento interno, limitações, impacto em backend e riscos. | importação, delimitador, encoding, validação linha a linha. Nesta sessão: implementar solução com validação, erro, teste, configuração ou observabilidade quando aplicável. | importação, delimitador, encoding, validação linha a linha. Nesta sessão: simular falhas, diagnosticar sintomas, medir comportamento e corrigir. | importação, delimitador, encoding, validação linha a linha. Nesta sessão: entregar mini solução com README, evidência, teste, decisão técnica ou ADR.;Aula mentorada única cobrindo integralmente todas as sessões operacionais deste tópico macro.
346;346_M13_11_SFTP.md;M13;Integrações, arquivos, mensageria, eventos e resiliência;SFTP;M13.11.01;M13.11.04;4;Fundamento avançado e modelo mental | Implementação profissional orientada a produção | Casos de borda, falhas e troubleshooting | Desafio aplicado, revisão técnica e entrega;arquivos batch, segurança, diretórios e reprocessamento. Nesta sessão: entender funcionamento interno, limitações, impacto em backend e riscos. | arquivos batch, segurança, diretórios e reprocessamento. Nesta sessão: implementar solução com validação, erro, teste, configuração ou observabilidade quando aplicável. | arquivos batch, segurança, diretórios e reprocessamento. Nesta sessão: simular falhas, diagnosticar sintomas, medir comportamento e corrigir. | arquivos batch, segurança, diretórios e reprocessamento. Nesta sessão: entregar mini solução com README, evidência, teste, decisão técnica ou ADR.;Aula mentorada única cobrindo integralmente todas as sessões operacionais deste tópico macro.
347;347_M13_12_JOBS_BATCH.md;M13;Integrações, arquivos, mensageria, eventos e resiliência;Jobs batch;M13.12.01;M13.12.04;4;Fundamento avançado e modelo mental | Implementação profissional orientada a produção | Casos de borda, falhas e troubleshooting | Desafio aplicado, revisão técnica e entrega;leitura, processamento, escrita, checkpoint e falhas. Nesta sessão: entender funcionamento interno, limitações, impacto em backend e riscos. | leitura, processamento, escrita, checkpoint e falhas. Nesta sessão: implementar solução com validação, erro, teste, configuração ou observabilidade quando aplicável. | leitura, processamento, escrita, checkpoint e falhas. Nesta sessão: simular falhas, diagnosticar sintomas, medir comportamento e corrigir. | leitura, processamento, escrita, checkpoint e falhas. Nesta sessão: entregar mini solução com README, evidência, teste, decisão técnica ou ADR.;Aula mentorada única cobrindo integralmente todas as sessões operacionais deste tópico macro.
348;348_M13_13_RABBITMQ_FUNDAMENTOS.md;M13;Integrações, arquivos, mensageria, eventos e resiliência;RabbitMQ fundamentos;M13.13.01;M13.13.04;4;Fundamento avançado e modelo mental | Implementação profissional orientada a produção | Casos de borda, falhas e troubleshooting | Desafio aplicado, revisão técnica e entrega;exchange, queue, binding, routing key, ack e DLQ. Nesta sessão: entender funcionamento interno, limitações, impacto em backend e riscos. | exchange, queue, binding, routing key, ack e DLQ. Nesta sessão: implementar solução com validação, erro, teste, configuração ou observabilidade quando aplicável. | exchange, queue, binding, routing key, ack e DLQ. Nesta sessão: simular falhas, diagnosticar sintomas, medir comportamento e corrigir. | exchange, queue, binding, routing key, ack e DLQ. Nesta sessão: entregar mini solução com README, evidência, teste, decisão técnica ou ADR.;Aula mentorada única cobrindo integralmente todas as sessões operacionais deste tópico macro.
349;349_M13_14_KAFKA_FUNDAMENTOS.md;M13;Integrações, arquivos, mensageria, eventos e resiliência;Kafka fundamentos;M13.14.01;M13.14.04;4;Fundamento avançado e modelo mental | Implementação profissional orientada a produção | Casos de borda, falhas e troubleshooting | Desafio aplicado, revisão técnica e entrega;topic, partition, offset, consumer group e retenção. Nesta sessão: entender funcionamento interno, limitações, impacto em backend e riscos. | topic, partition, offset, consumer group e retenção. Nesta sessão: implementar solução com validação, erro, teste, configuração ou observabilidade quando aplicável. | topic, partition, offset, consumer group e retenção. Nesta sessão: simular falhas, diagnosticar sintomas, medir comportamento e corrigir. | topic, partition, offset, consumer group e retenção. Nesta sessão: entregar mini solução com README, evidência, teste, decisão técnica ou ADR.;Aula mentorada única cobrindo integralmente todas as sessões operacionais deste tópico macro.
350;350_M13_15_RABBIT_VS_KAFKA.md;M13;Integrações, arquivos, mensageria, eventos e resiliência;Rabbit vs Kafka;M13.15.01;M13.15.04;4;Fundamento avançado e modelo mental | Implementação profissional orientada a produção | Casos de borda, falhas e troubleshooting | Desafio aplicado, revisão técnica e entrega;comando/evento, fila/work queue, log distribuído e trade-offs. Nesta sessão: entender funcionamento interno, limitações, impacto em backend e riscos. | comando/evento, fila/work queue, log distribuído e trade-offs. Nesta sessão: implementar solução com validação, erro, teste, configuração ou observabilidade quando aplicável. | comando/evento, fila/work queue, log distribuído e trade-offs. Nesta sessão: simular falhas, diagnosticar sintomas, medir comportamento e corrigir. | comando/evento, fila/work queue, log distribuído e trade-offs. Nesta sessão: entregar mini solução com README, evidência, teste, decisão técnica ou ADR.;Aula mentorada única cobrindo integralmente todas as sessões operacionais deste tópico macro.
351;351_M13_16_EVENTOS_DE_DOMINIO.md;M13;Integrações, arquivos, mensageria, eventos e resiliência;Eventos de domínio;M13.16.01;M13.16.04;4;Fundamento avançado e modelo mental | Implementação profissional orientada a produção | Casos de borda, falhas e troubleshooting | Desafio aplicado, revisão técnica e entrega;nome, payload, versionamento e semântica. Nesta sessão: entender funcionamento interno, limitações, impacto em backend e riscos. | nome, payload, versionamento e semântica. Nesta sessão: implementar solução com validação, erro, teste, configuração ou observabilidade quando aplicável. | nome, payload, versionamento e semântica. Nesta sessão: simular falhas, diagnosticar sintomas, medir comportamento e corrigir. | nome, payload, versionamento e semântica. Nesta sessão: entregar mini solução com README, evidência, teste, decisão técnica ou ADR.;Aula mentorada única cobrindo integralmente todas as sessões operacionais deste tópico macro.
352;352_M13_17_SCHEMA_EVOLUTION.md;M13;Integrações, arquivos, mensageria, eventos e resiliência;Schema evolution;M13.17.01;M13.17.04;4;Fundamento avançado e modelo mental | Implementação profissional orientada a produção | Casos de borda, falhas e troubleshooting | Desafio aplicado, revisão técnica e entrega;compatibilidade, versionamento de contrato e consumidores. Nesta sessão: entender funcionamento interno, limitações, impacto em backend e riscos. | compatibilidade, versionamento de contrato e consumidores. Nesta sessão: implementar solução com validação, erro, teste, configuração ou observabilidade quando aplicável. | compatibilidade, versionamento de contrato e consumidores. Nesta sessão: simular falhas, diagnosticar sintomas, medir comportamento e corrigir. | compatibilidade, versionamento de contrato e consumidores. Nesta sessão: entregar mini solução com README, evidência, teste, decisão técnica ou ADR.;Aula mentorada única cobrindo integralmente todas as sessões operacionais deste tópico macro.
353;353_M13_18_SCHEMA_REGISTRY_CONCEITUAL.md;M13;Integrações, arquivos, mensageria, eventos e resiliência;Schema Registry conceitual;M13.18.01;M13.18.04;4;Fundamento avançado e modelo mental | Implementação profissional orientada a produção | Casos de borda, falhas e troubleshooting | Desafio aplicado, revisão técnica e entrega;Avro/JSON schema, compatibilidade e governança. Nesta sessão: entender funcionamento interno, limitações, impacto em backend e riscos. | Avro/JSON schema, compatibilidade e governança. Nesta sessão: implementar solução com validação, erro, teste, configuração ou observabilidade quando aplicável. | Avro/JSON schema, compatibilidade e governança. Nesta sessão: simular falhas, diagnosticar sintomas, medir comportamento e corrigir. | Avro/JSON schema, compatibilidade e governança. Nesta sessão: entregar mini solução com README, evidência, teste, decisão técnica ou ADR.;Aula mentorada única cobrindo integralmente todas as sessões operacionais deste tópico macro.
354;354_M13_19_POISON_MESSAGE.md;M13;Integrações, arquivos, mensageria, eventos e resiliência;Poison message;M13.19.01;M13.19.04;4;Fundamento avançado e modelo mental | Implementação profissional orientada a produção | Casos de borda, falhas e troubleshooting | Desafio aplicado, revisão técnica e entrega;mensagem inválida, DLQ e análise. Nesta sessão: entender funcionamento interno, limitações, impacto em backend e riscos. | mensagem inválida, DLQ e análise. Nesta sessão: implementar solução com validação, erro, teste, configuração ou observabilidade quando aplicável. | mensagem inválida, DLQ e análise. Nesta sessão: simular falhas, diagnosticar sintomas, medir comportamento e corrigir. | mensagem inválida, DLQ e análise. Nesta sessão: entregar mini solução com README, evidência, teste, decisão técnica ou ADR.;Aula mentorada única cobrindo integralmente todas as sessões operacionais deste tópico macro.
355;355_M13_20_RETRY_E_DLQ_PROFISSIONAL.md;M13;Integrações, arquivos, mensageria, eventos e resiliência;Retry e DLQ profissional;M13.20.01;M13.20.04;4;Fundamento avançado e modelo mental | Implementação profissional orientada a produção | Casos de borda, falhas e troubleshooting | Desafio aplicado, revisão técnica e entrega;backoff, tentativas, roteamento e reprocessamento. Nesta sessão: entender funcionamento interno, limitações, impacto em backend e riscos. | backoff, tentativas, roteamento e reprocessamento. Nesta sessão: implementar solução com validação, erro, teste, configuração ou observabilidade quando aplicável. | backoff, tentativas, roteamento e reprocessamento. Nesta sessão: simular falhas, diagnosticar sintomas, medir comportamento e corrigir. | backoff, tentativas, roteamento e reprocessamento. Nesta sessão: entregar mini solução com README, evidência, teste, decisão técnica ou ADR.;Aula mentorada única cobrindo integralmente todas as sessões operacionais deste tópico macro.
356;356_M13_21_DEDUPLICACAO.md;M13;Integrações, arquivos, mensageria, eventos e resiliência;Deduplicação;M13.21.01;M13.21.04;4;Fundamento avançado e modelo mental | Implementação profissional orientada a produção | Casos de borda, falhas e troubleshooting | Desafio aplicado, revisão técnica e entrega;mensagens repetidas, chave, janela e consistência. Nesta sessão: entender funcionamento interno, limitações, impacto em backend e riscos. | mensagens repetidas, chave, janela e consistência. Nesta sessão: implementar solução com validação, erro, teste, configuração ou observabilidade quando aplicável. | mensagens repetidas, chave, janela e consistência. Nesta sessão: simular falhas, diagnosticar sintomas, medir comportamento e corrigir. | mensagens repetidas, chave, janela e consistência. Nesta sessão: entregar mini solução com README, evidência, teste, decisão técnica ou ADR.;Aula mentorada única cobrindo integralmente todas as sessões operacionais deste tópico macro.
357;357_M13_22_OUTBOX_PATTERN.md;M13;Integrações, arquivos, mensageria, eventos e resiliência;Outbox Pattern;M13.22.01;M13.22.04;4;Fundamento avançado e modelo mental | Implementação profissional orientada a produção | Casos de borda, falhas e troubleshooting | Desafio aplicado, revisão técnica e entrega;transação banco/evento, poller, publicação e confiabilidade. Nesta sessão: entender funcionamento interno, limitações, impacto em backend e riscos. | transação banco/evento, poller, publicação e confiabilidade. Nesta sessão: implementar solução com validação, erro, teste, configuração ou observabilidade quando aplicável. | transação banco/evento, poller, publicação e confiabilidade. Nesta sessão: simular falhas, diagnosticar sintomas, medir comportamento e corrigir. | transação banco/evento, poller, publicação e confiabilidade. Nesta sessão: entregar mini solução com README, evidência, teste, decisão técnica ou ADR.;Aula mentorada única cobrindo integralmente todas as sessões operacionais deste tópico macro.
358;358_M13_23_INBOX_PATTERN.md;M13;Integrações, arquivos, mensageria, eventos e resiliência;Inbox Pattern;M13.23.01;M13.23.04;4;Fundamento avançado e modelo mental | Implementação profissional orientada a produção | Casos de borda, falhas e troubleshooting | Desafio aplicado, revisão técnica e entrega;consumo idempotente e controle de mensagens processadas. Nesta sessão: entender funcionamento interno, limitações, impacto em backend e riscos. | consumo idempotente e controle de mensagens processadas. Nesta sessão: implementar solução com validação, erro, teste, configuração ou observabilidade quando aplicável. | consumo idempotente e controle de mensagens processadas. Nesta sessão: simular falhas, diagnosticar sintomas, medir comportamento e corrigir. | consumo idempotente e controle de mensagens processadas. Nesta sessão: entregar mini solução com README, evidência, teste, decisão técnica ou ADR.;Aula mentorada única cobrindo integralmente todas as sessões operacionais deste tópico macro.
359;359_M13_24_SAGA.md;M13;Integrações, arquivos, mensageria, eventos e resiliência;Saga;M13.24.01;M13.24.04;4;Fundamento avançado e modelo mental | Implementação profissional orientada a produção | Casos de borda, falhas e troubleshooting | Desafio aplicado, revisão técnica e entrega;orquestração, coreografia, compensação e consistência eventual. Nesta sessão: entender funcionamento interno, limitações, impacto em backend e riscos. | orquestração, coreografia, compensação e consistência eventual. Nesta sessão: implementar solução com validação, erro, teste, configuração ou observabilidade quando aplicável. | orquestração, coreografia, compensação e consistência eventual. Nesta sessão: simular falhas, diagnosticar sintomas, medir comportamento e corrigir. | orquestração, coreografia, compensação e consistência eventual. Nesta sessão: entregar mini solução com README, evidência, teste, decisão técnica ou ADR.;Aula mentorada única cobrindo integralmente todas as sessões operacionais deste tópico macro.
360;360_M13_25_CDC.md;M13;Integrações, arquivos, mensageria, eventos e resiliência;CDC;M13.25.01;M13.25.04;4;Fundamento avançado e modelo mental | Implementação profissional orientada a produção | Casos de borda, falhas e troubleshooting | Desafio aplicado, revisão técnica e entrega;change data capture, Debezium conceitual e eventos do banco. Nesta sessão: entender funcionamento interno, limitações, impacto em backend e riscos. | change data capture, Debezium conceitual e eventos do banco. Nesta sessão: implementar solução com validação, erro, teste, configuração ou observabilidade quando aplicável. | change data capture, Debezium conceitual e eventos do banco. Nesta sessão: simular falhas, diagnosticar sintomas, medir comportamento e corrigir. | change data capture, Debezium conceitual e eventos do banco. Nesta sessão: entregar mini solução com README, evidência, teste, decisão técnica ou ADR.;Aula mentorada única cobrindo integralmente todas as sessões operacionais deste tópico macro.
361;361_M13_26_MICROSSERVICOS_VS_MONOLITO_MODULAR.md;M13;Integrações, arquivos, mensageria, eventos e resiliência;Microsserviços vs monólito modular;M13.26.01;M13.26.04;4;Fundamento avançado e modelo mental | Implementação profissional orientada a produção | Casos de borda, falhas e troubleshooting | Desafio aplicado, revisão técnica e entrega;custos, autonomia, deploy, observabilidade e quando não separar. Nesta sessão: entender funcionamento interno, limitações, impacto em backend e riscos. | custos, autonomia, deploy, observabilidade e quando não separar. Nesta sessão: implementar solução com validação, erro, teste, configuração ou observabilidade quando aplicável. | custos, autonomia, deploy, observabilidade e quando não separar. Nesta sessão: simular falhas, diagnosticar sintomas, medir comportamento e corrigir. | custos, autonomia, deploy, observabilidade e quando não separar. Nesta sessão: entregar mini solução com README, evidência, teste, decisão técnica ou ADR.;Aula mentorada única cobrindo integralmente todas as sessões operacionais deste tópico macro.
362;362_M13_27_PROJETO_MENSAGERIA_CORPORATIVA.md;M13;Integrações, arquivos, mensageria, eventos e resiliência;Projeto mensageria corporativa;M13.27.01;M13.27.04;4;Fundamento avançado e modelo mental | Implementação profissional orientada a produção | Casos de borda, falhas e troubleshooting | Desafio aplicado, revisão técnica e entrega;OS criada, evento, consumidor, ocorrência, retry, DLQ e reprocessamento. Nesta sessão: entender funcionamento interno, limitações, impacto em backend e riscos. | OS criada, evento, consumidor, ocorrência, retry, DLQ e reprocessamento. Nesta sessão: implementar solução com validação, erro, teste, configuração ou observabilidade quando aplicável. | OS criada, evento, consumidor, ocorrência, retry, DLQ e reprocessamento. Nesta sessão: simular falhas, diagnosticar sintomas, medir comportamento e corrigir. | OS criada, evento, consumidor, ocorrência, retry, DLQ e reprocessamento. Nesta sessão: entregar mini solução com README, evidência, teste, decisão técnica ou ADR.;Aula mentorada única cobrindo integralmente todas as sessões operacionais deste tópico macro.
363;363_M14_01_DOCKER_FUNDAMENTOS.md;M14;Docker, CI/CD, Kubernetes e Cloud;Docker fundamentos;M14.01.01;M14.01.04;4;Fundamento avançado e modelo mental | Implementação profissional orientada a produção | Casos de borda, falhas e troubleshooting | Desafio aplicado, revisão técnica e entrega;imagem, container, layer, registry, volume, network e porta. Nesta sessão: entender funcionamento interno, limitações, impacto em backend e riscos. | imagem, container, layer, registry, volume, network e porta. Nesta sessão: implementar solução com validação, erro, teste, configuração ou observabilidade quando aplicável. | imagem, container, layer, registry, volume, network e porta. Nesta sessão: simular falhas, diagnosticar sintomas, medir comportamento e corrigir. | imagem, container, layer, registry, volume, network e porta. Nesta sessão: entregar mini solução com README, evidência, teste, decisão técnica ou ADR.;Aula mentorada única cobrindo integralmente todas as sessões operacionais deste tópico macro.
364;364_M14_02_DOCKERFILE_PARA_JAVA.md;M14;Docker, CI/CD, Kubernetes e Cloud;Dockerfile para Java;M14.02.01;M14.02.04;4;Fundamento avançado e modelo mental | Implementação profissional orientada a produção | Casos de borda, falhas e troubleshooting | Desafio aplicado, revisão técnica e entrega;jar, entrypoint, workdir, expose e argumentos. Nesta sessão: entender funcionamento interno, limitações, impacto em backend e riscos. | jar, entrypoint, workdir, expose e argumentos. Nesta sessão: implementar solução com validação, erro, teste, configuração ou observabilidade quando aplicável. | jar, entrypoint, workdir, expose e argumentos. Nesta sessão: simular falhas, diagnosticar sintomas, medir comportamento e corrigir. | jar, entrypoint, workdir, expose e argumentos. Nesta sessão: entregar mini solução com README, evidência, teste, decisão técnica ou ADR.;Aula mentorada única cobrindo integralmente todas as sessões operacionais deste tópico macro.
365;365_M14_03_MULTI_STAGE_BUILD.md;M14;Docker, CI/CD, Kubernetes e Cloud;Multi-stage build;M14.03.01;M14.03.04;4;Fundamento avançado e modelo mental | Implementação profissional orientada a produção | Casos de borda, falhas e troubleshooting | Desafio aplicado, revisão técnica e entrega;build separado de runtime, imagem menor e segurança. Nesta sessão: entender funcionamento interno, limitações, impacto em backend e riscos. | build separado de runtime, imagem menor e segurança. Nesta sessão: implementar solução com validação, erro, teste, configuração ou observabilidade quando aplicável. | build separado de runtime, imagem menor e segurança. Nesta sessão: simular falhas, diagnosticar sintomas, medir comportamento e corrigir. | build separado de runtime, imagem menor e segurança. Nesta sessão: entregar mini solução com README, evidência, teste, decisão técnica ou ADR.;Aula mentorada única cobrindo integralmente todas as sessões operacionais deste tópico macro.
366;366_M14_04_IMAGEM_SEGURA.md;M14;Docker, CI/CD, Kubernetes e Cloud;Imagem segura;M14.04.01;M14.04.04;4;Fundamento avançado e modelo mental | Implementação profissional orientada a produção | Casos de borda, falhas e troubleshooting | Desafio aplicado, revisão técnica e entrega;usuário não-root, distroless/conceito, scan e CVEs. Nesta sessão: entender funcionamento interno, limitações, impacto em backend e riscos. | usuário não-root, distroless/conceito, scan e CVEs. Nesta sessão: implementar solução com validação, erro, teste, configuração ou observabilidade quando aplicável. | usuário não-root, distroless/conceito, scan e CVEs. Nesta sessão: simular falhas, diagnosticar sintomas, medir comportamento e corrigir. | usuário não-root, distroless/conceito, scan e CVEs. Nesta sessão: entregar mini solução com README, evidência, teste, decisão técnica ou ADR.;Aula mentorada única cobrindo integralmente todas as sessões operacionais deste tópico macro.
367;367_M14_05_DOCKER_COMPOSE.md;M14;Docker, CI/CD, Kubernetes e Cloud;Docker Compose;M14.05.01;M14.05.04;4;Fundamento avançado e modelo mental | Implementação profissional orientada a produção | Casos de borda, falhas e troubleshooting | Desafio aplicado, revisão técnica e entrega;API, PostgreSQL, Rabbit/Kafka, Redis, network e volumes. Nesta sessão: entender funcionamento interno, limitações, impacto em backend e riscos. | API, PostgreSQL, Rabbit/Kafka, Redis, network e volumes. Nesta sessão: implementar solução com validação, erro, teste, configuração ou observabilidade quando aplicável. | API, PostgreSQL, Rabbit/Kafka, Redis, network e volumes. Nesta sessão: simular falhas, diagnosticar sintomas, medir comportamento e corrigir. | API, PostgreSQL, Rabbit/Kafka, Redis, network e volumes. Nesta sessão: entregar mini solução com README, evidência, teste, decisão técnica ou ADR.;Aula mentorada única cobrindo integralmente todas as sessões operacionais deste tópico macro.
368;368_M14_06_VARIAVEIS_E_SECRETS_EM_CONTAINERS.md;M14;Docker, CI/CD, Kubernetes e Cloud;Variáveis e secrets em containers;M14.06.01;M14.06.04;4;Fundamento avançado e modelo mental | Implementação profissional orientada a produção | Casos de borda, falhas e troubleshooting | Desafio aplicado, revisão técnica e entrega;env, .env, config, risco de segredo. Nesta sessão: entender funcionamento interno, limitações, impacto em backend e riscos. | env, .env, config, risco de segredo. Nesta sessão: implementar solução com validação, erro, teste, configuração ou observabilidade quando aplicável. | env, .env, config, risco de segredo. Nesta sessão: simular falhas, diagnosticar sintomas, medir comportamento e corrigir. | env, .env, config, risco de segredo. Nesta sessão: entregar mini solução com README, evidência, teste, decisão técnica ou ADR.;Aula mentorada única cobrindo integralmente todas as sessões operacionais deste tópico macro.
369;369_M14_07_HEALTHCHECK_EM_CONTAINER.md;M14;Docker, CI/CD, Kubernetes e Cloud;Healthcheck em container;M14.07.01;M14.07.04;4;Fundamento avançado e modelo mental | Implementação profissional orientada a produção | Casos de borda, falhas e troubleshooting | Desafio aplicado, revisão técnica e entrega;actuator, dependência e inicialização. Nesta sessão: entender funcionamento interno, limitações, impacto em backend e riscos. | actuator, dependência e inicialização. Nesta sessão: implementar solução com validação, erro, teste, configuração ou observabilidade quando aplicável. | actuator, dependência e inicialização. Nesta sessão: simular falhas, diagnosticar sintomas, medir comportamento e corrigir. | actuator, dependência e inicialização. Nesta sessão: entregar mini solução com README, evidência, teste, decisão técnica ou ADR.;Aula mentorada única cobrindo integralmente todas as sessões operacionais deste tópico macro.
370;370_M14_08_GITHUB_ACTIONS_BASICO.md;M14;Docker, CI/CD, Kubernetes e Cloud;GitHub Actions básico;M14.08.01;M14.08.04;4;Fundamento avançado e modelo mental | Implementação profissional orientada a produção | Casos de borda, falhas e troubleshooting | Desafio aplicado, revisão técnica e entrega;workflow, jobs, steps, checkout, setup-java. Nesta sessão: entender funcionamento interno, limitações, impacto em backend e riscos. | workflow, jobs, steps, checkout, setup-java. Nesta sessão: implementar solução com validação, erro, teste, configuração ou observabilidade quando aplicável. | workflow, jobs, steps, checkout, setup-java. Nesta sessão: simular falhas, diagnosticar sintomas, medir comportamento e corrigir. | workflow, jobs, steps, checkout, setup-java. Nesta sessão: entregar mini solução com README, evidência, teste, decisão técnica ou ADR.;Aula mentorada única cobrindo integralmente todas as sessões operacionais deste tópico macro.
371;371_M14_09_PIPELINE_MAVEN.md;M14;Docker, CI/CD, Kubernetes e Cloud;Pipeline Maven;M14.09.01;M14.09.04;4;Fundamento avançado e modelo mental | Implementação profissional orientada a produção | Casos de borda, falhas e troubleshooting | Desafio aplicado, revisão técnica e entrega;cache, test, package, artefato e falha controlada. Nesta sessão: entender funcionamento interno, limitações, impacto em backend e riscos. | cache, test, package, artefato e falha controlada. Nesta sessão: implementar solução com validação, erro, teste, configuração ou observabilidade quando aplicável. | cache, test, package, artefato e falha controlada. Nesta sessão: simular falhas, diagnosticar sintomas, medir comportamento e corrigir. | cache, test, package, artefato e falha controlada. Nesta sessão: entregar mini solução com README, evidência, teste, decisão técnica ou ADR.;Aula mentorada única cobrindo integralmente todas as sessões operacionais deste tópico macro.
372;372_M14_10_PIPELINE_DOCKER.md;M14;Docker, CI/CD, Kubernetes e Cloud;Pipeline Docker;M14.10.01;M14.10.04;4;Fundamento avançado e modelo mental | Implementação profissional orientada a produção | Casos de borda, falhas e troubleshooting | Desafio aplicado, revisão técnica e entrega;build image, tag, push e versionamento. Nesta sessão: entender funcionamento interno, limitações, impacto em backend e riscos. | build image, tag, push e versionamento. Nesta sessão: implementar solução com validação, erro, teste, configuração ou observabilidade quando aplicável. | build image, tag, push e versionamento. Nesta sessão: simular falhas, diagnosticar sintomas, medir comportamento e corrigir. | build image, tag, push e versionamento. Nesta sessão: entregar mini solução com README, evidência, teste, decisão técnica ou ADR.;Aula mentorada única cobrindo integralmente todas as sessões operacionais deste tópico macro.
373;373_M14_11_QUALITY_GATE_EM_PIPELINE.md;M14;Docker, CI/CD, Kubernetes e Cloud;Quality gate em pipeline;M14.11.01;M14.11.04;4;Fundamento avançado e modelo mental | Implementação profissional orientada a produção | Casos de borda, falhas e troubleshooting | Desafio aplicado, revisão técnica e entrega;tests, coverage, sonar, lint e bloqueios. Nesta sessão: entender funcionamento interno, limitações, impacto em backend e riscos. | tests, coverage, sonar, lint e bloqueios. Nesta sessão: implementar solução com validação, erro, teste, configuração ou observabilidade quando aplicável. | tests, coverage, sonar, lint e bloqueios. Nesta sessão: simular falhas, diagnosticar sintomas, medir comportamento e corrigir. | tests, coverage, sonar, lint e bloqueios. Nesta sessão: entregar mini solução com README, evidência, teste, decisão técnica ou ADR.;Aula mentorada única cobrindo integralmente todas as sessões operacionais deste tópico macro.
374;374_M14_12_DEPLOY_CONCEITUAL.md;M14;Docker, CI/CD, Kubernetes e Cloud;Deploy conceitual;M14.12.01;M14.12.04;4;Fundamento avançado e modelo mental | Implementação profissional orientada a produção | Casos de borda, falhas e troubleshooting | Desafio aplicado, revisão técnica e entrega;ambientes, artefato, release e rollback. Nesta sessão: entender funcionamento interno, limitações, impacto em backend e riscos. | ambientes, artefato, release e rollback. Nesta sessão: implementar solução com validação, erro, teste, configuração ou observabilidade quando aplicável. | ambientes, artefato, release e rollback. Nesta sessão: simular falhas, diagnosticar sintomas, medir comportamento e corrigir. | ambientes, artefato, release e rollback. Nesta sessão: entregar mini solução com README, evidência, teste, decisão técnica ou ADR.;Aula mentorada única cobrindo integralmente todas as sessões operacionais deste tópico macro.
375;375_M14_13_KUBERNETES_FUNDAMENTOS.md;M14;Docker, CI/CD, Kubernetes e Cloud;Kubernetes fundamentos;M14.13.01;M14.13.04;4;Fundamento avançado e modelo mental | Implementação profissional orientada a produção | Casos de borda, falhas e troubleshooting | Desafio aplicado, revisão técnica e entrega;pod, deployment, service, configmap, secret. Nesta sessão: entender funcionamento interno, limitações, impacto em backend e riscos. | pod, deployment, service, configmap, secret. Nesta sessão: implementar solução com validação, erro, teste, configuração ou observabilidade quando aplicável. | pod, deployment, service, configmap, secret. Nesta sessão: simular falhas, diagnosticar sintomas, medir comportamento e corrigir. | pod, deployment, service, configmap, secret. Nesta sessão: entregar mini solução com README, evidência, teste, decisão técnica ou ADR.;Aula mentorada única cobrindo integralmente todas as sessões operacionais deste tópico macro.
376;376_M14_14_INGRESS.md;M14;Docker, CI/CD, Kubernetes e Cloud;Ingress;M14.14.01;M14.14.04;4;Fundamento avançado e modelo mental | Implementação profissional orientada a produção | Casos de borda, falhas e troubleshooting | Desafio aplicado, revisão técnica e entrega;roteamento HTTP, host, TLS conceitual e gateway. Nesta sessão: entender funcionamento interno, limitações, impacto em backend e riscos. | roteamento HTTP, host, TLS conceitual e gateway. Nesta sessão: implementar solução com validação, erro, teste, configuração ou observabilidade quando aplicável. | roteamento HTTP, host, TLS conceitual e gateway. Nesta sessão: simular falhas, diagnosticar sintomas, medir comportamento e corrigir. | roteamento HTTP, host, TLS conceitual e gateway. Nesta sessão: entregar mini solução com README, evidência, teste, decisão técnica ou ADR.;Aula mentorada única cobrindo integralmente todas as sessões operacionais deste tópico macro.
377;377_M14_15_PROBES.md;M14;Docker, CI/CD, Kubernetes e Cloud;Probes;M14.15.01;M14.15.04;4;Fundamento avançado e modelo mental | Implementação profissional orientada a produção | Casos de borda, falhas e troubleshooting | Desafio aplicado, revisão técnica e entrega;liveness, readiness, startup e actuator. Nesta sessão: entender funcionamento interno, limitações, impacto em backend e riscos. | liveness, readiness, startup e actuator. Nesta sessão: implementar solução com validação, erro, teste, configuração ou observabilidade quando aplicável. | liveness, readiness, startup e actuator. Nesta sessão: simular falhas, diagnosticar sintomas, medir comportamento e corrigir. | liveness, readiness, startup e actuator. Nesta sessão: entregar mini solução com README, evidência, teste, decisão técnica ou ADR.;Aula mentorada única cobrindo integralmente todas as sessões operacionais deste tópico macro.
378;378_M14_16_REQUESTS_E_LIMITS.md;M14;Docker, CI/CD, Kubernetes e Cloud;Requests e limits;M14.16.01;M14.16.04;4;Fundamento avançado e modelo mental | Implementação profissional orientada a produção | Casos de borda, falhas e troubleshooting | Desafio aplicado, revisão técnica e entrega;CPU, memória, OOMKilled e planejamento. Nesta sessão: entender funcionamento interno, limitações, impacto em backend e riscos. | CPU, memória, OOMKilled e planejamento. Nesta sessão: implementar solução com validação, erro, teste, configuração ou observabilidade quando aplicável. | CPU, memória, OOMKilled e planejamento. Nesta sessão: simular falhas, diagnosticar sintomas, medir comportamento e corrigir. | CPU, memória, OOMKilled e planejamento. Nesta sessão: entregar mini solução com README, evidência, teste, decisão técnica ou ADR.;Aula mentorada única cobrindo integralmente todas as sessões operacionais deste tópico macro.
379;379_M14_17_HPA.md;M14;Docker, CI/CD, Kubernetes e Cloud;HPA;M14.17.01;M14.17.04;4;Fundamento avançado e modelo mental | Implementação profissional orientada a produção | Casos de borda, falhas e troubleshooting | Desafio aplicado, revisão técnica e entrega;autoscaling, métricas e limites. Nesta sessão: entender funcionamento interno, limitações, impacto em backend e riscos. | autoscaling, métricas e limites. Nesta sessão: implementar solução com validação, erro, teste, configuração ou observabilidade quando aplicável. | autoscaling, métricas e limites. Nesta sessão: simular falhas, diagnosticar sintomas, medir comportamento e corrigir. | autoscaling, métricas e limites. Nesta sessão: entregar mini solução com README, evidência, teste, decisão técnica ou ADR.;Aula mentorada única cobrindo integralmente todas as sessões operacionais deste tópico macro.
380;380_M14_18_CONFIGMAP_E_SECRET.md;M14;Docker, CI/CD, Kubernetes e Cloud;ConfigMap e Secret;M14.18.01;M14.18.04;4;Fundamento avançado e modelo mental | Implementação profissional orientada a produção | Casos de borda, falhas e troubleshooting | Desafio aplicado, revisão técnica e entrega;configuração externa e cuidados. Nesta sessão: entender funcionamento interno, limitações, impacto em backend e riscos. | configuração externa e cuidados. Nesta sessão: implementar solução com validação, erro, teste, configuração ou observabilidade quando aplicável. | configuração externa e cuidados. Nesta sessão: simular falhas, diagnosticar sintomas, medir comportamento e corrigir. | configuração externa e cuidados. Nesta sessão: entregar mini solução com README, evidência, teste, decisão técnica ou ADR.;Aula mentorada única cobrindo integralmente todas as sessões operacionais deste tópico macro.
381;381_M14_19_HELM_CONCEITUAL.md;M14;Docker, CI/CD, Kubernetes e Cloud;Helm conceitual;M14.19.01;M14.19.04;4;Fundamento avançado e modelo mental | Implementação profissional orientada a produção | Casos de borda, falhas e troubleshooting | Desafio aplicado, revisão técnica e entrega;charts, values e templates. Nesta sessão: entender funcionamento interno, limitações, impacto em backend e riscos. | charts, values e templates. Nesta sessão: implementar solução com validação, erro, teste, configuração ou observabilidade quando aplicável. | charts, values e templates. Nesta sessão: simular falhas, diagnosticar sintomas, medir comportamento e corrigir. | charts, values e templates. Nesta sessão: entregar mini solução com README, evidência, teste, decisão técnica ou ADR.;Aula mentorada única cobrindo integralmente todas as sessões operacionais deste tópico macro.
382;382_M14_20_AWS_VISAO_BACKEND.md;M14;Docker, CI/CD, Kubernetes e Cloud;AWS visão backend;M14.20.01;M14.20.04;4;Fundamento avançado e modelo mental | Implementação profissional orientada a produção | Casos de borda, falhas e troubleshooting | Desafio aplicado, revisão técnica e entrega;IAM, VPC, EC2, RDS, S3, SQS/SNS, ECS/EKS, CloudWatch. Nesta sessão: entender funcionamento interno, limitações, impacto em backend e riscos. | IAM, VPC, EC2, RDS, S3, SQS/SNS, ECS/EKS, CloudWatch. Nesta sessão: implementar solução com validação, erro, teste, configuração ou observabilidade quando aplicável. | IAM, VPC, EC2, RDS, S3, SQS/SNS, ECS/EKS, CloudWatch. Nesta sessão: simular falhas, diagnosticar sintomas, medir comportamento e corrigir. | IAM, VPC, EC2, RDS, S3, SQS/SNS, ECS/EKS, CloudWatch. Nesta sessão: entregar mini solução com README, evidência, teste, decisão técnica ou ADR.;Aula mentorada única cobrindo integralmente todas as sessões operacionais deste tópico macro.
383;383_M14_21_RDS_POSTGRESQL.md;M14;Docker, CI/CD, Kubernetes e Cloud;RDS PostgreSQL;M14.21.01;M14.21.04;4;Fundamento avançado e modelo mental | Implementação profissional orientada a produção | Casos de borda, falhas e troubleshooting | Desafio aplicado, revisão técnica e entrega;instância, backup, conexão, security group e custo. Nesta sessão: entender funcionamento interno, limitações, impacto em backend e riscos. | instância, backup, conexão, security group e custo. Nesta sessão: implementar solução com validação, erro, teste, configuração ou observabilidade quando aplicável. | instância, backup, conexão, security group e custo. Nesta sessão: simular falhas, diagnosticar sintomas, medir comportamento e corrigir. | instância, backup, conexão, security group e custo. Nesta sessão: entregar mini solução com README, evidência, teste, decisão técnica ou ADR.;Aula mentorada única cobrindo integralmente todas as sessões operacionais deste tópico macro.
384;384_M14_22_SQS_SNS.md;M14;Docker, CI/CD, Kubernetes e Cloud;SQS/SNS;M14.22.01;M14.22.04;4;Fundamento avançado e modelo mental | Implementação profissional orientada a produção | Casos de borda, falhas e troubleshooting | Desafio aplicado, revisão técnica e entrega;fila gerenciada, tópico, DLQ e integração. Nesta sessão: entender funcionamento interno, limitações, impacto em backend e riscos. | fila gerenciada, tópico, DLQ e integração. Nesta sessão: implementar solução com validação, erro, teste, configuração ou observabilidade quando aplicável. | fila gerenciada, tópico, DLQ e integração. Nesta sessão: simular falhas, diagnosticar sintomas, medir comportamento e corrigir. | fila gerenciada, tópico, DLQ e integração. Nesta sessão: entregar mini solução com README, evidência, teste, decisão técnica ou ADR.;Aula mentorada única cobrindo integralmente todas as sessões operacionais deste tópico macro.
385;385_M14_23_CUSTOS_CLOUD.md;M14;Docker, CI/CD, Kubernetes e Cloud;Custos cloud;M14.23.01;M14.23.04;4;Fundamento avançado e modelo mental | Implementação profissional orientada a produção | Casos de borda, falhas e troubleshooting | Desafio aplicado, revisão técnica e entrega;dimensionamento, logs, tráfego, banco e desperdício. Nesta sessão: entender funcionamento interno, limitações, impacto em backend e riscos. | dimensionamento, logs, tráfego, banco e desperdício. Nesta sessão: implementar solução com validação, erro, teste, configuração ou observabilidade quando aplicável. | dimensionamento, logs, tráfego, banco e desperdício. Nesta sessão: simular falhas, diagnosticar sintomas, medir comportamento e corrigir. | dimensionamento, logs, tráfego, banco e desperdício. Nesta sessão: entregar mini solução com README, evidência, teste, decisão técnica ou ADR.;Aula mentorada única cobrindo integralmente todas as sessões operacionais deste tópico macro.
386;386_M14_24_PROJETO_API_PRONTA_PARA_DEPLOY.md;M14;Docker, CI/CD, Kubernetes e Cloud;Projeto API pronta para deploy;M14.24.01;M14.24.04;4;Fundamento avançado e modelo mental | Implementação profissional orientada a produção | Casos de borda, falhas e troubleshooting | Desafio aplicado, revisão técnica e entrega;Compose, pipeline, imagem, manifests, README e guia de rollback. Nesta sessão: entender funcionamento interno, limitações, impacto em backend e riscos. | Compose, pipeline, imagem, manifests, README e guia de rollback. Nesta sessão: implementar solução com validação, erro, teste, configuração ou observabilidade quando aplicável. | Compose, pipeline, imagem, manifests, README e guia de rollback. Nesta sessão: simular falhas, diagnosticar sintomas, medir comportamento e corrigir. | Compose, pipeline, imagem, manifests, README e guia de rollback. Nesta sessão: entregar mini solução com README, evidência, teste, decisão técnica ou ADR.;Aula mentorada única cobrindo integralmente todas as sessões operacionais deste tópico macro.
387;387_M15_01_LOGS_ESTRUTURADOS.md;M15;Observabilidade, performance, concorrência e produção;Logs estruturados;M15.01.01;M15.01.04;4;Fundamento avançado e modelo mental | Implementação profissional orientada a produção | Casos de borda, falhas e troubleshooting | Desafio aplicado, revisão técnica e entrega;SLF4J, Logback, JSON logs, campos e contexto. Nesta sessão: entender funcionamento interno, limitações, impacto em backend e riscos. | SLF4J, Logback, JSON logs, campos e contexto. Nesta sessão: implementar solução com validação, erro, teste, configuração ou observabilidade quando aplicável. | SLF4J, Logback, JSON logs, campos e contexto. Nesta sessão: simular falhas, diagnosticar sintomas, medir comportamento e corrigir. | SLF4J, Logback, JSON logs, campos e contexto. Nesta sessão: entregar mini solução com README, evidência, teste, decisão técnica ou ADR.;Aula mentorada única cobrindo integralmente todas as sessões operacionais deste tópico macro.
388;388_M15_02_CORRELATION_ID_E_TRACE_ID.md;M15;Observabilidade, performance, concorrência e produção;Correlation ID e trace ID;M15.02.01;M15.02.04;4;Fundamento avançado e modelo mental | Implementação profissional orientada a produção | Casos de borda, falhas e troubleshooting | Desafio aplicado, revisão técnica e entrega;propagação, MDC, filtros e rastreio. Nesta sessão: entender funcionamento interno, limitações, impacto em backend e riscos. | propagação, MDC, filtros e rastreio. Nesta sessão: implementar solução com validação, erro, teste, configuração ou observabilidade quando aplicável. | propagação, MDC, filtros e rastreio. Nesta sessão: simular falhas, diagnosticar sintomas, medir comportamento e corrigir. | propagação, MDC, filtros e rastreio. Nesta sessão: entregar mini solução com README, evidência, teste, decisão técnica ou ADR.;Aula mentorada única cobrindo integralmente todas as sessões operacionais deste tópico macro.
389;389_M15_03_ACTUATOR.md;M15;Observabilidade, performance, concorrência e produção;Actuator;M15.03.01;M15.03.04;4;Fundamento avançado e modelo mental | Implementação profissional orientada a produção | Casos de borda, falhas e troubleshooting | Desafio aplicado, revisão técnica e entrega;health, info, metrics, exposure e segurança. Nesta sessão: entender funcionamento interno, limitações, impacto em backend e riscos. | health, info, metrics, exposure e segurança. Nesta sessão: implementar solução com validação, erro, teste, configuração ou observabilidade quando aplicável. | health, info, metrics, exposure e segurança. Nesta sessão: simular falhas, diagnosticar sintomas, medir comportamento e corrigir. | health, info, metrics, exposure e segurança. Nesta sessão: entregar mini solução com README, evidência, teste, decisão técnica ou ADR.;Aula mentorada única cobrindo integralmente todas as sessões operacionais deste tópico macro.
390;390_M15_04_METRICAS_COM_MICROMETER.md;M15;Observabilidade, performance, concorrência e produção;Métricas com Micrometer;M15.04.01;M15.04.04;4;Fundamento avançado e modelo mental | Implementação profissional orientada a produção | Casos de borda, falhas e troubleshooting | Desafio aplicado, revisão técnica e entrega;counters, timers, gauges e tags. Nesta sessão: entender funcionamento interno, limitações, impacto em backend e riscos. | counters, timers, gauges e tags. Nesta sessão: implementar solução com validação, erro, teste, configuração ou observabilidade quando aplicável. | counters, timers, gauges e tags. Nesta sessão: simular falhas, diagnosticar sintomas, medir comportamento e corrigir. | counters, timers, gauges e tags. Nesta sessão: entregar mini solução com README, evidência, teste, decisão técnica ou ADR.;Aula mentorada única cobrindo integralmente todas as sessões operacionais deste tópico macro.
391;391_M15_05_GOLDEN_SIGNALS.md;M15;Observabilidade, performance, concorrência e produção;Golden signals;M15.05.01;M15.05.04;4;Fundamento avançado e modelo mental | Implementação profissional orientada a produção | Casos de borda, falhas e troubleshooting | Desafio aplicado, revisão técnica e entrega;latência, tráfego, erros, saturação e leitura. Nesta sessão: entender funcionamento interno, limitações, impacto em backend e riscos. | latência, tráfego, erros, saturação e leitura. Nesta sessão: implementar solução com validação, erro, teste, configuração ou observabilidade quando aplicável. | latência, tráfego, erros, saturação e leitura. Nesta sessão: simular falhas, diagnosticar sintomas, medir comportamento e corrigir. | latência, tráfego, erros, saturação e leitura. Nesta sessão: entregar mini solução com README, evidência, teste, decisão técnica ou ADR.;Aula mentorada única cobrindo integralmente todas as sessões operacionais deste tópico macro.
392;392_M15_06_SLI_SLO_E_SLA.md;M15;Observabilidade, performance, concorrência e produção;SLI, SLO e SLA;M15.06.01;M15.06.04;4;Fundamento avançado e modelo mental | Implementação profissional orientada a produção | Casos de borda, falhas e troubleshooting | Desafio aplicado, revisão técnica e entrega;definições, metas, erro budget e produto. Nesta sessão: entender funcionamento interno, limitações, impacto em backend e riscos. | definições, metas, erro budget e produto. Nesta sessão: implementar solução com validação, erro, teste, configuração ou observabilidade quando aplicável. | definições, metas, erro budget e produto. Nesta sessão: simular falhas, diagnosticar sintomas, medir comportamento e corrigir. | definições, metas, erro budget e produto. Nesta sessão: entregar mini solução com README, evidência, teste, decisão técnica ou ADR.;Aula mentorada única cobrindo integralmente todas as sessões operacionais deste tópico macro.
393;393_M15_07_PROMETHEUS.md;M15;Observabilidade, performance, concorrência e produção;Prometheus;M15.07.01;M15.07.04;4;Fundamento avançado e modelo mental | Implementação profissional orientada a produção | Casos de borda, falhas e troubleshooting | Desafio aplicado, revisão técnica e entrega;scrape, métricas, labels e queries básicas. Nesta sessão: entender funcionamento interno, limitações, impacto em backend e riscos. | scrape, métricas, labels e queries básicas. Nesta sessão: implementar solução com validação, erro, teste, configuração ou observabilidade quando aplicável. | scrape, métricas, labels e queries básicas. Nesta sessão: simular falhas, diagnosticar sintomas, medir comportamento e corrigir. | scrape, métricas, labels e queries básicas. Nesta sessão: entregar mini solução com README, evidência, teste, decisão técnica ou ADR.;Aula mentorada única cobrindo integralmente todas as sessões operacionais deste tópico macro.
394;394_M15_08_GRAFANA.md;M15;Observabilidade, performance, concorrência e produção;Grafana;M15.08.01;M15.08.04;4;Fundamento avançado e modelo mental | Implementação profissional orientada a produção | Casos de borda, falhas e troubleshooting | Desafio aplicado, revisão técnica e entrega;dashboard, painéis, alertas e leitura. Nesta sessão: entender funcionamento interno, limitações, impacto em backend e riscos. | dashboard, painéis, alertas e leitura. Nesta sessão: implementar solução com validação, erro, teste, configuração ou observabilidade quando aplicável. | dashboard, painéis, alertas e leitura. Nesta sessão: simular falhas, diagnosticar sintomas, medir comportamento e corrigir. | dashboard, painéis, alertas e leitura. Nesta sessão: entregar mini solução com README, evidência, teste, decisão técnica ou ADR.;Aula mentorada única cobrindo integralmente todas as sessões operacionais deste tópico macro.
395;395_M15_09_TRACING_COM_OPENTELEMETRY.md;M15;Observabilidade, performance, concorrência e produção;Tracing com OpenTelemetry;M15.09.01;M15.09.04;4;Fundamento avançado e modelo mental | Implementação profissional orientada a produção | Casos de borda, falhas e troubleshooting | Desafio aplicado, revisão técnica e entrega;span, trace, propagação e serviço externo. Nesta sessão: entender funcionamento interno, limitações, impacto em backend e riscos. | span, trace, propagação e serviço externo. Nesta sessão: implementar solução com validação, erro, teste, configuração ou observabilidade quando aplicável. | span, trace, propagação e serviço externo. Nesta sessão: simular falhas, diagnosticar sintomas, medir comportamento e corrigir. | span, trace, propagação e serviço externo. Nesta sessão: entregar mini solução com README, evidência, teste, decisão técnica ou ADR.;Aula mentorada única cobrindo integralmente todas as sessões operacionais deste tópico macro.
396;396_M15_10_ALERTAS.md;M15;Observabilidade, performance, concorrência e produção;Alertas;M15.10.01;M15.10.04;4;Fundamento avançado e modelo mental | Implementação profissional orientada a produção | Casos de borda, falhas e troubleshooting | Desafio aplicado, revisão técnica e entrega;sintoma vs causa, ruído, severidade e escalonamento. Nesta sessão: entender funcionamento interno, limitações, impacto em backend e riscos. | sintoma vs causa, ruído, severidade e escalonamento. Nesta sessão: implementar solução com validação, erro, teste, configuração ou observabilidade quando aplicável. | sintoma vs causa, ruído, severidade e escalonamento. Nesta sessão: simular falhas, diagnosticar sintomas, medir comportamento e corrigir. | sintoma vs causa, ruído, severidade e escalonamento. Nesta sessão: entregar mini solução com README, evidência, teste, decisão técnica ou ADR.;Aula mentorada única cobrindo integralmente todas as sessões operacionais deste tópico macro.
397;397_M15_11_RUNBOOKS.md;M15;Observabilidade, performance, concorrência e produção;Runbooks;M15.11.01;M15.11.04;4;Fundamento avançado e modelo mental | Implementação profissional orientada a produção | Casos de borda, falhas e troubleshooting | Desafio aplicado, revisão técnica e entrega;passos de diagnóstico, mitigação e comunicação. Nesta sessão: entender funcionamento interno, limitações, impacto em backend e riscos. | passos de diagnóstico, mitigação e comunicação. Nesta sessão: implementar solução com validação, erro, teste, configuração ou observabilidade quando aplicável. | passos de diagnóstico, mitigação e comunicação. Nesta sessão: simular falhas, diagnosticar sintomas, medir comportamento e corrigir. | passos de diagnóstico, mitigação e comunicação. Nesta sessão: entregar mini solução com README, evidência, teste, decisão técnica ou ADR.;Aula mentorada única cobrindo integralmente todas as sessões operacionais deste tópico macro.
398;398_M15_12_POSTMORTEM.md;M15;Observabilidade, performance, concorrência e produção;Postmortem;M15.12.01;M15.12.04;4;Fundamento avançado e modelo mental | Implementação profissional orientada a produção | Casos de borda, falhas e troubleshooting | Desafio aplicado, revisão técnica e entrega;linha do tempo, causa raiz, ações e sem culpa. Nesta sessão: entender funcionamento interno, limitações, impacto em backend e riscos. | linha do tempo, causa raiz, ações e sem culpa. Nesta sessão: implementar solução com validação, erro, teste, configuração ou observabilidade quando aplicável. | linha do tempo, causa raiz, ações e sem culpa. Nesta sessão: simular falhas, diagnosticar sintomas, medir comportamento e corrigir. | linha do tempo, causa raiz, ações e sem culpa. Nesta sessão: entregar mini solução com README, evidência, teste, decisão técnica ou ADR.;Aula mentorada única cobrindo integralmente todas as sessões operacionais deste tópico macro.
399;399_M15_13_TROUBLESHOOTING_POR_LOGS.md;M15;Observabilidade, performance, concorrência e produção;Troubleshooting por logs;M15.13.01;M15.13.04;4;Fundamento avançado e modelo mental | Implementação profissional orientada a produção | Casos de borda, falhas e troubleshooting | Desafio aplicado, revisão técnica e entrega;stack trace, padrões, correlação e hipóteses. Nesta sessão: entender funcionamento interno, limitações, impacto em backend e riscos. | stack trace, padrões, correlação e hipóteses. Nesta sessão: implementar solução com validação, erro, teste, configuração ou observabilidade quando aplicável. | stack trace, padrões, correlação e hipóteses. Nesta sessão: simular falhas, diagnosticar sintomas, medir comportamento e corrigir. | stack trace, padrões, correlação e hipóteses. Nesta sessão: entregar mini solução com README, evidência, teste, decisão técnica ou ADR.;Aula mentorada única cobrindo integralmente todas as sessões operacionais deste tópico macro.
400;400_M15_14_THREAD_DUMP.md;M15;Observabilidade, performance, concorrência e produção;Thread dump;M15.14.01;M15.14.04;4;Fundamento avançado e modelo mental | Implementação profissional orientada a produção | Casos de borda, falhas e troubleshooting | Desafio aplicado, revisão técnica e entrega;threads bloqueadas, deadlock, análise e ferramentas. Nesta sessão: entender funcionamento interno, limitações, impacto em backend e riscos. | threads bloqueadas, deadlock, análise e ferramentas. Nesta sessão: implementar solução com validação, erro, teste, configuração ou observabilidade quando aplicável. | threads bloqueadas, deadlock, análise e ferramentas. Nesta sessão: simular falhas, diagnosticar sintomas, medir comportamento e corrigir. | threads bloqueadas, deadlock, análise e ferramentas. Nesta sessão: entregar mini solução com README, evidência, teste, decisão técnica ou ADR.;Aula mentorada única cobrindo integralmente todas as sessões operacionais deste tópico macro.
401;401_M15_15_HEAP_DUMP.md;M15;Observabilidade, performance, concorrência e produção;Heap dump;M15.15.01;M15.15.04;4;Fundamento avançado e modelo mental | Implementação profissional orientada a produção | Casos de borda, falhas e troubleshooting | Desafio aplicado, revisão técnica e entrega;memória, vazamento, objetos dominantes e cuidado com dados. Nesta sessão: entender funcionamento interno, limitações, impacto em backend e riscos. | memória, vazamento, objetos dominantes e cuidado com dados. Nesta sessão: implementar solução com validação, erro, teste, configuração ou observabilidade quando aplicável. | memória, vazamento, objetos dominantes e cuidado com dados. Nesta sessão: simular falhas, diagnosticar sintomas, medir comportamento e corrigir. | memória, vazamento, objetos dominantes e cuidado com dados. Nesta sessão: entregar mini solução com README, evidência, teste, decisão técnica ou ADR.;Aula mentorada única cobrindo integralmente todas as sessões operacionais deste tópico macro.
402;402_M15_16_GC_LOGS.md;M15;Observabilidade, performance, concorrência e produção;GC logs;M15.16.01;M15.16.04;4;Fundamento avançado e modelo mental | Implementação profissional orientada a produção | Casos de borda, falhas e troubleshooting | Desafio aplicado, revisão técnica e entrega;pausas, heap, sintomas e tuning inicial. Nesta sessão: entender funcionamento interno, limitações, impacto em backend e riscos. | pausas, heap, sintomas e tuning inicial. Nesta sessão: implementar solução com validação, erro, teste, configuração ou observabilidade quando aplicável. | pausas, heap, sintomas e tuning inicial. Nesta sessão: simular falhas, diagnosticar sintomas, medir comportamento e corrigir. | pausas, heap, sintomas e tuning inicial. Nesta sessão: entregar mini solução com README, evidência, teste, decisão técnica ou ADR.;Aula mentorada única cobrindo integralmente todas as sessões operacionais deste tópico macro.
403;403_M15_17_JVM_TUNING_BASICO.md;M15;Observabilidade, performance, concorrência e produção;JVM tuning básico;M15.17.01;M15.17.04;4;Fundamento avançado e modelo mental | Implementação profissional orientada a produção | Casos de borda, falhas e troubleshooting | Desafio aplicado, revisão técnica e entrega;heap, metaspace, flags e containers. Nesta sessão: entender funcionamento interno, limitações, impacto em backend e riscos. | heap, metaspace, flags e containers. Nesta sessão: implementar solução com validação, erro, teste, configuração ou observabilidade quando aplicável. | heap, metaspace, flags e containers. Nesta sessão: simular falhas, diagnosticar sintomas, medir comportamento e corrigir. | heap, metaspace, flags e containers. Nesta sessão: entregar mini solução com README, evidência, teste, decisão técnica ou ADR.;Aula mentorada única cobrindo integralmente todas as sessões operacionais deste tópico macro.
404;404_M15_18_PERFORMANCE_DE_API.md;M15;Observabilidade, performance, concorrência e produção;Performance de API;M15.18.01;M15.18.04;4;Fundamento avançado e modelo mental | Implementação profissional orientada a produção | Casos de borda, falhas e troubleshooting | Desafio aplicado, revisão técnica e entrega;latência, percentis, throughput e gargalos. Nesta sessão: entender funcionamento interno, limitações, impacto em backend e riscos. | latência, percentis, throughput e gargalos. Nesta sessão: implementar solução com validação, erro, teste, configuração ou observabilidade quando aplicável. | latência, percentis, throughput e gargalos. Nesta sessão: simular falhas, diagnosticar sintomas, medir comportamento e corrigir. | latência, percentis, throughput e gargalos. Nesta sessão: entregar mini solução com README, evidência, teste, decisão técnica ou ADR.;Aula mentorada única cobrindo integralmente todas as sessões operacionais deste tópico macro.
405;405_M15_19_PERFORMANCE_DE_BANCO.md;M15;Observabilidade, performance, concorrência e produção;Performance de banco;M15.19.01;M15.19.04;4;Fundamento avançado e modelo mental | Implementação profissional orientada a produção | Casos de borda, falhas e troubleshooting | Desafio aplicado, revisão técnica e entrega;índices, explain, N+1, paginação e locks. Nesta sessão: entender funcionamento interno, limitações, impacto em backend e riscos. | índices, explain, N+1, paginação e locks. Nesta sessão: implementar solução com validação, erro, teste, configuração ou observabilidade quando aplicável. | índices, explain, N+1, paginação e locks. Nesta sessão: simular falhas, diagnosticar sintomas, medir comportamento e corrigir. | índices, explain, N+1, paginação e locks. Nesta sessão: entregar mini solução com README, evidência, teste, decisão técnica ou ADR.;Aula mentorada única cobrindo integralmente todas as sessões operacionais deste tópico macro.
406;406_M15_20_LOAD_TESTING.md;M15;Observabilidade, performance, concorrência e produção;Load testing;M15.20.01;M15.20.04;4;Fundamento avançado e modelo mental | Implementação profissional orientada a produção | Casos de borda, falhas e troubleshooting | Desafio aplicado, revisão técnica e entrega;k6/JMeter conceitual, cenários, ramp-up e interpretação. Nesta sessão: entender funcionamento interno, limitações, impacto em backend e riscos. | k6/JMeter conceitual, cenários, ramp-up e interpretação. Nesta sessão: implementar solução com validação, erro, teste, configuração ou observabilidade quando aplicável. | k6/JMeter conceitual, cenários, ramp-up e interpretação. Nesta sessão: simular falhas, diagnosticar sintomas, medir comportamento e corrigir. | k6/JMeter conceitual, cenários, ramp-up e interpretação. Nesta sessão: entregar mini solução com README, evidência, teste, decisão técnica ou ADR.;Aula mentorada única cobrindo integralmente todas as sessões operacionais deste tópico macro.
407;407_M15_21_HIKARICP.md;M15;Observabilidade, performance, concorrência e produção;HikariCP;M15.21.01;M15.21.04;4;Fundamento avançado e modelo mental | Implementação profissional orientada a produção | Casos de borda, falhas e troubleshooting | Desafio aplicado, revisão técnica e entrega;pool size, timeout, métricas e sintomas. Nesta sessão: entender funcionamento interno, limitações, impacto em backend e riscos. | pool size, timeout, métricas e sintomas. Nesta sessão: implementar solução com validação, erro, teste, configuração ou observabilidade quando aplicável. | pool size, timeout, métricas e sintomas. Nesta sessão: simular falhas, diagnosticar sintomas, medir comportamento e corrigir. | pool size, timeout, métricas e sintomas. Nesta sessão: entregar mini solução com README, evidência, teste, decisão técnica ou ADR.;Aula mentorada única cobrindo integralmente todas as sessões operacionais deste tópico macro.
408;408_M15_22_CONCORRENCIA_JAVA_CLASSICA.md;M15;Observabilidade, performance, concorrência e produção;Concorrência Java clássica;M15.22.01;M15.22.04;4;Fundamento avançado e modelo mental | Implementação profissional orientada a produção | Casos de borda, falhas e troubleshooting | Desafio aplicado, revisão técnica e entrega;Thread, Runnable, sincronização e riscos. Nesta sessão: entender funcionamento interno, limitações, impacto em backend e riscos. | Thread, Runnable, sincronização e riscos. Nesta sessão: implementar solução com validação, erro, teste, configuração ou observabilidade quando aplicável. | Thread, Runnable, sincronização e riscos. Nesta sessão: simular falhas, diagnosticar sintomas, medir comportamento e corrigir. | Thread, Runnable, sincronização e riscos. Nesta sessão: entregar mini solução com README, evidência, teste, decisão técnica ou ADR.;Aula mentorada única cobrindo integralmente todas as sessões operacionais deste tópico macro.
409;409_M15_23_EXECUTORSERVICE_E_POOLS.md;M15;Observabilidade, performance, concorrência e produção;ExecutorService e pools;M15.23.01;M15.23.04;4;Fundamento avançado e modelo mental | Implementação profissional orientada a produção | Casos de borda, falhas e troubleshooting | Desafio aplicado, revisão técnica e entrega;tamanho, filas, Future e shutdown. Nesta sessão: entender funcionamento interno, limitações, impacto em backend e riscos. | tamanho, filas, Future e shutdown. Nesta sessão: implementar solução com validação, erro, teste, configuração ou observabilidade quando aplicável. | tamanho, filas, Future e shutdown. Nesta sessão: simular falhas, diagnosticar sintomas, medir comportamento e corrigir. | tamanho, filas, Future e shutdown. Nesta sessão: entregar mini solução com README, evidência, teste, decisão técnica ou ADR.;Aula mentorada única cobrindo integralmente todas as sessões operacionais deste tópico macro.
410;410_M15_24_COMPLETABLEFUTURE.md;M15;Observabilidade, performance, concorrência e produção;CompletableFuture;M15.24.01;M15.24.04;4;Fundamento avançado e modelo mental | Implementação profissional orientada a produção | Casos de borda, falhas e troubleshooting | Desafio aplicado, revisão técnica e entrega;async, composição, tratamento de erro e timeout. Nesta sessão: entender funcionamento interno, limitações, impacto em backend e riscos. | async, composição, tratamento de erro e timeout. Nesta sessão: implementar solução com validação, erro, teste, configuração ou observabilidade quando aplicável. | async, composição, tratamento de erro e timeout. Nesta sessão: simular falhas, diagnosticar sintomas, medir comportamento e corrigir. | async, composição, tratamento de erro e timeout. Nesta sessão: entregar mini solução com README, evidência, teste, decisão técnica ou ADR.;Aula mentorada única cobrindo integralmente todas as sessões operacionais deste tópico macro.
411;411_M15_25_VIRTUAL_THREADS.md;M15;Observabilidade, performance, concorrência e produção;Virtual threads;M15.25.01;M15.25.04;4;Fundamento avançado e modelo mental | Implementação profissional orientada a produção | Casos de borda, falhas e troubleshooting | Desafio aplicado, revisão técnica e entrega;modelo moderno, uso em I/O e limites. Nesta sessão: entender funcionamento interno, limitações, impacto em backend e riscos. | modelo moderno, uso em I/O e limites. Nesta sessão: implementar solução com validação, erro, teste, configuração ou observabilidade quando aplicável. | modelo moderno, uso em I/O e limites. Nesta sessão: simular falhas, diagnosticar sintomas, medir comportamento e corrigir. | modelo moderno, uso em I/O e limites. Nesta sessão: entregar mini solução com README, evidência, teste, decisão técnica ou ADR.;Aula mentorada única cobrindo integralmente todas as sessões operacionais deste tópico macro.
412;412_M15_26_RACE_CONDITION.md;M15;Observabilidade, performance, concorrência e produção;Race condition;M15.26.01;M15.26.04;4;Fundamento avançado e modelo mental | Implementação profissional orientada a produção | Casos de borda, falhas e troubleshooting | Desafio aplicado, revisão técnica e entrega;estado compartilhado, reprodução e correção. Nesta sessão: entender funcionamento interno, limitações, impacto em backend e riscos. | estado compartilhado, reprodução e correção. Nesta sessão: implementar solução com validação, erro, teste, configuração ou observabilidade quando aplicável. | estado compartilhado, reprodução e correção. Nesta sessão: simular falhas, diagnosticar sintomas, medir comportamento e corrigir. | estado compartilhado, reprodução e correção. Nesta sessão: entregar mini solução com README, evidência, teste, decisão técnica ou ADR.;Aula mentorada única cobrindo integralmente todas as sessões operacionais deste tópico macro.
413;413_M15_27_PROJETO_API_OBSERVAVEL_E_OTIMIZADA.md;M15;Observabilidade, performance, concorrência e produção;Projeto API observável e otimizada;M15.27.01;M15.27.04;4;Fundamento avançado e modelo mental | Implementação profissional orientada a produção | Casos de borda, falhas e troubleshooting | Desafio aplicado, revisão técnica e entrega;logs, métricas, tracing, dashboards, teste de carga e relatório. Nesta sessão: entender funcionamento interno, limitações, impacto em backend e riscos. | logs, métricas, tracing, dashboards, teste de carga e relatório. Nesta sessão: implementar solução com validação, erro, teste, configuração ou observabilidade quando aplicável. | logs, métricas, tracing, dashboards, teste de carga e relatório. Nesta sessão: simular falhas, diagnosticar sintomas, medir comportamento e corrigir. | logs, métricas, tracing, dashboards, teste de carga e relatório. Nesta sessão: entregar mini solução com README, evidência, teste, decisão técnica ou ADR.;Aula mentorada única cobrindo integralmente todas as sessões operacionais deste tópico macro.
414;414_M16_01_ARQUITETURA_EM_CAMADAS.md;M16;Arquitetura, DDD, sistemas distribuídos e liderança técnica;Arquitetura em camadas;M16.01.01;M16.01.04;4;Conceito arquitetural, contexto e trade-offs | Desenho de solução e modelagem | Implementação ou prova de conceito | ADR, defesa técnica e simulação de entrevista;controller, service, repository, domain, dependências e limites. Nesta sessão: comparar alternativas, custos, riscos, impactos no time, operação e evolução. | controller, service, repository, domain, dependências e limites. Nesta sessão: desenhar componentes, fluxos, contratos, dados, integrações e responsabilidades. | controller, service, repository, domain, dependências e limites. Nesta sessão: criar POC pequena ou refatoração guiada que materialize a decisão. | controller, service, repository, domain, dependências e limites. Nesta sessão: documentar decisão, defender escolhas, responder objeções e revisar riscos.;Aula mentorada única cobrindo integralmente todas as sessões operacionais deste tópico macro.
415;415_M16_02_CLEAN_ARCHITECTURE.md;M16;Arquitetura, DDD, sistemas distribuídos e liderança técnica;Clean Architecture;M16.02.01;M16.02.04;4;Conceito arquitetural, contexto e trade-offs | Desenho de solução e modelagem | Implementação ou prova de conceito | ADR, defesa técnica e simulação de entrevista;entities, use cases, interface adapters e frameworks. Nesta sessão: comparar alternativas, custos, riscos, impactos no time, operação e evolução. | entities, use cases, interface adapters e frameworks. Nesta sessão: desenhar componentes, fluxos, contratos, dados, integrações e responsabilidades. | entities, use cases, interface adapters e frameworks. Nesta sessão: criar POC pequena ou refatoração guiada que materialize a decisão. | entities, use cases, interface adapters e frameworks. Nesta sessão: documentar decisão, defender escolhas, responder objeções e revisar riscos.;Aula mentorada única cobrindo integralmente todas as sessões operacionais deste tópico macro.
416;416_M16_03_ARQUITETURA_HEXAGONAL.md;M16;Arquitetura, DDD, sistemas distribuídos e liderança técnica;Arquitetura hexagonal;M16.03.01;M16.03.04;4;Conceito arquitetural, contexto e trade-offs | Desenho de solução e modelagem | Implementação ou prova de conceito | ADR, defesa técnica e simulação de entrevista;ports, adapters, domínio isolado e testes. Nesta sessão: comparar alternativas, custos, riscos, impactos no time, operação e evolução. | ports, adapters, domínio isolado e testes. Nesta sessão: desenhar componentes, fluxos, contratos, dados, integrações e responsabilidades. | ports, adapters, domínio isolado e testes. Nesta sessão: criar POC pequena ou refatoração guiada que materialize a decisão. | ports, adapters, domínio isolado e testes. Nesta sessão: documentar decisão, defender escolhas, responder objeções e revisar riscos.;Aula mentorada única cobrindo integralmente todas as sessões operacionais deste tópico macro.
417;417_M16_04_MONOLITO_MODULAR.md;M16;Arquitetura, DDD, sistemas distribuídos e liderança técnica;Monólito modular;M16.04.01;M16.04.04;4;Conceito arquitetural, contexto e trade-offs | Desenho de solução e modelagem | Implementação ou prova de conceito | ADR, defesa técnica e simulação de entrevista;módulos, boundaries, dependências e evolução. Nesta sessão: comparar alternativas, custos, riscos, impactos no time, operação e evolução. | módulos, boundaries, dependências e evolução. Nesta sessão: desenhar componentes, fluxos, contratos, dados, integrações e responsabilidades. | módulos, boundaries, dependências e evolução. Nesta sessão: criar POC pequena ou refatoração guiada que materialize a decisão. | módulos, boundaries, dependências e evolução. Nesta sessão: documentar decisão, defender escolhas, responder objeções e revisar riscos.;Aula mentorada única cobrindo integralmente todas as sessões operacionais deste tópico macro.
418;418_M16_05_DDD_FUNDAMENTOS.md;M16;Arquitetura, DDD, sistemas distribuídos e liderança técnica;DDD fundamentos;M16.05.01;M16.05.04;4;Conceito arquitetural, contexto e trade-offs | Desenho de solução e modelagem | Implementação ou prova de conceito | ADR, defesa técnica e simulação de entrevista;linguagem ubíqua, domínio, subdomínio e especialistas. Nesta sessão: comparar alternativas, custos, riscos, impactos no time, operação e evolução. | linguagem ubíqua, domínio, subdomínio e especialistas. Nesta sessão: desenhar componentes, fluxos, contratos, dados, integrações e responsabilidades. | linguagem ubíqua, domínio, subdomínio e especialistas. Nesta sessão: criar POC pequena ou refatoração guiada que materialize a decisão. | linguagem ubíqua, domínio, subdomínio e especialistas. Nesta sessão: documentar decisão, defender escolhas, responder objeções e revisar riscos.;Aula mentorada única cobrindo integralmente todas as sessões operacionais deste tópico macro.
419;419_M16_06_ENTIDADE_E_VALUE_OBJECT.md;M16;Arquitetura, DDD, sistemas distribuídos e liderança técnica;Entidade e Value Object;M16.06.01;M16.06.04;4;Conceito arquitetural, contexto e trade-offs | Desenho de solução e modelagem | Implementação ou prova de conceito | ADR, defesa técnica e simulação de entrevista;identidade, imutabilidade, igualdade e exemplos. Nesta sessão: comparar alternativas, custos, riscos, impactos no time, operação e evolução. | identidade, imutabilidade, igualdade e exemplos. Nesta sessão: desenhar componentes, fluxos, contratos, dados, integrações e responsabilidades. | identidade, imutabilidade, igualdade e exemplos. Nesta sessão: criar POC pequena ou refatoração guiada que materialize a decisão. | identidade, imutabilidade, igualdade e exemplos. Nesta sessão: documentar decisão, defender escolhas, responder objeções e revisar riscos.;Aula mentorada única cobrindo integralmente todas as sessões operacionais deste tópico macro.
420;420_M16_07_AGGREGATE_E_AGGREGATE_ROOT.md;M16;Arquitetura, DDD, sistemas distribuídos e liderança técnica;Aggregate e Aggregate Root;M16.07.01;M16.07.04;4;Conceito arquitetural, contexto e trade-offs | Desenho de solução e modelagem | Implementação ou prova de conceito | ADR, defesa técnica e simulação de entrevista;consistência, invariantes, transações e limites. Nesta sessão: comparar alternativas, custos, riscos, impactos no time, operação e evolução. | consistência, invariantes, transações e limites. Nesta sessão: desenhar componentes, fluxos, contratos, dados, integrações e responsabilidades. | consistência, invariantes, transações e limites. Nesta sessão: criar POC pequena ou refatoração guiada que materialize a decisão. | consistência, invariantes, transações e limites. Nesta sessão: documentar decisão, defender escolhas, responder objeções e revisar riscos.;Aula mentorada única cobrindo integralmente todas as sessões operacionais deste tópico macro.
421;421_M16_08_REPOSITORY_EM_DDD.md;M16;Arquitetura, DDD, sistemas distribuídos e liderança técnica;Repository em DDD;M16.08.01;M16.08.04;4;Conceito arquitetural, contexto e trade-offs | Desenho de solução e modelagem | Implementação ou prova de conceito | ADR, defesa técnica e simulação de entrevista;coleção de agregados, abstração e persistência. Nesta sessão: comparar alternativas, custos, riscos, impactos no time, operação e evolução. | coleção de agregados, abstração e persistência. Nesta sessão: desenhar componentes, fluxos, contratos, dados, integrações e responsabilidades. | coleção de agregados, abstração e persistência. Nesta sessão: criar POC pequena ou refatoração guiada que materialize a decisão. | coleção de agregados, abstração e persistência. Nesta sessão: documentar decisão, defender escolhas, responder objeções e revisar riscos.;Aula mentorada única cobrindo integralmente todas as sessões operacionais deste tópico macro.
422;422_M16_09_DOMAIN_SERVICE.md;M16;Arquitetura, DDD, sistemas distribuídos e liderança técnica;Domain Service;M16.09.01;M16.09.04;4;Conceito arquitetural, contexto e trade-offs | Desenho de solução e modelagem | Implementação ou prova de conceito | ADR, defesa técnica e simulação de entrevista;regra que não pertence a uma entidade específica. Nesta sessão: comparar alternativas, custos, riscos, impactos no time, operação e evolução. | regra que não pertence a uma entidade específica. Nesta sessão: desenhar componentes, fluxos, contratos, dados, integrações e responsabilidades. | regra que não pertence a uma entidade específica. Nesta sessão: criar POC pequena ou refatoração guiada que materialize a decisão. | regra que não pertence a uma entidade específica. Nesta sessão: documentar decisão, defender escolhas, responder objeções e revisar riscos.;Aula mentorada única cobrindo integralmente todas as sessões operacionais deste tópico macro.
423;423_M16_10_APPLICATION_SERVICE_USE_CASE.md;M16;Arquitetura, DDD, sistemas distribuídos e liderança técnica;Application Service / Use Case;M16.10.01;M16.10.04;4;Conceito arquitetural, contexto e trade-offs | Desenho de solução e modelagem | Implementação ou prova de conceito | ADR, defesa técnica e simulação de entrevista;orquestração, transação e DTOs. Nesta sessão: comparar alternativas, custos, riscos, impactos no time, operação e evolução. | orquestração, transação e DTOs. Nesta sessão: desenhar componentes, fluxos, contratos, dados, integrações e responsabilidades. | orquestração, transação e DTOs. Nesta sessão: criar POC pequena ou refatoração guiada que materialize a decisão. | orquestração, transação e DTOs. Nesta sessão: documentar decisão, defender escolhas, responder objeções e revisar riscos.;Aula mentorada única cobrindo integralmente todas as sessões operacionais deste tópico macro.
424;424_M16_11_DOMAIN_EVENTS.md;M16;Arquitetura, DDD, sistemas distribuídos e liderança técnica;Domain Events;M16.11.01;M16.11.04;4;Conceito arquitetural, contexto e trade-offs | Desenho de solução e modelagem | Implementação ou prova de conceito | ADR, defesa técnica e simulação de entrevista;eventos de negócio, publicação e reação. Nesta sessão: comparar alternativas, custos, riscos, impactos no time, operação e evolução. | eventos de negócio, publicação e reação. Nesta sessão: desenhar componentes, fluxos, contratos, dados, integrações e responsabilidades. | eventos de negócio, publicação e reação. Nesta sessão: criar POC pequena ou refatoração guiada que materialize a decisão. | eventos de negócio, publicação e reação. Nesta sessão: documentar decisão, defender escolhas, responder objeções e revisar riscos.;Aula mentorada única cobrindo integralmente todas as sessões operacionais deste tópico macro.
425;425_M16_12_BOUNDED_CONTEXT.md;M16;Arquitetura, DDD, sistemas distribuídos e liderança técnica;Bounded Context;M16.12.01;M16.12.04;4;Conceito arquitetural, contexto e trade-offs | Desenho de solução e modelagem | Implementação ou prova de conceito | ADR, defesa técnica e simulação de entrevista;fronteiras, modelos diferentes e integração. Nesta sessão: comparar alternativas, custos, riscos, impactos no time, operação e evolução. | fronteiras, modelos diferentes e integração. Nesta sessão: desenhar componentes, fluxos, contratos, dados, integrações e responsabilidades. | fronteiras, modelos diferentes e integração. Nesta sessão: criar POC pequena ou refatoração guiada que materialize a decisão. | fronteiras, modelos diferentes e integração. Nesta sessão: documentar decisão, defender escolhas, responder objeções e revisar riscos.;Aula mentorada única cobrindo integralmente todas as sessões operacionais deste tópico macro.
426;426_M16_13_CONTEXT_MAP.md;M16;Arquitetura, DDD, sistemas distribuídos e liderança técnica;Context Map;M16.13.01;M16.13.04;4;Conceito arquitetural, contexto e trade-offs | Desenho de solução e modelagem | Implementação ou prova de conceito | ADR, defesa técnica e simulação de entrevista;customer/supplier, conformist, anticorruption e shared kernel. Nesta sessão: comparar alternativas, custos, riscos, impactos no time, operação e evolução. | customer/supplier, conformist, anticorruption e shared kernel. Nesta sessão: desenhar componentes, fluxos, contratos, dados, integrações e responsabilidades. | customer/supplier, conformist, anticorruption e shared kernel. Nesta sessão: criar POC pequena ou refatoração guiada que materialize a decisão. | customer/supplier, conformist, anticorruption e shared kernel. Nesta sessão: documentar decisão, defender escolhas, responder objeções e revisar riscos.;Aula mentorada única cobrindo integralmente todas as sessões operacionais deste tópico macro.
427;427_M16_14_ANTI_CORRUPTION_LAYER.md;M16;Arquitetura, DDD, sistemas distribuídos e liderança técnica;Anti-Corruption Layer;M16.14.01;M16.14.04;4;Conceito arquitetural, contexto e trade-offs | Desenho de solução e modelagem | Implementação ou prova de conceito | ADR, defesa técnica e simulação de entrevista;proteger domínio de sistemas externos/legados. Nesta sessão: comparar alternativas, custos, riscos, impactos no time, operação e evolução. | proteger domínio de sistemas externos/legados. Nesta sessão: desenhar componentes, fluxos, contratos, dados, integrações e responsabilidades. | proteger domínio de sistemas externos/legados. Nesta sessão: criar POC pequena ou refatoração guiada que materialize a decisão. | proteger domínio de sistemas externos/legados. Nesta sessão: documentar decisão, defender escolhas, responder objeções e revisar riscos.;Aula mentorada única cobrindo integralmente todas as sessões operacionais deste tópico macro.
428;428_M16_15_EVENT_STORMING.md;M16;Arquitetura, DDD, sistemas distribuídos e liderança técnica;Event Storming;M16.15.01;M16.15.04;4;Conceito arquitetural, contexto e trade-offs | Desenho de solução e modelagem | Implementação ou prova de conceito | ADR, defesa técnica e simulação de entrevista;descoberta de domínio, eventos, comandos e agregados. Nesta sessão: comparar alternativas, custos, riscos, impactos no time, operação e evolução. | descoberta de domínio, eventos, comandos e agregados. Nesta sessão: desenhar componentes, fluxos, contratos, dados, integrações e responsabilidades. | descoberta de domínio, eventos, comandos e agregados. Nesta sessão: criar POC pequena ou refatoração guiada que materialize a decisão. | descoberta de domínio, eventos, comandos e agregados. Nesta sessão: documentar decisão, defender escolhas, responder objeções e revisar riscos.;Aula mentorada única cobrindo integralmente todas as sessões operacionais deste tópico macro.
429;429_M16_16_CQRS.md;M16;Arquitetura, DDD, sistemas distribuídos e liderança técnica;CQRS;M16.16.01;M16.16.04;4;Conceito arquitetural, contexto e trade-offs | Desenho de solução e modelagem | Implementação ou prova de conceito | ADR, defesa técnica e simulação de entrevista;separar comando/consulta, quando usar e quando evitar. Nesta sessão: comparar alternativas, custos, riscos, impactos no time, operação e evolução. | separar comando/consulta, quando usar e quando evitar. Nesta sessão: desenhar componentes, fluxos, contratos, dados, integrações e responsabilidades. | separar comando/consulta, quando usar e quando evitar. Nesta sessão: criar POC pequena ou refatoração guiada que materialize a decisão. | separar comando/consulta, quando usar e quando evitar. Nesta sessão: documentar decisão, defender escolhas, responder objeções e revisar riscos.;Aula mentorada única cobrindo integralmente todas as sessões operacionais deste tópico macro.
430;430_M16_17_EVENT_SOURCING_CONCEITUAL.md;M16;Arquitetura, DDD, sistemas distribuídos e liderança técnica;Event Sourcing conceitual;M16.17.01;M16.17.04;4;Conceito arquitetural, contexto e trade-offs | Desenho de solução e modelagem | Implementação ou prova de conceito | ADR, defesa técnica e simulação de entrevista;eventos como fonte de verdade, custo e uso. Nesta sessão: comparar alternativas, custos, riscos, impactos no time, operação e evolução. | eventos como fonte de verdade, custo e uso. Nesta sessão: desenhar componentes, fluxos, contratos, dados, integrações e responsabilidades. | eventos como fonte de verdade, custo e uso. Nesta sessão: criar POC pequena ou refatoração guiada que materialize a decisão. | eventos como fonte de verdade, custo e uso. Nesta sessão: documentar decisão, defender escolhas, responder objeções e revisar riscos.;Aula mentorada única cobrindo integralmente todas as sessões operacionais deste tópico macro.
431;431_M16_18_ARQUITETURA_ORIENTADA_A_EVENTOS.md;M16;Arquitetura, DDD, sistemas distribuídos e liderança técnica;Arquitetura orientada a eventos;M16.18.01;M16.18.04;4;Conceito arquitetural, contexto e trade-offs | Desenho de solução e modelagem | Implementação ou prova de conceito | ADR, defesa técnica e simulação de entrevista;eventos, assincronismo, acoplamento e governança. Nesta sessão: comparar alternativas, custos, riscos, impactos no time, operação e evolução. | eventos, assincronismo, acoplamento e governança. Nesta sessão: desenhar componentes, fluxos, contratos, dados, integrações e responsabilidades. | eventos, assincronismo, acoplamento e governança. Nesta sessão: criar POC pequena ou refatoração guiada que materialize a decisão. | eventos, assincronismo, acoplamento e governança. Nesta sessão: documentar decisão, defender escolhas, responder objeções e revisar riscos.;Aula mentorada única cobrindo integralmente todas as sessões operacionais deste tópico macro.
432;432_M16_19_CAP_E_PACELC.md;M16;Arquitetura, DDD, sistemas distribuídos e liderança técnica;CAP e PACELC;M16.19.01;M16.19.04;4;Conceito arquitetural, contexto e trade-offs | Desenho de solução e modelagem | Implementação ou prova de conceito | ADR, defesa técnica e simulação de entrevista;consistência, disponibilidade, partição, latência e trade-offs. Nesta sessão: comparar alternativas, custos, riscos, impactos no time, operação e evolução. | consistência, disponibilidade, partição, latência e trade-offs. Nesta sessão: desenhar componentes, fluxos, contratos, dados, integrações e responsabilidades. | consistência, disponibilidade, partição, latência e trade-offs. Nesta sessão: criar POC pequena ou refatoração guiada que materialize a decisão. | consistência, disponibilidade, partição, latência e trade-offs. Nesta sessão: documentar decisão, defender escolhas, responder objeções e revisar riscos.;Aula mentorada única cobrindo integralmente todas as sessões operacionais deste tópico macro.
433;433_M16_20_CONSISTENCIA_EVENTUAL.md;M16;Arquitetura, DDD, sistemas distribuídos e liderança técnica;Consistência eventual;M16.20.01;M16.20.04;4;Conceito arquitetural, contexto e trade-offs | Desenho de solução e modelagem | Implementação ou prova de conceito | ADR, defesa técnica e simulação de entrevista;experiência do usuário, reconciliação e compensação. Nesta sessão: comparar alternativas, custos, riscos, impactos no time, operação e evolução. | experiência do usuário, reconciliação e compensação. Nesta sessão: desenhar componentes, fluxos, contratos, dados, integrações e responsabilidades. | experiência do usuário, reconciliação e compensação. Nesta sessão: criar POC pequena ou refatoração guiada que materialize a decisão. | experiência do usuário, reconciliação e compensação. Nesta sessão: documentar decisão, defender escolhas, responder objeções e revisar riscos.;Aula mentorada única cobrindo integralmente todas as sessões operacionais deste tópico macro.
434;434_M16_21_DESIGN_DE_SISTEMAS.md;M16;Arquitetura, DDD, sistemas distribuídos e liderança técnica;Design de sistemas;M16.21.01;M16.21.04;4;Conceito arquitetural, contexto e trade-offs | Desenho de solução e modelagem | Implementação ou prova de conceito | ADR, defesa técnica e simulação de entrevista;requisitos, carga, dados, APIs, gargalos e trade-offs. Nesta sessão: comparar alternativas, custos, riscos, impactos no time, operação e evolução. | requisitos, carga, dados, APIs, gargalos e trade-offs. Nesta sessão: desenhar componentes, fluxos, contratos, dados, integrações e responsabilidades. | requisitos, carga, dados, APIs, gargalos e trade-offs. Nesta sessão: criar POC pequena ou refatoração guiada que materialize a decisão. | requisitos, carga, dados, APIs, gargalos e trade-offs. Nesta sessão: documentar decisão, defender escolhas, responder objeções e revisar riscos.;Aula mentorada única cobrindo integralmente todas as sessões operacionais deste tópico macro.
435;435_M16_22_ESCALABILIDADE.md;M16;Arquitetura, DDD, sistemas distribuídos e liderança técnica;Escalabilidade;M16.22.01;M16.22.04;4;Conceito arquitetural, contexto e trade-offs | Desenho de solução e modelagem | Implementação ou prova de conceito | ADR, defesa técnica e simulação de entrevista;horizontal, vertical, cache, filas, banco e limites. Nesta sessão: comparar alternativas, custos, riscos, impactos no time, operação e evolução. | horizontal, vertical, cache, filas, banco e limites. Nesta sessão: desenhar componentes, fluxos, contratos, dados, integrações e responsabilidades. | horizontal, vertical, cache, filas, banco e limites. Nesta sessão: criar POC pequena ou refatoração guiada que materialize a decisão. | horizontal, vertical, cache, filas, banco e limites. Nesta sessão: documentar decisão, defender escolhas, responder objeções e revisar riscos.;Aula mentorada única cobrindo integralmente todas as sessões operacionais deste tópico macro.
436;436_M16_23_RESILIENCIA_ARQUITETURAL.md;M16;Arquitetura, DDD, sistemas distribuídos e liderança técnica;Resiliência arquitetural;M16.23.01;M16.23.04;4;Conceito arquitetural, contexto e trade-offs | Desenho de solução e modelagem | Implementação ou prova de conceito | ADR, defesa técnica e simulação de entrevista;timeout, retry, circuit breaker, fallback e isolamento. Nesta sessão: comparar alternativas, custos, riscos, impactos no time, operação e evolução. | timeout, retry, circuit breaker, fallback e isolamento. Nesta sessão: desenhar componentes, fluxos, contratos, dados, integrações e responsabilidades. | timeout, retry, circuit breaker, fallback e isolamento. Nesta sessão: criar POC pequena ou refatoração guiada que materialize a decisão. | timeout, retry, circuit breaker, fallback e isolamento. Nesta sessão: documentar decisão, defender escolhas, responder objeções e revisar riscos.;Aula mentorada única cobrindo integralmente todas as sessões operacionais deste tópico macro.
437;437_M16_24_MULTI_TENANCY_ARQUITETURA.md;M16;Arquitetura, DDD, sistemas distribuídos e liderança técnica;Multi-tenancy arquitetura;M16.24.01;M16.24.04;4;Conceito arquitetural, contexto e trade-offs | Desenho de solução e modelagem | Implementação ou prova de conceito | ADR, defesa técnica e simulação de entrevista;por banco, schema, coluna, isolamento e custo. Nesta sessão: comparar alternativas, custos, riscos, impactos no time, operação e evolução. | por banco, schema, coluna, isolamento e custo. Nesta sessão: desenhar componentes, fluxos, contratos, dados, integrações e responsabilidades. | por banco, schema, coluna, isolamento e custo. Nesta sessão: criar POC pequena ou refatoração guiada que materialize a decisão. | por banco, schema, coluna, isolamento e custo. Nesta sessão: documentar decisão, defender escolhas, responder objeções e revisar riscos.;Aula mentorada única cobrindo integralmente todas as sessões operacionais deste tópico macro.
438;438_M16_25_ARQUITETURA_CORPORATIVA_BRASILEIRA.md;M16;Arquitetura, DDD, sistemas distribuídos e liderança técnica;Arquitetura corporativa brasileira;M16.25.01;M16.25.04;4;Conceito arquitetural, contexto e trade-offs | Desenho de solução e modelagem | Implementação ou prova de conceito | ADR, defesa técnica e simulação de entrevista;legado, Oracle, SAP, batch, filas, auditoria e homologação. Nesta sessão: comparar alternativas, custos, riscos, impactos no time, operação e evolução. | legado, Oracle, SAP, batch, filas, auditoria e homologação. Nesta sessão: desenhar componentes, fluxos, contratos, dados, integrações e responsabilidades. | legado, Oracle, SAP, batch, filas, auditoria e homologação. Nesta sessão: criar POC pequena ou refatoração guiada que materialize a decisão. | legado, Oracle, SAP, batch, filas, auditoria e homologação. Nesta sessão: documentar decisão, defender escolhas, responder objeções e revisar riscos.;Aula mentorada única cobrindo integralmente todas as sessões operacionais deste tópico macro.
439;439_M16_26_MODERNIZACAO_DE_LEGADO.md;M16;Arquitetura, DDD, sistemas distribuídos e liderança técnica;Modernização de legado;M16.26.01;M16.26.04;4;Conceito arquitetural, contexto e trade-offs | Desenho de solução e modelagem | Implementação ou prova de conceito | ADR, defesa técnica e simulação de entrevista;strangler fig, anticorruption, migração incremental e riscos. Nesta sessão: comparar alternativas, custos, riscos, impactos no time, operação e evolução. | strangler fig, anticorruption, migração incremental e riscos. Nesta sessão: desenhar componentes, fluxos, contratos, dados, integrações e responsabilidades. | strangler fig, anticorruption, migração incremental e riscos. Nesta sessão: criar POC pequena ou refatoração guiada que materialize a decisão. | strangler fig, anticorruption, migração incremental e riscos. Nesta sessão: documentar decisão, defender escolhas, responder objeções e revisar riscos.;Aula mentorada única cobrindo integralmente todas as sessões operacionais deste tópico macro.
440;440_M16_27_ADR.md;M16;Arquitetura, DDD, sistemas distribuídos e liderança técnica;ADR;M16.27.01;M16.27.04;4;Conceito arquitetural, contexto e trade-offs | Desenho de solução e modelagem | Implementação ou prova de conceito | ADR, defesa técnica e simulação de entrevista;registro de decisão, contexto, opções, decisão e consequências. Nesta sessão: comparar alternativas, custos, riscos, impactos no time, operação e evolução. | registro de decisão, contexto, opções, decisão e consequências. Nesta sessão: desenhar componentes, fluxos, contratos, dados, integrações e responsabilidades. | registro de decisão, contexto, opções, decisão e consequências. Nesta sessão: criar POC pequena ou refatoração guiada que materialize a decisão. | registro de decisão, contexto, opções, decisão e consequências. Nesta sessão: documentar decisão, defender escolhas, responder objeções e revisar riscos.;Aula mentorada única cobrindo integralmente todas as sessões operacionais deste tópico macro.
441;441_M16_28_RFC_TECNICO.md;M16;Arquitetura, DDD, sistemas distribuídos e liderança técnica;RFC técnico;M16.28.01;M16.28.04;4;Conceito arquitetural, contexto e trade-offs | Desenho de solução e modelagem | Implementação ou prova de conceito | ADR, defesa técnica e simulação de entrevista;proposta, revisão, impacto, plano e aceite. Nesta sessão: comparar alternativas, custos, riscos, impactos no time, operação e evolução. | proposta, revisão, impacto, plano e aceite. Nesta sessão: desenhar componentes, fluxos, contratos, dados, integrações e responsabilidades. | proposta, revisão, impacto, plano e aceite. Nesta sessão: criar POC pequena ou refatoração guiada que materialize a decisão. | proposta, revisão, impacto, plano e aceite. Nesta sessão: documentar decisão, defender escolhas, responder objeções e revisar riscos.;Aula mentorada única cobrindo integralmente todas as sessões operacionais deste tópico macro.
442;442_M16_29_CODE_REVIEW_COMO_LIDERANCA.md;M16;Arquitetura, DDD, sistemas distribuídos e liderança técnica;Code review como liderança;M16.29.01;M16.29.04;4;Conceito arquitetural, contexto e trade-offs | Desenho de solução e modelagem | Implementação ou prova de conceito | ADR, defesa técnica e simulação de entrevista;feedback, padrões, risco, mentoria e consistência. Nesta sessão: comparar alternativas, custos, riscos, impactos no time, operação e evolução. | feedback, padrões, risco, mentoria e consistência. Nesta sessão: desenhar componentes, fluxos, contratos, dados, integrações e responsabilidades. | feedback, padrões, risco, mentoria e consistência. Nesta sessão: criar POC pequena ou refatoração guiada que materialize a decisão. | feedback, padrões, risco, mentoria e consistência. Nesta sessão: documentar decisão, defender escolhas, responder objeções e revisar riscos.;Aula mentorada única cobrindo integralmente todas as sessões operacionais deste tópico macro.
443;443_M16_30_DESENHO_ARQUITETURAL_DO_PROJETO_FINAL.md;M16;Arquitetura, DDD, sistemas distribuídos e liderança técnica;Desenho arquitetural do projeto final;M16.30.01;M16.30.04;4;Conceito arquitetural, contexto e trade-offs | Desenho de solução e modelagem | Implementação ou prova de conceito | ADR, defesa técnica e simulação de entrevista;módulos, integrações, dados, segurança, observabilidade e deploy. Nesta sessão: comparar alternativas, custos, riscos, impactos no time, operação e evolução. | módulos, integrações, dados, segurança, observabilidade e deploy. Nesta sessão: desenhar componentes, fluxos, contratos, dados, integrações e responsabilidades. | módulos, integrações, dados, segurança, observabilidade e deploy. Nesta sessão: criar POC pequena ou refatoração guiada que materialize a decisão. | módulos, integrações, dados, segurança, observabilidade e deploy. Nesta sessão: documentar decisão, defender escolhas, responder objeções e revisar riscos.;Aula mentorada única cobrindo integralmente todas as sessões operacionais deste tópico macro.
444;444_M17_01_DEFINICAO_DO_PROJETO_FINAL.md;M17;Projeto final, carreira, entrevistas e capacidade de ensinar;Definição do projeto final;M17.01.01;M17.01.04;4;Planejamento, requisitos e critérios de aceite | Implementação guiada incremental | Implementação solo e expansão | Revisão, testes, documentação e entrega;escopo, domínio, objetivos, critérios de aceite e riscos. Nesta sessão: definir escopo, entradas, saídas, regras, riscos, tarefas e DoD. | escopo, domínio, objetivos, critérios de aceite e riscos. Nesta sessão: codar a primeira fatia vertical com commits pequenos e validação. | escopo, domínio, objetivos, critérios de aceite e riscos. Nesta sessão: ampliar funcionalidade, cobrir regras, tratar erros e melhorar organização. | escopo, domínio, objetivos, critérios de aceite e riscos. Nesta sessão: validar, testar, revisar, documentar, commitar e preparar explicação.;Aula mentorada única cobrindo integralmente todas as sessões operacionais deste tópico macro.
445;445_M17_02_BACKLOG_DO_PROJETO_FINAL.md;M17;Projeto final, carreira, entrevistas e capacidade de ensinar;Backlog do projeto final;M17.02.01;M17.02.04;4;Planejamento, requisitos e critérios de aceite | Implementação guiada incremental | Implementação solo e expansão | Revisão, testes, documentação e entrega;épicos, histórias, tarefas, prioridade e DoD. Nesta sessão: definir escopo, entradas, saídas, regras, riscos, tarefas e DoD. | épicos, histórias, tarefas, prioridade e DoD. Nesta sessão: codar a primeira fatia vertical com commits pequenos e validação. | épicos, histórias, tarefas, prioridade e DoD. Nesta sessão: ampliar funcionalidade, cobrir regras, tratar erros e melhorar organização. | épicos, histórias, tarefas, prioridade e DoD. Nesta sessão: validar, testar, revisar, documentar, commitar e preparar explicação.;Aula mentorada única cobrindo integralmente todas as sessões operacionais deste tópico macro.
446;446_M17_03_MODELAGEM_DE_DOMINIO_DO_PROJETO_FINAL.md;M17;Projeto final, carreira, entrevistas e capacidade de ensinar;Modelagem de domínio do projeto final;M17.03.01;M17.03.04;4;Planejamento, requisitos e critérios de aceite | Implementação guiada incremental | Implementação solo e expansão | Revisão, testes, documentação e entrega;clientes, OS, atividades, produtos, histórico, alçada, mensageria. Nesta sessão: definir escopo, entradas, saídas, regras, riscos, tarefas e DoD. | clientes, OS, atividades, produtos, histórico, alçada, mensageria. Nesta sessão: codar a primeira fatia vertical com commits pequenos e validação. | clientes, OS, atividades, produtos, histórico, alçada, mensageria. Nesta sessão: ampliar funcionalidade, cobrir regras, tratar erros e melhorar organização. | clientes, OS, atividades, produtos, histórico, alçada, mensageria. Nesta sessão: validar, testar, revisar, documentar, commitar e preparar explicação.;Aula mentorada única cobrindo integralmente todas as sessões operacionais deste tópico macro.
447;447_M17_04_MODELAGEM_DE_BANCO_DO_PROJETO_FINAL.md;M17;Projeto final, carreira, entrevistas e capacidade de ensinar;Modelagem de banco do projeto final;M17.04.01;M17.04.04;4;Planejamento, requisitos e critérios de aceite | Implementação guiada incremental | Implementação solo e expansão | Revisão, testes, documentação e entrega;tabelas, chaves, relacionamentos, migrations e índices. Nesta sessão: definir escopo, entradas, saídas, regras, riscos, tarefas e DoD. | tabelas, chaves, relacionamentos, migrations e índices. Nesta sessão: codar a primeira fatia vertical com commits pequenos e validação. | tabelas, chaves, relacionamentos, migrations e índices. Nesta sessão: ampliar funcionalidade, cobrir regras, tratar erros e melhorar organização. | tabelas, chaves, relacionamentos, migrations e índices. Nesta sessão: validar, testar, revisar, documentar, commitar e preparar explicação.;Aula mentorada única cobrindo integralmente todas as sessões operacionais deste tópico macro.
448;448_M17_05_IMPLEMENTACAO_DO_DOMINIO.md;M17;Projeto final, carreira, entrevistas e capacidade de ensinar;Implementação do domínio;M17.05.01;M17.05.04;4;Planejamento, requisitos e critérios de aceite | Implementação guiada incremental | Implementação solo e expansão | Revisão, testes, documentação e entrega;entidades, value objects, enums, regras e invariantes. Nesta sessão: definir escopo, entradas, saídas, regras, riscos, tarefas e DoD. | entidades, value objects, enums, regras e invariantes. Nesta sessão: codar a primeira fatia vertical com commits pequenos e validação. | entidades, value objects, enums, regras e invariantes. Nesta sessão: ampliar funcionalidade, cobrir regras, tratar erros e melhorar organização. | entidades, value objects, enums, regras e invariantes. Nesta sessão: validar, testar, revisar, documentar, commitar e preparar explicação.;Aula mentorada única cobrindo integralmente todas as sessões operacionais deste tópico macro.
449;449_M17_06_IMPLEMENTACAO_DOS_CASOS_DE_USO.md;M17;Projeto final, carreira, entrevistas e capacidade de ensinar;Implementação dos casos de uso;M17.06.01;M17.06.04;4;Planejamento, requisitos e critérios de aceite | Implementação guiada incremental | Implementação solo e expansão | Revisão, testes, documentação e entrega;criar OS, reagendar, concluir, aprovar, enviar mensagem. Nesta sessão: definir escopo, entradas, saídas, regras, riscos, tarefas e DoD. | criar OS, reagendar, concluir, aprovar, enviar mensagem. Nesta sessão: codar a primeira fatia vertical com commits pequenos e validação. | criar OS, reagendar, concluir, aprovar, enviar mensagem. Nesta sessão: ampliar funcionalidade, cobrir regras, tratar erros e melhorar organização. | criar OS, reagendar, concluir, aprovar, enviar mensagem. Nesta sessão: validar, testar, revisar, documentar, commitar e preparar explicação.;Aula mentorada única cobrindo integralmente todas as sessões operacionais deste tópico macro.
450;450_M17_07_IMPLEMENTACAO_DA_API_REST.md;M17;Projeto final, carreira, entrevistas e capacidade de ensinar;Implementação da API REST;M17.07.01;M17.07.04;4;Planejamento, requisitos e critérios de aceite | Implementação guiada incremental | Implementação solo e expansão | Revisão, testes, documentação e entrega;controllers, DTOs, validações, filtros e Swagger. Nesta sessão: definir escopo, entradas, saídas, regras, riscos, tarefas e DoD. | controllers, DTOs, validações, filtros e Swagger. Nesta sessão: codar a primeira fatia vertical com commits pequenos e validação. | controllers, DTOs, validações, filtros e Swagger. Nesta sessão: ampliar funcionalidade, cobrir regras, tratar erros e melhorar organização. | controllers, DTOs, validações, filtros e Swagger. Nesta sessão: validar, testar, revisar, documentar, commitar e preparar explicação.;Aula mentorada única cobrindo integralmente todas as sessões operacionais deste tópico macro.
451;451_M17_08_IMPLEMENTACAO_DA_PERSISTENCIA.md;M17;Projeto final, carreira, entrevistas e capacidade de ensinar;Implementação da persistência;M17.08.01;M17.08.04;4;Planejamento, requisitos e critérios de aceite | Implementação guiada incremental | Implementação solo e expansão | Revisão, testes, documentação e entrega;repositories, JPA, queries, paginação e performance. Nesta sessão: definir escopo, entradas, saídas, regras, riscos, tarefas e DoD. | repositories, JPA, queries, paginação e performance. Nesta sessão: codar a primeira fatia vertical com commits pequenos e validação. | repositories, JPA, queries, paginação e performance. Nesta sessão: ampliar funcionalidade, cobrir regras, tratar erros e melhorar organização. | repositories, JPA, queries, paginação e performance. Nesta sessão: validar, testar, revisar, documentar, commitar e preparar explicação.;Aula mentorada única cobrindo integralmente todas as sessões operacionais deste tópico macro.
452;452_M17_09_IMPLEMENTACAO_DA_SEGURANCA.md;M17;Projeto final, carreira, entrevistas e capacidade de ensinar;Implementação da segurança;M17.09.01;M17.09.04;4;Planejamento, requisitos e critérios de aceite | Implementação guiada incremental | Implementação solo e expansão | Revisão, testes, documentação e entrega;JWT/OIDC, roles, auditoria e testes. Nesta sessão: definir escopo, entradas, saídas, regras, riscos, tarefas e DoD. | JWT/OIDC, roles, auditoria e testes. Nesta sessão: codar a primeira fatia vertical com commits pequenos e validação. | JWT/OIDC, roles, auditoria e testes. Nesta sessão: ampliar funcionalidade, cobrir regras, tratar erros e melhorar organização. | JWT/OIDC, roles, auditoria e testes. Nesta sessão: validar, testar, revisar, documentar, commitar e preparar explicação.;Aula mentorada única cobrindo integralmente todas as sessões operacionais deste tópico macro.
453;453_M17_10_IMPLEMENTACAO_DA_MENSAGERIA.md;M17;Projeto final, carreira, entrevistas e capacidade de ensinar;Implementação da mensageria;M17.10.01;M17.10.04;4;Planejamento, requisitos e critérios de aceite | Implementação guiada incremental | Implementação solo e expansão | Revisão, testes, documentação e entrega;eventos, outbox, consumidores, retry, DLQ e reprocessamento. Nesta sessão: definir escopo, entradas, saídas, regras, riscos, tarefas e DoD. | eventos, outbox, consumidores, retry, DLQ e reprocessamento. Nesta sessão: codar a primeira fatia vertical com commits pequenos e validação. | eventos, outbox, consumidores, retry, DLQ e reprocessamento. Nesta sessão: ampliar funcionalidade, cobrir regras, tratar erros e melhorar organização. | eventos, outbox, consumidores, retry, DLQ e reprocessamento. Nesta sessão: validar, testar, revisar, documentar, commitar e preparar explicação.;Aula mentorada única cobrindo integralmente todas as sessões operacionais deste tópico macro.
454;454_M17_11_INTEGRACAO_EXTERNA_SIMULADA.md;M17;Projeto final, carreira, entrevistas e capacidade de ensinar;Integração externa simulada;M17.11.01;M17.11.04;4;Planejamento, requisitos e critérios de aceite | Implementação guiada incremental | Implementação solo e expansão | Revisão, testes, documentação e entrega;ERP/SAP fake, timeout, retry, idempotência e logs. Nesta sessão: definir escopo, entradas, saídas, regras, riscos, tarefas e DoD. | ERP/SAP fake, timeout, retry, idempotência e logs. Nesta sessão: codar a primeira fatia vertical com commits pequenos e validação. | ERP/SAP fake, timeout, retry, idempotência e logs. Nesta sessão: ampliar funcionalidade, cobrir regras, tratar erros e melhorar organização. | ERP/SAP fake, timeout, retry, idempotência e logs. Nesta sessão: validar, testar, revisar, documentar, commitar e preparar explicação.;Aula mentorada única cobrindo integralmente todas as sessões operacionais deste tópico macro.
455;455_M17_12_OBSERVABILIDADE_DO_PROJETO_FINAL.md;M17;Projeto final, carreira, entrevistas e capacidade de ensinar;Observabilidade do projeto final;M17.12.01;M17.12.04;4;Planejamento, requisitos e critérios de aceite | Implementação guiada incremental | Implementação solo e expansão | Revisão, testes, documentação e entrega;logs, métricas, tracing, dashboards e runbook. Nesta sessão: definir escopo, entradas, saídas, regras, riscos, tarefas e DoD. | logs, métricas, tracing, dashboards e runbook. Nesta sessão: codar a primeira fatia vertical com commits pequenos e validação. | logs, métricas, tracing, dashboards e runbook. Nesta sessão: ampliar funcionalidade, cobrir regras, tratar erros e melhorar organização. | logs, métricas, tracing, dashboards e runbook. Nesta sessão: validar, testar, revisar, documentar, commitar e preparar explicação.;Aula mentorada única cobrindo integralmente todas as sessões operacionais deste tópico macro.
456;456_M17_13_DOCKER_E_CI_CD_DO_PROJETO_FINAL.md;M17;Projeto final, carreira, entrevistas e capacidade de ensinar;Docker e CI/CD do projeto final;M17.13.01;M17.13.04;4;Planejamento, requisitos e critérios de aceite | Implementação guiada incremental | Implementação solo e expansão | Revisão, testes, documentação e entrega;Compose, pipeline, imagem, testes e artefatos. Nesta sessão: definir escopo, entradas, saídas, regras, riscos, tarefas e DoD. | Compose, pipeline, imagem, testes e artefatos. Nesta sessão: codar a primeira fatia vertical com commits pequenos e validação. | Compose, pipeline, imagem, testes e artefatos. Nesta sessão: ampliar funcionalidade, cobrir regras, tratar erros e melhorar organização. | Compose, pipeline, imagem, testes e artefatos. Nesta sessão: validar, testar, revisar, documentar, commitar e preparar explicação.;Aula mentorada única cobrindo integralmente todas as sessões operacionais deste tópico macro.
457;457_M17_14_DOCUMENTACAO_PROFISSIONAL.md;M17;Projeto final, carreira, entrevistas e capacidade de ensinar;Documentação profissional;M17.14.01;M17.14.04;4;Planejamento, requisitos e critérios de aceite | Implementação guiada incremental | Implementação solo e expansão | Revisão, testes, documentação e entrega;README, diagramas, decisões, como rodar, endpoints e evidências. Nesta sessão: definir escopo, entradas, saídas, regras, riscos, tarefas e DoD. | README, diagramas, decisões, como rodar, endpoints e evidências. Nesta sessão: codar a primeira fatia vertical com commits pequenos e validação. | README, diagramas, decisões, como rodar, endpoints e evidências. Nesta sessão: ampliar funcionalidade, cobrir regras, tratar erros e melhorar organização. | README, diagramas, decisões, como rodar, endpoints e evidências. Nesta sessão: validar, testar, revisar, documentar, commitar e preparar explicação.;Aula mentorada única cobrindo integralmente todas as sessões operacionais deste tópico macro.
458;458_M17_15_BANCA_TECNICA_DO_PROJETO.md;M17;Projeto final, carreira, entrevistas e capacidade de ensinar;Banca técnica do projeto;M17.15.01;M17.15.04;4;Planejamento, requisitos e critérios de aceite | Implementação guiada incremental | Implementação solo e expansão | Revisão, testes, documentação e entrega;apresentação, perguntas, trade-offs e defesa. Nesta sessão: definir escopo, entradas, saídas, regras, riscos, tarefas e DoD. | apresentação, perguntas, trade-offs e defesa. Nesta sessão: codar a primeira fatia vertical com commits pequenos e validação. | apresentação, perguntas, trade-offs e defesa. Nesta sessão: ampliar funcionalidade, cobrir regras, tratar erros e melhorar organização. | apresentação, perguntas, trade-offs e defesa. Nesta sessão: validar, testar, revisar, documentar, commitar e preparar explicação.;Aula mentorada única cobrindo integralmente todas as sessões operacionais deste tópico macro.
459;459_M17_16_CURRICULO_E_LINKEDIN.md;M17;Projeto final, carreira, entrevistas e capacidade de ensinar;Currículo e LinkedIn;M17.16.01;M17.16.04;4;Planejamento, requisitos e critérios de aceite | Implementação guiada incremental | Implementação solo e expansão | Revisão, testes, documentação e entrega;narrativa QA -> Java Backend, projetos e palavras-chave. Nesta sessão: definir escopo, entradas, saídas, regras, riscos, tarefas e DoD. | narrativa QA -> Java Backend, projetos e palavras-chave. Nesta sessão: codar a primeira fatia vertical com commits pequenos e validação. | narrativa QA -> Java Backend, projetos e palavras-chave. Nesta sessão: ampliar funcionalidade, cobrir regras, tratar erros e melhorar organização. | narrativa QA -> Java Backend, projetos e palavras-chave. Nesta sessão: validar, testar, revisar, documentar, commitar e preparar explicação.;Aula mentorada única cobrindo integralmente todas as sessões operacionais deste tópico macro.
460;460_M17_17_ENTREVISTA_JAVA.md;M17;Projeto final, carreira, entrevistas e capacidade de ensinar;Entrevista Java;M17.17.01;M17.17.04;4;Planejamento, requisitos e critérios de aceite | Implementação guiada incremental | Implementação solo e expansão | Revisão, testes, documentação e entrega;POO, collections, exceptions, generics, streams, concorrência. Nesta sessão: definir escopo, entradas, saídas, regras, riscos, tarefas e DoD. | POO, collections, exceptions, generics, streams, concorrência. Nesta sessão: codar a primeira fatia vertical com commits pequenos e validação. | POO, collections, exceptions, generics, streams, concorrência. Nesta sessão: ampliar funcionalidade, cobrir regras, tratar erros e melhorar organização. | POO, collections, exceptions, generics, streams, concorrência. Nesta sessão: validar, testar, revisar, documentar, commitar e preparar explicação.;Aula mentorada única cobrindo integralmente todas as sessões operacionais deste tópico macro.
461;461_M17_18_ENTREVISTA_SPRING_JPA.md;M17;Projeto final, carreira, entrevistas e capacidade de ensinar;Entrevista Spring/JPA;M17.18.01;M17.18.04;4;Planejamento, requisitos e critérios de aceite | Implementação guiada incremental | Implementação solo e expansão | Revisão, testes, documentação e entrega;DI, transação, lazy, N+1, REST, testes e segurança. Nesta sessão: definir escopo, entradas, saídas, regras, riscos, tarefas e DoD. | DI, transação, lazy, N+1, REST, testes e segurança. Nesta sessão: codar a primeira fatia vertical com commits pequenos e validação. | DI, transação, lazy, N+1, REST, testes e segurança. Nesta sessão: ampliar funcionalidade, cobrir regras, tratar erros e melhorar organização. | DI, transação, lazy, N+1, REST, testes e segurança. Nesta sessão: validar, testar, revisar, documentar, commitar e preparar explicação.;Aula mentorada única cobrindo integralmente todas as sessões operacionais deste tópico macro.
462;462_M17_19_ENTREVISTA_ARQUITETURA.md;M17;Projeto final, carreira, entrevistas e capacidade de ensinar;Entrevista arquitetura;M17.19.01;M17.19.04;4;Planejamento, requisitos e critérios de aceite | Implementação guiada incremental | Implementação solo e expansão | Revisão, testes, documentação e entrega;microserviços, eventos, cloud, observabilidade e design. Nesta sessão: definir escopo, entradas, saídas, regras, riscos, tarefas e DoD. | microserviços, eventos, cloud, observabilidade e design. Nesta sessão: codar a primeira fatia vertical com commits pequenos e validação. | microserviços, eventos, cloud, observabilidade e design. Nesta sessão: ampliar funcionalidade, cobrir regras, tratar erros e melhorar organização. | microserviços, eventos, cloud, observabilidade e design. Nesta sessão: validar, testar, revisar, documentar, commitar e preparar explicação.;Aula mentorada única cobrindo integralmente todas as sessões operacionais deste tópico macro.
463;463_M17_20_LIVE_CODING.md;M17;Projeto final, carreira, entrevistas e capacidade de ensinar;Live coding;M17.20.01;M17.20.04;4;Planejamento, requisitos e critérios de aceite | Implementação guiada incremental | Implementação solo e expansão | Revisão, testes, documentação e entrega;leitura, plano, implementação, testes e comunicação. Nesta sessão: definir escopo, entradas, saídas, regras, riscos, tarefas e DoD. | leitura, plano, implementação, testes e comunicação. Nesta sessão: codar a primeira fatia vertical com commits pequenos e validação. | leitura, plano, implementação, testes e comunicação. Nesta sessão: ampliar funcionalidade, cobrir regras, tratar erros e melhorar organização. | leitura, plano, implementação, testes e comunicação. Nesta sessão: validar, testar, revisar, documentar, commitar e preparar explicação.;Aula mentorada única cobrindo integralmente todas as sessões operacionais deste tópico macro.
464;464_M17_21_COMO_ENSINAR_O_QUE_APRENDEU.md;M17;Projeto final, carreira, entrevistas e capacidade de ensinar;Como ensinar o que aprendeu;M17.21.01;M17.21.04;4;Planejamento, requisitos e critérios de aceite | Implementação guiada incremental | Implementação solo e expansão | Revisão, testes, documentação e entrega;roteiro, analogias, exemplos, perguntas, rubricas e curso. Nesta sessão: definir escopo, entradas, saídas, regras, riscos, tarefas e DoD. | roteiro, analogias, exemplos, perguntas, rubricas e curso. Nesta sessão: codar a primeira fatia vertical com commits pequenos e validação. | roteiro, analogias, exemplos, perguntas, rubricas e curso. Nesta sessão: ampliar funcionalidade, cobrir regras, tratar erros e melhorar organização. | roteiro, analogias, exemplos, perguntas, rubricas e curso. Nesta sessão: validar, testar, revisar, documentar, commitar e preparar explicação.;Aula mentorada única cobrindo integralmente todas as sessões operacionais deste tópico macro.
465;465_M17_22_PREPARACAO_DE_AULAS_NA_PLATAFORMA.md;M17;Projeto final, carreira, entrevistas e capacidade de ensinar;Preparação de aulas na plataforma;M17.22.01;M17.22.04;4;Planejamento, requisitos e critérios de aceite | Implementação guiada incremental | Implementação solo e expansão | Revisão, testes, documentação e entrega;leitor, código, explicação, exercícios, checklist e progresso. Nesta sessão: definir escopo, entradas, saídas, regras, riscos, tarefas e DoD. | leitor, código, explicação, exercícios, checklist e progresso. Nesta sessão: codar a primeira fatia vertical com commits pequenos e validação. | leitor, código, explicação, exercícios, checklist e progresso. Nesta sessão: ampliar funcionalidade, cobrir regras, tratar erros e melhorar organização. | leitor, código, explicação, exercícios, checklist e progresso. Nesta sessão: validar, testar, revisar, documentar, commitar e preparar explicação.;Aula mentorada única cobrindo integralmente todas as sessões operacionais deste tópico macro.
466;466_M17_23_BANCA_FINAL_DA_FORMACAO.md;M17;Projeto final, carreira, entrevistas e capacidade de ensinar;Banca final da formação;M17.23.01;M17.23.04;4;Planejamento, requisitos e critérios de aceite | Implementação guiada incremental | Implementação solo e expansão | Revisão, testes, documentação e entrega;projeto, teoria, arquitetura, operação, carreira e próximos passos. Nesta sessão: definir escopo, entradas, saídas, regras, riscos, tarefas e DoD. | projeto, teoria, arquitetura, operação, carreira e próximos passos. Nesta sessão: codar a primeira fatia vertical com commits pequenos e validação. | projeto, teoria, arquitetura, operação, carreira e próximos passos. Nesta sessão: ampliar funcionalidade, cobrir regras, tratar erros e melhorar organização. | projeto, teoria, arquitetura, operação, carreira e próximos passos. Nesta sessão: validar, testar, revisar, documentar, commitar e preparar explicação.;Aula mentorada única cobrindo integralmente todas as sessões operacionais deste tópico macro.
467;467_M0_REV_01_REVISAO_CUMULATIVA_DO_MODULO.md;M0;Ambiente, método, ferramentas e rotina profissional;Revisão cumulativa do módulo;M0.REV.01;M0.REV.01;1;Revisão, avaliação e ensino;revisar todos os tópicos, montar mapa de dependências, responder perguntas abertas e fechar lacunas;Aula mentorada única cobrindo integralmente todas as sessões operacionais deste tópico macro.
468;468_M0_REV_02_PROVA_PRATICA_DO_MODULO.md;M0;Ambiente, método, ferramentas e rotina profissional;Prova prática do módulo;M0.REV.02;M0.REV.02;1;Revisão, avaliação e ensino;resolver exercício integrador sem copiar, com tempo controlado e explicação oral;Aula mentorada única cobrindo integralmente todas as sessões operacionais deste tópico macro.
469;469_M0_REV_03_REFATORACAO_OU_MELHORIA_FINAL_DO_MODULO.md;M0;Ambiente, método, ferramentas e rotina profissional;Refatoração ou melhoria final do módulo;M0.REV.03;M0.REV.03;1;Revisão, avaliação e ensino;melhorar código/projeto do módulo com foco em qualidade, nomes, organização e testes quando aplicável;Aula mentorada única cobrindo integralmente todas as sessões operacionais deste tópico macro.
470;470_M0_REV_04_AULA_ENSINAVEL_DO_MODULO.md;M0;Ambiente, método, ferramentas e rotina profissional;Aula ensinável do módulo;M0.REV.04;M0.REV.04;1;Revisão, avaliação e ensino;transformar o que foi aprendido em roteiro didático para ensinar outra pessoa no Java Course Studio;Aula mentorada única cobrindo integralmente todas as sessões operacionais deste tópico macro.
471;471_M1_REV_01_REVISAO_CUMULATIVA_DO_MODULO.md;M1;Java fundamentos absolutos e lógica aplicada;Revisão cumulativa do módulo;M1.REV.01;M1.REV.01;1;Revisão, avaliação e ensino;revisar todos os tópicos, montar mapa de dependências, responder perguntas abertas e fechar lacunas;Aula mentorada única cobrindo integralmente todas as sessões operacionais deste tópico macro.
472;472_M1_REV_02_PROVA_PRATICA_DO_MODULO.md;M1;Java fundamentos absolutos e lógica aplicada;Prova prática do módulo;M1.REV.02;M1.REV.02;1;Revisão, avaliação e ensino;resolver exercício integrador sem copiar, com tempo controlado e explicação oral;Aula mentorada única cobrindo integralmente todas as sessões operacionais deste tópico macro.
473;473_M1_REV_03_REFATORACAO_OU_MELHORIA_FINAL_DO_MODULO.md;M1;Java fundamentos absolutos e lógica aplicada;Refatoração ou melhoria final do módulo;M1.REV.03;M1.REV.03;1;Revisão, avaliação e ensino;melhorar código/projeto do módulo com foco em qualidade, nomes, organização e testes quando aplicável;Aula mentorada única cobrindo integralmente todas as sessões operacionais deste tópico macro.
474;474_M1_REV_04_AULA_ENSINAVEL_DO_MODULO.md;M1;Java fundamentos absolutos e lógica aplicada;Aula ensinável do módulo;M1.REV.04;M1.REV.04;1;Revisão, avaliação e ensino;transformar o que foi aprendido em roteiro didático para ensinar outra pessoa no Java Course Studio;Aula mentorada única cobrindo integralmente todas as sessões operacionais deste tópico macro.
475;475_M2_REV_01_REVISAO_CUMULATIVA_DO_MODULO.md;M2;Java Core profundo e APIs essenciais da linguagem;Revisão cumulativa do módulo;M2.REV.01;M2.REV.01;1;Revisão, avaliação e ensino;revisar todos os tópicos, montar mapa de dependências, responder perguntas abertas e fechar lacunas;Aula mentorada única cobrindo integralmente todas as sessões operacionais deste tópico macro.
476;476_M2_REV_02_PROVA_PRATICA_DO_MODULO.md;M2;Java Core profundo e APIs essenciais da linguagem;Prova prática do módulo;M2.REV.02;M2.REV.02;1;Revisão, avaliação e ensino;resolver exercício integrador sem copiar, com tempo controlado e explicação oral;Aula mentorada única cobrindo integralmente todas as sessões operacionais deste tópico macro.
477;477_M2_REV_03_REFATORACAO_OU_MELHORIA_FINAL_DO_MODULO.md;M2;Java Core profundo e APIs essenciais da linguagem;Refatoração ou melhoria final do módulo;M2.REV.03;M2.REV.03;1;Revisão, avaliação e ensino;melhorar código/projeto do módulo com foco em qualidade, nomes, organização e testes quando aplicável;Aula mentorada única cobrindo integralmente todas as sessões operacionais deste tópico macro.
478;478_M2_REV_04_AULA_ENSINAVEL_DO_MODULO.md;M2;Java Core profundo e APIs essenciais da linguagem;Aula ensinável do módulo;M2.REV.04;M2.REV.04;1;Revisão, avaliação e ensino;transformar o que foi aprendido em roteiro didático para ensinar outra pessoa no Java Course Studio;Aula mentorada única cobrindo integralmente todas as sessões operacionais deste tópico macro.
479;479_M3_REV_01_REVISAO_CUMULATIVA_DO_MODULO.md;M3;Métodos, organização procedural e projetos console;Revisão cumulativa do módulo;M3.REV.01;M3.REV.01;1;Revisão, avaliação e ensino;revisar todos os tópicos, montar mapa de dependências, responder perguntas abertas e fechar lacunas;Aula mentorada única cobrindo integralmente todas as sessões operacionais deste tópico macro.
480;480_M3_REV_02_PROVA_PRATICA_DO_MODULO.md;M3;Métodos, organização procedural e projetos console;Prova prática do módulo;M3.REV.02;M3.REV.02;1;Revisão, avaliação e ensino;resolver exercício integrador sem copiar, com tempo controlado e explicação oral;Aula mentorada única cobrindo integralmente todas as sessões operacionais deste tópico macro.
481;481_M3_REV_03_REFATORACAO_OU_MELHORIA_FINAL_DO_MODULO.md;M3;Métodos, organização procedural e projetos console;Refatoração ou melhoria final do módulo;M3.REV.03;M3.REV.03;1;Revisão, avaliação e ensino;melhorar código/projeto do módulo com foco em qualidade, nomes, organização e testes quando aplicável;Aula mentorada única cobrindo integralmente todas as sessões operacionais deste tópico macro.
482;482_M3_REV_04_AULA_ENSINAVEL_DO_MODULO.md;M3;Métodos, organização procedural e projetos console;Aula ensinável do módulo;M3.REV.04;M3.REV.04;1;Revisão, avaliação e ensino;transformar o que foi aprendido em roteiro didático para ensinar outra pessoa no Java Course Studio;Aula mentorada única cobrindo integralmente todas as sessões operacionais deste tópico macro.
483;483_M4_REV_01_REVISAO_CUMULATIVA_DO_MODULO.md;M4;Orientação a Objetos de verdade e modelagem de domínio;Revisão cumulativa do módulo;M4.REV.01;M4.REV.01;1;Revisão, avaliação e ensino;revisar todos os tópicos, montar mapa de dependências, responder perguntas abertas e fechar lacunas;Aula mentorada única cobrindo integralmente todas as sessões operacionais deste tópico macro.
484;484_M4_REV_02_PROVA_PRATICA_DO_MODULO.md;M4;Orientação a Objetos de verdade e modelagem de domínio;Prova prática do módulo;M4.REV.02;M4.REV.02;1;Revisão, avaliação e ensino;resolver exercício integrador sem copiar, com tempo controlado e explicação oral;Aula mentorada única cobrindo integralmente todas as sessões operacionais deste tópico macro.
485;485_M4_REV_03_REFATORACAO_OU_MELHORIA_FINAL_DO_MODULO.md;M4;Orientação a Objetos de verdade e modelagem de domínio;Refatoração ou melhoria final do módulo;M4.REV.03;M4.REV.03;1;Revisão, avaliação e ensino;melhorar código/projeto do módulo com foco em qualidade, nomes, organização e testes quando aplicável;Aula mentorada única cobrindo integralmente todas as sessões operacionais deste tópico macro.
486;486_M4_REV_04_AULA_ENSINAVEL_DO_MODULO.md;M4;Orientação a Objetos de verdade e modelagem de domínio;Aula ensinável do módulo;M4.REV.04;M4.REV.04;1;Revisão, avaliação e ensino;transformar o que foi aprendido em roteiro didático para ensinar outra pessoa no Java Course Studio;Aula mentorada única cobrindo integralmente todas as sessões operacionais deste tópico macro.
487;487_M5_REV_01_REVISAO_CUMULATIVA_DO_MODULO.md;M5;Collections, Generics, Streams e Java moderno;Revisão cumulativa do módulo;M5.REV.01;M5.REV.01;1;Revisão, avaliação e ensino;revisar todos os tópicos, montar mapa de dependências, responder perguntas abertas e fechar lacunas;Aula mentorada única cobrindo integralmente todas as sessões operacionais deste tópico macro.
488;488_M5_REV_02_PROVA_PRATICA_DO_MODULO.md;M5;Collections, Generics, Streams e Java moderno;Prova prática do módulo;M5.REV.02;M5.REV.02;1;Revisão, avaliação e ensino;resolver exercício integrador sem copiar, com tempo controlado e explicação oral;Aula mentorada única cobrindo integralmente todas as sessões operacionais deste tópico macro.
489;489_M5_REV_03_REFATORACAO_OU_MELHORIA_FINAL_DO_MODULO.md;M5;Collections, Generics, Streams e Java moderno;Refatoração ou melhoria final do módulo;M5.REV.03;M5.REV.03;1;Revisão, avaliação e ensino;melhorar código/projeto do módulo com foco em qualidade, nomes, organização e testes quando aplicável;Aula mentorada única cobrindo integralmente todas as sessões operacionais deste tópico macro.
490;490_M5_REV_04_AULA_ENSINAVEL_DO_MODULO.md;M5;Collections, Generics, Streams e Java moderno;Aula ensinável do módulo;M5.REV.04;M5.REV.04;1;Revisão, avaliação e ensino;transformar o que foi aprendido em roteiro didático para ensinar outra pessoa no Java Course Studio;Aula mentorada única cobrindo integralmente todas as sessões operacionais deste tópico macro.
491;491_M6_REV_01_REVISAO_CUMULATIVA_DO_MODULO.md;M6;Código limpo, SOLID, refatoração e design patterns;Revisão cumulativa do módulo;M6.REV.01;M6.REV.01;1;Revisão, avaliação e ensino;revisar todos os tópicos, montar mapa de dependências, responder perguntas abertas e fechar lacunas;Aula mentorada única cobrindo integralmente todas as sessões operacionais deste tópico macro.
492;492_M6_REV_02_PROVA_PRATICA_DO_MODULO.md;M6;Código limpo, SOLID, refatoração e design patterns;Prova prática do módulo;M6.REV.02;M6.REV.02;1;Revisão, avaliação e ensino;resolver exercício integrador sem copiar, com tempo controlado e explicação oral;Aula mentorada única cobrindo integralmente todas as sessões operacionais deste tópico macro.
493;493_M6_REV_03_REFATORACAO_OU_MELHORIA_FINAL_DO_MODULO.md;M6;Código limpo, SOLID, refatoração e design patterns;Refatoração ou melhoria final do módulo;M6.REV.03;M6.REV.03;1;Revisão, avaliação e ensino;melhorar código/projeto do módulo com foco em qualidade, nomes, organização e testes quando aplicável;Aula mentorada única cobrindo integralmente todas as sessões operacionais deste tópico macro.
494;494_M6_REV_04_AULA_ENSINAVEL_DO_MODULO.md;M6;Código limpo, SOLID, refatoração e design patterns;Aula ensinável do módulo;M6.REV.04;M6.REV.04;1;Revisão, avaliação e ensino;transformar o que foi aprendido em roteiro didático para ensinar outra pessoa no Java Course Studio;Aula mentorada única cobrindo integralmente todas as sessões operacionais deste tópico macro.
495;495_M7_REV_01_REVISAO_CUMULATIVA_DO_MODULO.md;M7;Build, Git profissional, Maven, Gradle e qualidade estática;Revisão cumulativa do módulo;M7.REV.01;M7.REV.01;1;Revisão, avaliação e ensino;revisar todos os tópicos, montar mapa de dependências, responder perguntas abertas e fechar lacunas;Aula mentorada única cobrindo integralmente todas as sessões operacionais deste tópico macro.
496;496_M7_REV_02_PROVA_PRATICA_DO_MODULO.md;M7;Build, Git profissional, Maven, Gradle e qualidade estática;Prova prática do módulo;M7.REV.02;M7.REV.02;1;Revisão, avaliação e ensino;resolver exercício integrador sem copiar, com tempo controlado e explicação oral;Aula mentorada única cobrindo integralmente todas as sessões operacionais deste tópico macro.
497;497_M7_REV_03_REFATORACAO_OU_MELHORIA_FINAL_DO_MODULO.md;M7;Build, Git profissional, Maven, Gradle e qualidade estática;Refatoração ou melhoria final do módulo;M7.REV.03;M7.REV.03;1;Revisão, avaliação e ensino;melhorar código/projeto do módulo com foco em qualidade, nomes, organização e testes quando aplicável;Aula mentorada única cobrindo integralmente todas as sessões operacionais deste tópico macro.
498;498_M7_REV_04_AULA_ENSINAVEL_DO_MODULO.md;M7;Build, Git profissional, Maven, Gradle e qualidade estática;Aula ensinável do módulo;M7.REV.04;M7.REV.04;1;Revisão, avaliação e ensino;transformar o que foi aprendido em roteiro didático para ensinar outra pessoa no Java Course Studio;Aula mentorada única cobrindo integralmente todas as sessões operacionais deste tópico macro.
499;499_M8_REV_01_REVISAO_CUMULATIVA_DO_MODULO.md;M8;Testes profissionais em Java;Revisão cumulativa do módulo;M8.REV.01;M8.REV.01;1;Revisão, avaliação e ensino;revisar todos os tópicos, montar mapa de dependências, responder perguntas abertas e fechar lacunas;Aula mentorada única cobrindo integralmente todas as sessões operacionais deste tópico macro.
500;500_M8_REV_02_PROVA_PRATICA_DO_MODULO.md;M8;Testes profissionais em Java;Prova prática do módulo;M8.REV.02;M8.REV.02;1;Revisão, avaliação e ensino;resolver exercício integrador sem copiar, com tempo controlado e explicação oral;Aula mentorada única cobrindo integralmente todas as sessões operacionais deste tópico macro.
501;501_M8_REV_03_REFATORACAO_OU_MELHORIA_FINAL_DO_MODULO.md;M8;Testes profissionais em Java;Refatoração ou melhoria final do módulo;M8.REV.03;M8.REV.03;1;Revisão, avaliação e ensino;melhorar código/projeto do módulo com foco em qualidade, nomes, organização e testes quando aplicável;Aula mentorada única cobrindo integralmente todas as sessões operacionais deste tópico macro.
502;502_M8_REV_04_AULA_ENSINAVEL_DO_MODULO.md;M8;Testes profissionais em Java;Aula ensinável do módulo;M8.REV.04;M8.REV.04;1;Revisão, avaliação e ensino;transformar o que foi aprendido em roteiro didático para ensinar outra pessoa no Java Course Studio;Aula mentorada única cobrindo integralmente todas as sessões operacionais deste tópico macro.
503;503_M9_REV_01_REVISAO_CUMULATIVA_DO_MODULO.md;M9;SQL, PostgreSQL e modelagem relacional;Revisão cumulativa do módulo;M9.REV.01;M9.REV.01;1;Revisão, avaliação e ensino;revisar todos os tópicos, montar mapa de dependências, responder perguntas abertas e fechar lacunas;Aula mentorada única cobrindo integralmente todas as sessões operacionais deste tópico macro.
504;504_M9_REV_02_PROVA_PRATICA_DO_MODULO.md;M9;SQL, PostgreSQL e modelagem relacional;Prova prática do módulo;M9.REV.02;M9.REV.02;1;Revisão, avaliação e ensino;resolver exercício integrador sem copiar, com tempo controlado e explicação oral;Aula mentorada única cobrindo integralmente todas as sessões operacionais deste tópico macro.
505;505_M9_REV_03_REFATORACAO_OU_MELHORIA_FINAL_DO_MODULO.md;M9;SQL, PostgreSQL e modelagem relacional;Refatoração ou melhoria final do módulo;M9.REV.03;M9.REV.03;1;Revisão, avaliação e ensino;melhorar código/projeto do módulo com foco em qualidade, nomes, organização e testes quando aplicável;Aula mentorada única cobrindo integralmente todas as sessões operacionais deste tópico macro.
506;506_M9_REV_04_AULA_ENSINAVEL_DO_MODULO.md;M9;SQL, PostgreSQL e modelagem relacional;Aula ensinável do módulo;M9.REV.04;M9.REV.04;1;Revisão, avaliação e ensino;transformar o que foi aprendido em roteiro didático para ensinar outra pessoa no Java Course Studio;Aula mentorada única cobrindo integralmente todas as sessões operacionais deste tópico macro.
507;507_M10_REV_01_REVISAO_CUMULATIVA_DO_MODULO.md;M10;Persistência Java: JDBC, JPA, Hibernate e Spring Data;Revisão cumulativa do módulo;M10.REV.01;M10.REV.01;1;Revisão, avaliação e ensino;revisar todos os tópicos, montar mapa de dependências, responder perguntas abertas e fechar lacunas;Aula mentorada única cobrindo integralmente todas as sessões operacionais deste tópico macro.
508;508_M10_REV_02_PROVA_PRATICA_DO_MODULO.md;M10;Persistência Java: JDBC, JPA, Hibernate e Spring Data;Prova prática do módulo;M10.REV.02;M10.REV.02;1;Revisão, avaliação e ensino;resolver exercício integrador sem copiar, com tempo controlado e explicação oral;Aula mentorada única cobrindo integralmente todas as sessões operacionais deste tópico macro.
509;509_M10_REV_03_REFATORACAO_OU_MELHORIA_FINAL_DO_MODULO.md;M10;Persistência Java: JDBC, JPA, Hibernate e Spring Data;Refatoração ou melhoria final do módulo;M10.REV.03;M10.REV.03;1;Revisão, avaliação e ensino;melhorar código/projeto do módulo com foco em qualidade, nomes, organização e testes quando aplicável;Aula mentorada única cobrindo integralmente todas as sessões operacionais deste tópico macro.
510;510_M10_REV_04_AULA_ENSINAVEL_DO_MODULO.md;M10;Persistência Java: JDBC, JPA, Hibernate e Spring Data;Aula ensinável do módulo;M10.REV.04;M10.REV.04;1;Revisão, avaliação e ensino;transformar o que foi aprendido em roteiro didático para ensinar outra pessoa no Java Course Studio;Aula mentorada única cobrindo integralmente todas as sessões operacionais deste tópico macro.
511;511_M11_REV_01_REVISAO_CUMULATIVA_DO_MODULO.md;M11;Spring Boot, REST APIs e backend profissional;Revisão cumulativa do módulo;M11.REV.01;M11.REV.01;1;Revisão, avaliação e ensino;revisar todos os tópicos, montar mapa de dependências, responder perguntas abertas e fechar lacunas;Aula mentorada única cobrindo integralmente todas as sessões operacionais deste tópico macro.
512;512_M11_REV_02_PROVA_PRATICA_DO_MODULO.md;M11;Spring Boot, REST APIs e backend profissional;Prova prática do módulo;M11.REV.02;M11.REV.02;1;Revisão, avaliação e ensino;resolver exercício integrador sem copiar, com tempo controlado e explicação oral;Aula mentorada única cobrindo integralmente todas as sessões operacionais deste tópico macro.
513;513_M11_REV_03_REFATORACAO_OU_MELHORIA_FINAL_DO_MODULO.md;M11;Spring Boot, REST APIs e backend profissional;Refatoração ou melhoria final do módulo;M11.REV.03;M11.REV.03;1;Revisão, avaliação e ensino;melhorar código/projeto do módulo com foco em qualidade, nomes, organização e testes quando aplicável;Aula mentorada única cobrindo integralmente todas as sessões operacionais deste tópico macro.
514;514_M11_REV_04_AULA_ENSINAVEL_DO_MODULO.md;M11;Spring Boot, REST APIs e backend profissional;Aula ensinável do módulo;M11.REV.04;M11.REV.04;1;Revisão, avaliação e ensino;transformar o que foi aprendido em roteiro didático para ensinar outra pessoa no Java Course Studio;Aula mentorada única cobrindo integralmente todas as sessões operacionais deste tópico macro.
515;515_M12_REV_01_REVISAO_CUMULATIVA_DO_MODULO.md;M12;Segurança de aplicações Java;Revisão cumulativa do módulo;M12.REV.01;M12.REV.01;1;Revisão, avaliação e ensino;revisar todos os tópicos, montar mapa de dependências, responder perguntas abertas e fechar lacunas;Aula mentorada única cobrindo integralmente todas as sessões operacionais deste tópico macro.
516;516_M12_REV_02_PROVA_PRATICA_DO_MODULO.md;M12;Segurança de aplicações Java;Prova prática do módulo;M12.REV.02;M12.REV.02;1;Revisão, avaliação e ensino;resolver exercício integrador sem copiar, com tempo controlado e explicação oral;Aula mentorada única cobrindo integralmente todas as sessões operacionais deste tópico macro.
517;517_M12_REV_03_REFATORACAO_OU_MELHORIA_FINAL_DO_MODULO.md;M12;Segurança de aplicações Java;Refatoração ou melhoria final do módulo;M12.REV.03;M12.REV.03;1;Revisão, avaliação e ensino;melhorar código/projeto do módulo com foco em qualidade, nomes, organização e testes quando aplicável;Aula mentorada única cobrindo integralmente todas as sessões operacionais deste tópico macro.
518;518_M12_REV_04_AULA_ENSINAVEL_DO_MODULO.md;M12;Segurança de aplicações Java;Aula ensinável do módulo;M12.REV.04;M12.REV.04;1;Revisão, avaliação e ensino;transformar o que foi aprendido em roteiro didático para ensinar outra pessoa no Java Course Studio;Aula mentorada única cobrindo integralmente todas as sessões operacionais deste tópico macro.
519;519_M13_REV_01_REVISAO_CUMULATIVA_DO_MODULO.md;M13;Integrações, arquivos, mensageria, eventos e resiliência;Revisão cumulativa do módulo;M13.REV.01;M13.REV.01;1;Revisão, avaliação e ensino;revisar todos os tópicos, montar mapa de dependências, responder perguntas abertas e fechar lacunas;Aula mentorada única cobrindo integralmente todas as sessões operacionais deste tópico macro.
520;520_M13_REV_02_PROVA_PRATICA_DO_MODULO.md;M13;Integrações, arquivos, mensageria, eventos e resiliência;Prova prática do módulo;M13.REV.02;M13.REV.02;1;Revisão, avaliação e ensino;resolver exercício integrador sem copiar, com tempo controlado e explicação oral;Aula mentorada única cobrindo integralmente todas as sessões operacionais deste tópico macro.
521;521_M13_REV_03_REFATORACAO_OU_MELHORIA_FINAL_DO_MODULO.md;M13;Integrações, arquivos, mensageria, eventos e resiliência;Refatoração ou melhoria final do módulo;M13.REV.03;M13.REV.03;1;Revisão, avaliação e ensino;melhorar código/projeto do módulo com foco em qualidade, nomes, organização e testes quando aplicável;Aula mentorada única cobrindo integralmente todas as sessões operacionais deste tópico macro.
522;522_M13_REV_04_AULA_ENSINAVEL_DO_MODULO.md;M13;Integrações, arquivos, mensageria, eventos e resiliência;Aula ensinável do módulo;M13.REV.04;M13.REV.04;1;Revisão, avaliação e ensino;transformar o que foi aprendido em roteiro didático para ensinar outra pessoa no Java Course Studio;Aula mentorada única cobrindo integralmente todas as sessões operacionais deste tópico macro.
523;523_M14_REV_01_REVISAO_CUMULATIVA_DO_MODULO.md;M14;Docker, CI/CD, Kubernetes e Cloud;Revisão cumulativa do módulo;M14.REV.01;M14.REV.01;1;Revisão, avaliação e ensino;revisar todos os tópicos, montar mapa de dependências, responder perguntas abertas e fechar lacunas;Aula mentorada única cobrindo integralmente todas as sessões operacionais deste tópico macro.
524;524_M14_REV_02_PROVA_PRATICA_DO_MODULO.md;M14;Docker, CI/CD, Kubernetes e Cloud;Prova prática do módulo;M14.REV.02;M14.REV.02;1;Revisão, avaliação e ensino;resolver exercício integrador sem copiar, com tempo controlado e explicação oral;Aula mentorada única cobrindo integralmente todas as sessões operacionais deste tópico macro.
525;525_M14_REV_03_REFATORACAO_OU_MELHORIA_FINAL_DO_MODULO.md;M14;Docker, CI/CD, Kubernetes e Cloud;Refatoração ou melhoria final do módulo;M14.REV.03;M14.REV.03;1;Revisão, avaliação e ensino;melhorar código/projeto do módulo com foco em qualidade, nomes, organização e testes quando aplicável;Aula mentorada única cobrindo integralmente todas as sessões operacionais deste tópico macro.
526;526_M14_REV_04_AULA_ENSINAVEL_DO_MODULO.md;M14;Docker, CI/CD, Kubernetes e Cloud;Aula ensinável do módulo;M14.REV.04;M14.REV.04;1;Revisão, avaliação e ensino;transformar o que foi aprendido em roteiro didático para ensinar outra pessoa no Java Course Studio;Aula mentorada única cobrindo integralmente todas as sessões operacionais deste tópico macro.
527;527_M15_REV_01_REVISAO_CUMULATIVA_DO_MODULO.md;M15;Observabilidade, performance, concorrência e produção;Revisão cumulativa do módulo;M15.REV.01;M15.REV.01;1;Revisão, avaliação e ensino;revisar todos os tópicos, montar mapa de dependências, responder perguntas abertas e fechar lacunas;Aula mentorada única cobrindo integralmente todas as sessões operacionais deste tópico macro.
528;528_M15_REV_02_PROVA_PRATICA_DO_MODULO.md;M15;Observabilidade, performance, concorrência e produção;Prova prática do módulo;M15.REV.02;M15.REV.02;1;Revisão, avaliação e ensino;resolver exercício integrador sem copiar, com tempo controlado e explicação oral;Aula mentorada única cobrindo integralmente todas as sessões operacionais deste tópico macro.
529;529_M15_REV_03_REFATORACAO_OU_MELHORIA_FINAL_DO_MODULO.md;M15;Observabilidade, performance, concorrência e produção;Refatoração ou melhoria final do módulo;M15.REV.03;M15.REV.03;1;Revisão, avaliação e ensino;melhorar código/projeto do módulo com foco em qualidade, nomes, organização e testes quando aplicável;Aula mentorada única cobrindo integralmente todas as sessões operacionais deste tópico macro.
530;530_M15_REV_04_AULA_ENSINAVEL_DO_MODULO.md;M15;Observabilidade, performance, concorrência e produção;Aula ensinável do módulo;M15.REV.04;M15.REV.04;1;Revisão, avaliação e ensino;transformar o que foi aprendido em roteiro didático para ensinar outra pessoa no Java Course Studio;Aula mentorada única cobrindo integralmente todas as sessões operacionais deste tópico macro.
531;531_M16_REV_01_REVISAO_CUMULATIVA_DO_MODULO.md;M16;Arquitetura, DDD, sistemas distribuídos e liderança técnica;Revisão cumulativa do módulo;M16.REV.01;M16.REV.01;1;Revisão, avaliação e ensino;revisar todos os tópicos, montar mapa de dependências, responder perguntas abertas e fechar lacunas;Aula mentorada única cobrindo integralmente todas as sessões operacionais deste tópico macro.
532;532_M16_REV_02_PROVA_PRATICA_DO_MODULO.md;M16;Arquitetura, DDD, sistemas distribuídos e liderança técnica;Prova prática do módulo;M16.REV.02;M16.REV.02;1;Revisão, avaliação e ensino;resolver exercício integrador sem copiar, com tempo controlado e explicação oral;Aula mentorada única cobrindo integralmente todas as sessões operacionais deste tópico macro.
533;533_M16_REV_03_REFATORACAO_OU_MELHORIA_FINAL_DO_MODULO.md;M16;Arquitetura, DDD, sistemas distribuídos e liderança técnica;Refatoração ou melhoria final do módulo;M16.REV.03;M16.REV.03;1;Revisão, avaliação e ensino;melhorar código/projeto do módulo com foco em qualidade, nomes, organização e testes quando aplicável;Aula mentorada única cobrindo integralmente todas as sessões operacionais deste tópico macro.
534;534_M16_REV_04_AULA_ENSINAVEL_DO_MODULO.md;M16;Arquitetura, DDD, sistemas distribuídos e liderança técnica;Aula ensinável do módulo;M16.REV.04;M16.REV.04;1;Revisão, avaliação e ensino;transformar o que foi aprendido em roteiro didático para ensinar outra pessoa no Java Course Studio;Aula mentorada única cobrindo integralmente todas as sessões operacionais deste tópico macro.
535;535_M17_REV_01_REVISAO_CUMULATIVA_DO_MODULO.md;M17;Projeto final, carreira, entrevistas e capacidade de ensinar;Revisão cumulativa do módulo;M17.REV.01;M17.REV.01;1;Revisão, avaliação e ensino;revisar todos os tópicos, montar mapa de dependências, responder perguntas abertas e fechar lacunas;Aula mentorada única cobrindo integralmente todas as sessões operacionais deste tópico macro.
536;536_M17_REV_02_PROVA_PRATICA_DO_MODULO.md;M17;Projeto final, carreira, entrevistas e capacidade de ensinar;Prova prática do módulo;M17.REV.02;M17.REV.02;1;Revisão, avaliação e ensino;resolver exercício integrador sem copiar, com tempo controlado e explicação oral;Aula mentorada única cobrindo integralmente todas as sessões operacionais deste tópico macro.
537;537_M17_REV_03_REFATORACAO_OU_MELHORIA_FINAL_DO_MODULO.md;M17;Projeto final, carreira, entrevistas e capacidade de ensinar;Refatoração ou melhoria final do módulo;M17.REV.03;M17.REV.03;1;Revisão, avaliação e ensino;melhorar código/projeto do módulo com foco em qualidade, nomes, organização e testes quando aplicável;Aula mentorada única cobrindo integralmente todas as sessões operacionais deste tópico macro.
538;538_M17_REV_04_AULA_ENSINAVEL_DO_MODULO.md;M17;Projeto final, carreira, entrevistas e capacidade de ensinar;Aula ensinável do módulo;M17.REV.04;M17.REV.04;1;Revisão, avaliação e ensino;transformar o que foi aprendido em roteiro didático para ensinar outra pessoa no Java Course Studio;Aula mentorada única cobrindo integralmente todas as sessões operacionais deste tópico macro.
