"numero_aula";"codigo_aula";"modulo";"nome_modulo";"status_aula";"tipo_aula";"titulo_aula";"arquivo_md";"conteudo_principal";"fonte_decisao";"regra_continuidade"
"0";"ABERTURA";"ABERTURA";"Abertura da formacao";"CONCLUIDA_GERADA";"Aula pratica guiada";"# Aula de Abertura — O Caminho para se Tornar Engenheiro Java Backend e Arquiteto de Sistemas";"000_AULA_DE_ABERTURA_O_CAMINHO_PARA_SE_TORNAR_ENGENHEIRO_JAVA_BACKEND_ARQUITETO_JAVA.md";"Aula ja gerada em Markdown em docs/aulas. Fonte operacional: arquivo real auditado. Manter conteudo, nome, numeracao e sequencia.";"ARQUIVO_REAL_DOCS_AULAS_AUDITORIA_POS_474";"Nao reescrever, nao renomear, nao deslocar numeracao e nao usar como ponto de retomada, exceto para contexto."
"1";"M0.01";"M0";"Ambiente, metodo e ferramentas";"CONCLUIDA_GERADA";"Aula pratica guiada";"# 001 — M0.01 — Mapa da Formação Completa e Níveis de Carreira Java";"001_M0_01_MAPA_DA_FORMACAO_COMPLETA_E_NIVEIS_DE_CARREIRA_JAVA.md";"Aula ja gerada em Markdown em docs/aulas. Fonte operacional: arquivo real auditado. Manter conteudo, nome, numeracao e sequencia.";"ARQUIVO_REAL_DOCS_AULAS_AUDITORIA_POS_474";"Nao reescrever, nao renomear, nao deslocar numeracao e nao usar como ponto de retomada, exceto para contexto."
"2";"M0.02";"M0";"Ambiente, metodo e ferramentas";"CONCLUIDA_GERADA";"Aula pratica guiada";"# Diagnóstico inicial";"002_M0_02_DIAGNOSTICO_INICIAL_TECNICO_E_PLANO_DE_ESTUDO.md";"Aula ja gerada em Markdown em docs/aulas. Fonte operacional: arquivo real auditado. Manter conteudo, nome, numeracao e sequencia.";"ARQUIVO_REAL_DOCS_AULAS_AUDITORIA_POS_474";"Nao reescrever, nao renomear, nao deslocar numeracao e nao usar como ponto de retomada, exceto para contexto."
"3";"M0.03";"M0";"Ambiente, metodo e ferramentas";"CONCLUIDA_GERADA";"Aula pratica guiada";"# Formação Java Backend";"003_M0_03_ORGANIZACAO_DO_WINDOWS_PARA_DESENVOLVIMENTO.md";"Aula ja gerada em Markdown em docs/aulas. Fonte operacional: arquivo real auditado. Manter conteudo, nome, numeracao e sequencia.";"ARQUIVO_REAL_DOCS_AULAS_AUDITORIA_POS_474";"Nao reescrever, nao renomear, nao deslocar numeracao e nao usar como ponto de retomada, exceto para contexto."
"4";"M0.04";"M0";"Ambiente, metodo e ferramentas";"CONCLUIDA_GERADA";"Aula pratica guiada";"# Aula 004 — Terminal e PowerShell";"004_M0_04_TERMINAL_POWERSHELL_E_COMANDOS_BASICOS.md";"Aula ja gerada em Markdown em docs/aulas. Fonte operacional: arquivo real auditado. Manter conteudo, nome, numeracao e sequencia.";"ARQUIVO_REAL_DOCS_AULAS_AUDITORIA_POS_474";"Nao reescrever, nao renomear, nao deslocar numeracao e nao usar como ponto de retomada, exceto para contexto."
"5";"M0.05";"M0";"Ambiente, metodo e ferramentas";"CONCLUIDA_GERADA";"Aula pratica guiada";"# Validação Java";"005_M0_05_JDK_JRE_JVM_E_ESCOLHA_DE_VERSAO_LTS.md";"Aula ja gerada em Markdown em docs/aulas. Fonte operacional: arquivo real auditado. Manter conteudo, nome, numeracao e sequencia.";"ARQUIVO_REAL_DOCS_AULAS_AUDITORIA_POS_474";"Nao reescrever, nao renomear, nao deslocar numeracao e nao usar como ponto de retomada, exceto para contexto."
"6";"M0.06";"M0";"Ambiente, metodo e ferramentas";"CONCLUIDA_GERADA";"Aula pratica guiada";"Compilação Manual com `javac`";"006_M0_06_COMPILACAO_MANUAL_COM_JAVAC.md";"Aula ja gerada em Markdown em docs/aulas. Fonte operacional: arquivo real auditado. Manter conteudo, nome, numeracao e sequencia.";"ARQUIVO_REAL_DOCS_AULAS_AUDITORIA_POS_474";"Nao reescrever, nao renomear, nao deslocar numeracao e nao usar como ponto de retomada, exceto para contexto."
"7";"M0.07";"M0";"Ambiente, metodo e ferramentas";"CONCLUIDA_GERADA";"Aula pratica guiada";"# Atalhos e ações do IntelliJ";"007_M0_07_INTELLIJ_IDEA_COMMUNITY_COMPLETO.md";"Aula ja gerada em Markdown em docs/aulas. Fonte operacional: arquivo real auditado. Manter conteudo, nome, numeracao e sequencia.";"ARQUIVO_REAL_DOCS_AULAS_AUDITORIA_POS_474";"Nao reescrever, nao renomear, nao deslocar numeracao e nao usar como ponto de retomada, exceto para contexto."
"8";"M0.08";"M0";"Ambiente, metodo e ferramentas";"CONCLUIDA_GERADA";"Aula pratica guiada";"Debug Inicial no IntelliJ";"008_M0_08_DEBUG_INICIAL_NO_INTELLIJ.md";"Aula ja gerada em Markdown em docs/aulas. Fonte operacional: arquivo real auditado. Manter conteudo, nome, numeracao e sequencia.";"ARQUIVO_REAL_DOCS_AULAS_AUDITORIA_POS_474";"Nao reescrever, nao renomear, nao deslocar numeracao e nao usar como ponto de retomada, exceto para contexto."
"9";"M0.09";"M0";"Ambiente, metodo e ferramentas";"CONCLUIDA_GERADA";"Aula pratica guiada";"Git: Instalação e Configuração Global";"009_M0_09_GIT_INSTALACAO_E_CONFIGURACAO_GLOBAL.md";"Aula ja gerada em Markdown em docs/aulas. Fonte operacional: arquivo real auditado. Manter conteudo, nome, numeracao e sequencia.";"ARQUIVO_REAL_DOCS_AULAS_AUDITORIA_POS_474";"Nao reescrever, nao renomear, nao deslocar numeracao e nao usar como ponto de retomada, exceto para contexto."
"10";"M0.10";"M0";"Ambiente, metodo e ferramentas";"CONCLUIDA_GERADA";"Aula pratica guiada";"# Java";"010_M0_10_GIT_LOCAL_DO_ZERO.md";"Aula ja gerada em Markdown em docs/aulas. Fonte operacional: arquivo real auditado. Manter conteudo, nome, numeracao e sequencia.";"ARQUIVO_REAL_DOCS_AULAS_AUDITORIA_POS_474";"Nao reescrever, nao renomear, nao deslocar numeracao e nao usar como ponto de retomada, exceto para contexto."
"11";"M0.11";"M0";"Ambiente, metodo e ferramentas";"CONCLUIDA_GERADA";"Aula pratica guiada";"GitHub e Repositório Remoto";"011_M0_11_GITHUB_E_REPOSITORIO_REMOTO.md";"Aula ja gerada em Markdown em docs/aulas. Fonte operacional: arquivo real auditado. Manter conteudo, nome, numeracao e sequencia.";"ARQUIVO_REAL_DOCS_AULAS_AUDITORIA_POS_474";"Nao reescrever, nao renomear, nao deslocar numeracao e nao usar como ponto de retomada, exceto para contexto."
"12";"M0.12";"M0";"Ambiente, metodo e ferramentas";"CONCLUIDA_GERADA";"Aula pratica guiada";"# Título";"012_M0_12_MARKDOWN_PARA_DOCUMENTACAO_TECNICA.md";"Aula ja gerada em Markdown em docs/aulas. Fonte operacional: arquivo real auditado. Manter conteudo, nome, numeracao e sequencia.";"ARQUIVO_REAL_DOCS_AULAS_AUDITORIA_POS_474";"Nao reescrever, nao renomear, nao deslocar numeracao e nao usar como ponto de retomada, exceto para contexto."
"13";"M0.13";"M0";"Ambiente, metodo e ferramentas";"CONCLUIDA_GERADA";"Aula pratica guiada";"# Diário de bordo";"013_M0_13_DIARIO_DE_BORDO_E_RASTREABILIDADE_DO_APRENDIZADO.md";"Aula ja gerada em Markdown em docs/aulas. Fonte operacional: arquivo real auditado. Manter conteudo, nome, numeracao e sequencia.";"ARQUIVO_REAL_DOCS_AULAS_AUDITORIA_POS_474";"Nao reescrever, nao renomear, nao deslocar numeracao e nao usar como ponto de retomada, exceto para contexto."
"14";"M0.14";"M0";"Ambiente, metodo e ferramentas";"CONCLUIDA_GERADA";"Aula pratica guiada";"# AGENTS.md";"014_M0_14_CODEX_IA_NO_INTELLIJ_COM_ETICA_E_METODO.md";"Aula ja gerada em Markdown em docs/aulas. Fonte operacional: arquivo real auditado. Manter conteudo, nome, numeracao e sequencia.";"ARQUIVO_REAL_DOCS_AULAS_AUDITORIA_POS_474";"Nao reescrever, nao renomear, nao deslocar numeracao e nao usar como ponto de retomada, exceto para contexto."
"15";"M0.15";"M0";"Ambiente, metodo e ferramentas";"CONCLUIDA_GERADA";"Aula pratica guiada";"# Ambiente de desenvolvimento";"015_M0_15_MAVEN_INSTALACAO_E_VALIDACAO_INICIAL_OFICIAL.md";"Aula ja gerada em Markdown em docs/aulas. Fonte operacional: arquivo real auditado. Manter conteudo, nome, numeracao e sequencia.";"ARQUIVO_REAL_DOCS_AULAS_AUDITORIA_POS_474";"Nao reescrever, nao renomear, nao deslocar numeracao e nao usar como ponto de retomada, exceto para contexto."
"16";"M0.16";"M0";"Ambiente, metodo e ferramentas";"CONCLUIDA_GERADA";"Aula pratica guiada";"# Ambiente de desenvolvimento";"016_M0_16_POSTGRESQL_E_DBEAVER_PREPARACAO_OFICIAL.md";"Aula ja gerada em Markdown em docs/aulas. Fonte operacional: arquivo real auditado. Manter conteudo, nome, numeracao e sequencia.";"ARQUIVO_REAL_DOCS_AULAS_AUDITORIA_POS_474";"Nao reescrever, nao renomear, nao deslocar numeracao e nao usar como ponto de retomada, exceto para contexto."
"17";"M0.17";"M0";"Ambiente, metodo e ferramentas";"CONCLUIDA_GERADA";"Aula pratica guiada";"# Criar cliente";"017_M0_17_POSTMAN_INSOMNIA_E_HTTP_BASICO_OFICIAL.md";"Aula ja gerada em Markdown em docs/aulas. Fonte operacional: arquivo real auditado. Manter conteudo, nome, numeracao e sequencia.";"ARQUIVO_REAL_DOCS_AULAS_AUDITORIA_POS_474";"Nao reescrever, nao renomear, nao deslocar numeracao e nao usar como ponto de retomada, exceto para contexto."
"18";"M0.18";"M0";"Ambiente, metodo e ferramentas";"CONCLUIDA_GERADA";"Aula pratica guiada";"# Checklist — Docker Desktop e WSL2";"018_M0_18_DOCKER_DESKTOP_E_WSL2_PREPARACAO_OFICIAL.md";"Aula ja gerada em Markdown em docs/aulas. Fonte operacional: arquivo real auditado. Manter conteudo, nome, numeracao e sequencia.";"ARQUIVO_REAL_DOCS_AULAS_AUDITORIA_POS_474";"Nao reescrever, nao renomear, nao deslocar numeracao e nao usar como ponto de retomada, exceto para contexto."
"19";"M0.19";"M0";"Ambiente, metodo e ferramentas";"CONCLUIDA_GERADA";"Aula pratica guiada";"# Formação Java Backend";"019_M0_19_ESTRUTURA_PROFISSIONAL_DO_REPOSITORIO_DE_CURSO_OFICIAL.md";"Aula ja gerada em Markdown em docs/aulas. Fonte operacional: arquivo real auditado. Manter conteudo, nome, numeracao e sequencia.";"ARQUIVO_REAL_DOCS_AULAS_AUDITORIA_POS_474";"Nao reescrever, nao renomear, nao deslocar numeracao e nao usar como ponto de retomada, exceto para contexto."
"20";"M0.20";"M0";"Ambiente, metodo e ferramentas";"CONCLUIDA_GERADA";"Aula pratica guiada";"# Checklist final do ambiente";"020_M0_20_CHECKLIST_FINAL_DO_AMBIENTE_OFICIAL.md";"Aula ja gerada em Markdown em docs/aulas. Fonte operacional: arquivo real auditado. Manter conteudo, nome, numeracao e sequencia.";"ARQUIVO_REAL_DOCS_AULAS_AUDITORIA_POS_474";"Nao reescrever, nao renomear, nao deslocar numeracao e nao usar como ponto de retomada, exceto para contexto."
"21";"M1.01";"M1";"Java fundamentos absolutos";"CONCLUIDA_GERADA";"Aula pratica guiada";"Primeiro Programa Java Destrinchado";"021_M1_01_PRIMEIRO_PROGRAMA_JAVA_DESTRINCHADO_OFICIAL.md";"Aula ja gerada em Markdown em docs/aulas. Fonte operacional: arquivo real auditado. Manter conteudo, nome, numeracao e sequencia.";"ARQUIVO_REAL_DOCS_AULAS_AUDITORIA_POS_474";"Nao reescrever, nao renomear, nao deslocar numeracao e nao usar como ponto de retomada, exceto para contexto."
"22";"M1.02";"M1";"Java fundamentos absolutos";"CONCLUIDA_GERADA";"Aula pratica guiada";"Blocos, Chaves, Indentação e Leitura de Código";"022_M1_02_BLOCOS_CHAVES_INDENTACAO_E_LEITURA_DE_CODIGO_OFICIAL.md";"Aula ja gerada em Markdown em docs/aulas. Fonte operacional: arquivo real auditado. Manter conteudo, nome, numeracao e sequencia.";"ARQUIVO_REAL_DOCS_AULAS_AUDITORIA_POS_474";"Nao reescrever, nao renomear, nao deslocar numeracao e nao usar como ponto de retomada, exceto para contexto."
"23";"M1.03";"M1";"Java fundamentos absolutos";"CONCLUIDA_GERADA";"Aula pratica guiada";"# Aula 023 — Comentários úteis";"023_M1_03_COMENTARIOS_UTEIS_E_DOCUMENTACAO_INICIAL_OFICIAL.md";"Aula ja gerada em Markdown em docs/aulas. Fonte operacional: arquivo real auditado. Manter conteudo, nome, numeracao e sequencia.";"ARQUIVO_REAL_DOCS_AULAS_AUDITORIA_POS_474";"Nao reescrever, nao renomear, nao deslocar numeracao e nao usar como ponto de retomada, exceto para contexto."
"24";"M1.04";"M1";"Java fundamentos absolutos";"CONCLUIDA_GERADA";"Aula pratica guiada";"Variáveis e Nomes Profissionais";"024_M1_04_VARIAVEIS_E_NOMES_PROFISSIONAIS_OFICIAL.md";"Aula ja gerada em Markdown em docs/aulas. Fonte operacional: arquivo real auditado. Manter conteudo, nome, numeracao e sequencia.";"ARQUIVO_REAL_DOCS_AULAS_AUDITORIA_POS_474";"Nao reescrever, nao renomear, nao deslocar numeracao e nao usar como ponto de retomada, exceto para contexto."
"25";"M1.05";"M1";"Java fundamentos absolutos";"CONCLUIDA_GERADA";"Aula pratica guiada";"Tipos Inteiros em Java";"025_M1_05_TIPOS_INTEIROS_EM_JAVA_OFICIAL.md";"Aula ja gerada em Markdown em docs/aulas. Fonte operacional: arquivo real auditado. Manter conteudo, nome, numeracao e sequencia.";"ARQUIVO_REAL_DOCS_AULAS_AUDITORIA_POS_474";"Nao reescrever, nao renomear, nao deslocar numeracao e nao usar como ponto de retomada, exceto para contexto."
"26";"M1.06";"M1";"Java fundamentos absolutos";"CONCLUIDA_GERADA";"Aula pratica guiada";"Tipos Decimais e Primeiras Limitações";"026_M1_06_TIPOS_DECIMAIS_E_PRIMEIRAS_LIMITACOES_OFICIAL.md";"Aula ja gerada em Markdown em docs/aulas. Fonte operacional: arquivo real auditado. Manter conteudo, nome, numeracao e sequencia.";"ARQUIVO_REAL_DOCS_AULAS_AUDITORIA_POS_474";"Nao reescrever, nao renomear, nao deslocar numeracao e nao usar como ponto de retomada, exceto para contexto."
"27";"M1.07";"M1";"Java fundamentos absolutos";"CONCLUIDA_GERADA";"Aula pratica guiada";"Boolean e Regras Verdadeiras/Falsas";"027_M1_07_BOOLEAN_E_REGRAS_VERDADEIRAS_FALSAS_OFICIAL.md";"Aula ja gerada em Markdown em docs/aulas. Fonte operacional: arquivo real auditado. Manter conteudo, nome, numeracao e sequencia.";"ARQUIVO_REAL_DOCS_AULAS_AUDITORIA_POS_474";"Nao reescrever, nao renomear, nao deslocar numeracao e nao usar como ponto de retomada, exceto para contexto."
"28";"M1.08";"M1";"Java fundamentos absolutos";"CONCLUIDA_GERADA";"Aula pratica guiada";"Char e String em Uso Inicial";"028_M1_08_CHAR_E_STRING_EM_USO_INICIAL_OFICIAL.md";"Aula ja gerada em Markdown em docs/aulas. Fonte operacional: arquivo real auditado. Manter conteudo, nome, numeracao e sequencia.";"ARQUIVO_REAL_DOCS_AULAS_AUDITORIA_POS_474";"Nao reescrever, nao renomear, nao deslocar numeracao e nao usar como ponto de retomada, exceto para contexto."
"29";"M1.09";"M1";"Java fundamentos absolutos";"CONCLUIDA_GERADA";"Aula pratica guiada";"String Básica";"029_M1_09_STRING_BASICA_OFICIAL.md";"Aula ja gerada em Markdown em docs/aulas. Fonte operacional: arquivo real auditado. Manter conteudo, nome, numeracao e sequencia.";"ARQUIVO_REAL_DOCS_AULAS_AUDITORIA_POS_474";"Nao reescrever, nao renomear, nao deslocar numeracao e nao usar como ponto de retomada, exceto para contexto."
"30";"M1.10";"M1";"Java fundamentos absolutos";"CONCLUIDA_GERADA";"Aula pratica guiada";"Entrada de Dados com Scanner";"030_M1_10_ENTRADA_DE_DADOS_COM_SCANNER_OFICIAL.md";"Aula ja gerada em Markdown em docs/aulas. Fonte operacional: arquivo real auditado. Manter conteudo, nome, numeracao e sequencia.";"ARQUIVO_REAL_DOCS_AULAS_AUDITORIA_POS_474";"Nao reescrever, nao renomear, nao deslocar numeracao e nao usar como ponto de retomada, exceto para contexto."
"31";"M1.11";"M1";"Java fundamentos absolutos";"CONCLUIDA_GERADA";"Aula pratica guiada";"Operadores Aritméticos";"031_M1_11_OPERADORES_ARITMETICOS_OFICIAL.md";"Aula ja gerada em Markdown em docs/aulas. Fonte operacional: arquivo real auditado. Manter conteudo, nome, numeracao e sequencia.";"ARQUIVO_REAL_DOCS_AULAS_AUDITORIA_POS_474";"Nao reescrever, nao renomear, nao deslocar numeracao e nao usar como ponto de retomada, exceto para contexto."
"32";"M1.12";"M1";"Java fundamentos absolutos";"CONCLUIDA_GERADA";"Aula pratica guiada";"Operadores Relacionais";"032_M1_12_OPERADORES_RELACIONAIS_OFICIAL.md";"Aula ja gerada em Markdown em docs/aulas. Fonte operacional: arquivo real auditado. Manter conteudo, nome, numeracao e sequencia.";"ARQUIVO_REAL_DOCS_AULAS_AUDITORIA_POS_474";"Nao reescrever, nao renomear, nao deslocar numeracao e nao usar como ponto de retomada, exceto para contexto."
"33";"M1.13";"M1";"Java fundamentos absolutos";"CONCLUIDA_GERADA";"Aula pratica guiada";"# 033 — M1.13 — Operadores lógicos";"033_M1_13_OPERADORES_LOGICOS_OFICIAL.md";"Aula ja gerada em Markdown em docs/aulas. Fonte operacional: arquivo real auditado. Manter conteudo, nome, numeracao e sequencia.";"ARQUIVO_REAL_DOCS_AULAS_AUDITORIA_POS_474";"Nao reescrever, nao renomear, nao deslocar numeracao e nao usar como ponto de retomada, exceto para contexto."
"34";"M1.14";"M1";"Java fundamentos absolutos";"CONCLUIDA_GERADA";"Aula pratica guiada";"# 034 — M1.14 — Incremento, decremento e acumuladores";"034_M1_14_INCREMENTO_DECREMENTO_E_ACUMULADORES_OFICIAL.md";"Aula ja gerada em Markdown em docs/aulas. Fonte operacional: arquivo real auditado. Manter conteudo, nome, numeracao e sequencia.";"ARQUIVO_REAL_DOCS_AULAS_AUDITORIA_POS_474";"Nao reescrever, nao renomear, nao deslocar numeracao e nao usar como ponto de retomada, exceto para contexto."
"35";"M1.15";"M1";"Java fundamentos absolutos";"CONCLUIDA_GERADA";"Aula pratica guiada";"# 035 — M1.15 — If, else if e else";"035_M1_15_IF_ELSE_IF_E_ELSE_OFICIAL.md";"Aula ja gerada em Markdown em docs/aulas. Fonte operacional: arquivo real auditado. Manter conteudo, nome, numeracao e sequencia.";"ARQUIVO_REAL_DOCS_AULAS_AUDITORIA_POS_474";"Nao reescrever, nao renomear, nao deslocar numeracao e nao usar como ponto de retomada, exceto para contexto."
"36";"M1.16";"M1";"Java fundamentos absolutos";"CONCLUIDA_GERADA";"Aula pratica guiada";"Ifs Aninhados e Simplificação";"036_M1_16_IFS_ANINHADOS_E_SIMPLIFICACAO_OFICIAL.md";"Aula ja gerada em Markdown em docs/aulas. Fonte operacional: arquivo real auditado. Manter conteudo, nome, numeracao e sequencia.";"ARQUIVO_REAL_DOCS_AULAS_AUDITORIA_POS_474";"Nao reescrever, nao renomear, nao deslocar numeracao e nao usar como ponto de retomada, exceto para contexto."
"37";"M1.17";"M1";"Java fundamentos absolutos";"CONCLUIDA_GERADA";"Aula pratica guiada";"Switch Tradicional";"037_M1_17_SWITCH_TRADICIONAL_OFICIAL.md";"Aula ja gerada em Markdown em docs/aulas. Fonte operacional: arquivo real auditado. Manter conteudo, nome, numeracao e sequencia.";"ARQUIVO_REAL_DOCS_AULAS_AUDITORIA_POS_474";"Nao reescrever, nao renomear, nao deslocar numeracao e nao usar como ponto de retomada, exceto para contexto."
"38";"M1.18";"M1";"Java fundamentos absolutos";"CONCLUIDA_GERADA";"Aula pratica guiada";"Switch Moderno e Expressões";"038_M1_18_SWITCH_MODERNO_E_EXPRESSOES_OFICIAL.md";"Aula ja gerada em Markdown em docs/aulas. Fonte operacional: arquivo real auditado. Manter conteudo, nome, numeracao e sequencia.";"ARQUIVO_REAL_DOCS_AULAS_AUDITORIA_POS_474";"Nao reescrever, nao renomear, nao deslocar numeracao e nao usar como ponto de retomada, exceto para contexto."
"39";"M1.19";"M1";"Java fundamentos absolutos";"CONCLUIDA_GERADA";"Aula pratica guiada";"While";"039_M1_19_WHILE_OFICIAL.md";"Aula ja gerada em Markdown em docs/aulas. Fonte operacional: arquivo real auditado. Manter conteudo, nome, numeracao e sequencia.";"ARQUIVO_REAL_DOCS_AULAS_AUDITORIA_POS_474";"Nao reescrever, nao renomear, nao deslocar numeracao e nao usar como ponto de retomada, exceto para contexto."
"40";"M1.20";"M1";"Java fundamentos absolutos";"CONCLUIDA_GERADA";"Aula pratica guiada";"Do While";"040_M1_20_DO_WHILE_OFICIAL.md";"Aula ja gerada em Markdown em docs/aulas. Fonte operacional: arquivo real auditado. Manter conteudo, nome, numeracao e sequencia.";"ARQUIVO_REAL_DOCS_AULAS_AUDITORIA_POS_474";"Nao reescrever, nao renomear, nao deslocar numeracao e nao usar como ponto de retomada, exceto para contexto."
"41";"M1.21";"M1";"Java fundamentos absolutos";"CONCLUIDA_GERADA";"Aula pratica guiada";"For Clássico";"041_M1_21_FOR_CLASSICO_OFICIAL.md";"Aula ja gerada em Markdown em docs/aulas. Fonte operacional: arquivo real auditado. Manter conteudo, nome, numeracao e sequencia.";"ARQUIVO_REAL_DOCS_AULAS_AUDITORIA_POS_474";"Nao reescrever, nao renomear, nao deslocar numeracao e nao usar como ponto de retomada, exceto para contexto."
"42";"M1.22";"M1";"Java fundamentos absolutos";"CONCLUIDA_GERADA";"Aula pratica guiada";"Break e Continue";"042_M1_22_BREAK_E_CONTINUE_OFICIAL.md";"Aula ja gerada em Markdown em docs/aulas. Fonte operacional: arquivo real auditado. Manter conteudo, nome, numeracao e sequencia.";"ARQUIVO_REAL_DOCS_AULAS_AUDITORIA_POS_474";"Nao reescrever, nao renomear, nao deslocar numeracao e nao usar como ponto de retomada, exceto para contexto."
"43";"M1.23";"M1";"Java fundamentos absolutos";"CONCLUIDA_GERADA";"Aula pratica guiada";"Laços Aninhados";"043_M1_23_LACOS_ANINHADOS_OFICIAL.md";"Aula ja gerada em Markdown em docs/aulas. Fonte operacional: arquivo real auditado. Manter conteudo, nome, numeracao e sequencia.";"ARQUIVO_REAL_DOCS_AULAS_AUDITORIA_POS_474";"Nao reescrever, nao renomear, nao deslocar numeracao e nao usar como ponto de retomada, exceto para contexto."
"44";"M1.24";"M1";"Java fundamentos absolutos";"CONCLUIDA_GERADA";"Aula pratica guiada";"Validação de Entrada sem Try/Catch Profundo";"044_M1_24_VALIDACAO_DE_ENTRADA_SEM_TRY_CATCH_PROFUNDO_OFICIAL.md";"Aula ja gerada em Markdown em docs/aulas. Fonte operacional: arquivo real auditado. Manter conteudo, nome, numeracao e sequencia.";"ARQUIVO_REAL_DOCS_AULAS_AUDITORIA_POS_474";"Nao reescrever, nao renomear, nao deslocar numeracao e nao usar como ponto de retomada, exceto para contexto."
"45";"M1.25";"M1";"Java fundamentos absolutos";"CONCLUIDA_GERADA";"Aula pratica guiada";"Arrays de Números";"045_M1_25_ARRAYS_DE_NUMEROS_OFICIAL.md";"Aula ja gerada em Markdown em docs/aulas. Fonte operacional: arquivo real auditado. Manter conteudo, nome, numeracao e sequencia.";"ARQUIVO_REAL_DOCS_AULAS_AUDITORIA_POS_474";"Nao reescrever, nao renomear, nao deslocar numeracao e nao usar como ponto de retomada, exceto para contexto."
"46";"M1.26";"M1";"Java fundamentos absolutos";"CONCLUIDA_GERADA";"Aula pratica guiada";"Arrays com Tamanho Definido pelo Usuário";"046_M1_26_ARRAYS_COM_TAMANHO_DEFINIDO_PELO_USUARIO_OFICIAL.md";"Aula ja gerada em Markdown em docs/aulas. Fonte operacional: arquivo real auditado. Manter conteudo, nome, numeracao e sequencia.";"ARQUIVO_REAL_DOCS_AULAS_AUDITORIA_POS_474";"Nao reescrever, nao renomear, nao deslocar numeracao e nao usar como ponto de retomada, exceto para contexto."
"47";"M1.27";"M1";"Java fundamentos absolutos";"CONCLUIDA_GERADA";"Aula pratica guiada";"Alteração de Posições do Array";"047_M1_27_ALTERACAO_DE_POSICOES_DO_ARRAY_OFICIAL.md";"Aula ja gerada em Markdown em docs/aulas. Fonte operacional: arquivo real auditado. Manter conteudo, nome, numeracao e sequencia.";"ARQUIVO_REAL_DOCS_AULAS_AUDITORIA_POS_474";"Nao reescrever, nao renomear, nao deslocar numeracao e nao usar como ponto de retomada, exceto para contexto."
"48";"M1.28";"M1";"Java fundamentos absolutos";"CONCLUIDA_GERADA";"Aula pratica guiada";"Busca em Array";"048_M1_28_BUSCA_EM_ARRAY_OFICIAL.md";"Aula ja gerada em Markdown em docs/aulas. Fonte operacional: arquivo real auditado. Manter conteudo, nome, numeracao e sequencia.";"ARQUIVO_REAL_DOCS_AULAS_AUDITORIA_POS_474";"Nao reescrever, nao renomear, nao deslocar numeracao e nao usar como ponto de retomada, exceto para contexto."
"49";"M1.29";"M1";"Java fundamentos absolutos";"CONCLUIDA_GERADA";"Aula pratica guiada";"Maior, Menor, Soma e Média em Array";"049_M1_29_MAIOR_MENOR_SOMA_E_MEDIA_EM_ARRAY_OFICIAL.md";"Aula ja gerada em Markdown em docs/aulas. Fonte operacional: arquivo real auditado. Manter conteudo, nome, numeracao e sequencia.";"ARQUIVO_REAL_DOCS_AULAS_AUDITORIA_POS_474";"Nao reescrever, nao renomear, nao deslocar numeracao e nao usar como ponto de retomada, exceto para contexto."
"50";"M1.30";"M1";"Java fundamentos absolutos";"CONCLUIDA_GERADA";"Aula pratica guiada";"Arrays de String";"050_M1_30_ARRAYS_DE_STRING_OFICIAL.md";"Aula ja gerada em Markdown em docs/aulas. Fonte operacional: arquivo real auditado. Manter conteudo, nome, numeracao e sequencia.";"ARQUIVO_REAL_DOCS_AULAS_AUDITORIA_POS_474";"Nao reescrever, nao renomear, nao deslocar numeracao e nao usar como ponto de retomada, exceto para contexto."
"51";"M1.31";"M1";"Java fundamentos absolutos";"CONCLUIDA_GERADA";"Aula pratica guiada";"Arrays Paralelos";"051_M1_31_ARRAYS_PARALELOS_OFICIAL.md";"Aula ja gerada em Markdown em docs/aulas. Fonte operacional: arquivo real auditado. Manter conteudo, nome, numeracao e sequencia.";"ARQUIVO_REAL_DOCS_AULAS_AUDITORIA_POS_474";"Nao reescrever, nao renomear, nao deslocar numeracao e nao usar como ponto de retomada, exceto para contexto."
"52";"M1.32";"M1";"Java fundamentos absolutos";"CONCLUIDA_GERADA";"Aula pratica guiada";"Matriz Bidimensional Inicial";"052_M1_32_MATRIZ_BIDIMENSIONAL_INICIAL_OFICIAL.md";"Aula ja gerada em Markdown em docs/aulas. Fonte operacional: arquivo real auditado. Manter conteudo, nome, numeracao e sequencia.";"ARQUIVO_REAL_DOCS_AULAS_AUDITORIA_POS_474";"Nao reescrever, nao renomear, nao deslocar numeracao e nao usar como ponto de retomada, exceto para contexto."
"53";"M1.33";"M1";"Java fundamentos absolutos";"CONCLUIDA_GERADA";"Aula pratica guiada";"Métodos sem Retorno";"053_M1_33_METODOS_SEM_RETORNO_OFICIAL.md";"Aula ja gerada em Markdown em docs/aulas. Fonte operacional: arquivo real auditado. Manter conteudo, nome, numeracao e sequencia.";"ARQUIVO_REAL_DOCS_AULAS_AUDITORIA_POS_474";"Nao reescrever, nao renomear, nao deslocar numeracao e nao usar como ponto de retomada, exceto para contexto."
"54";"M1.34";"M1";"Java fundamentos absolutos";"CONCLUIDA_GERADA";"Aula pratica guiada";"Métodos com Retorno";"054_M1_34_METODOS_COM_RETORNO_OFICIAL.md";"Aula ja gerada em Markdown em docs/aulas. Fonte operacional: arquivo real auditado. Manter conteudo, nome, numeracao e sequencia.";"ARQUIVO_REAL_DOCS_AULAS_AUDITORIA_POS_474";"Nao reescrever, nao renomear, nao deslocar numeracao e nao usar como ponto de retomada, exceto para contexto."
"55";"M1.35";"M1";"Java fundamentos absolutos";"CONCLUIDA_GERADA";"Aula pratica guiada";"Métodos com Parâmetros";"055_M1_35_METODOS_COM_PARAMETROS_OFICIAL.md";"Aula ja gerada em Markdown em docs/aulas. Fonte operacional: arquivo real auditado. Manter conteudo, nome, numeracao e sequencia.";"ARQUIVO_REAL_DOCS_AULAS_AUDITORIA_POS_474";"Nao reescrever, nao renomear, nao deslocar numeracao e nao usar como ponto de retomada, exceto para contexto."
"56";"M1.36";"M1";"Java fundamentos absolutos";"CONCLUIDA_GERADA";"Aula pratica guiada";"Sobrecarga de Métodos Inicial";"056_M1_36_SOBRECARGA_DE_METODOS_INICIAL_OFICIAL.md";"Aula ja gerada em Markdown em docs/aulas. Fonte operacional: arquivo real auditado. Manter conteudo, nome, numeracao e sequencia.";"ARQUIVO_REAL_DOCS_AULAS_AUDITORIA_POS_474";"Nao reescrever, nao renomear, nao deslocar numeracao e nao usar como ponto de retomada, exceto para contexto."
"57";"M1.37";"M1";"Java fundamentos absolutos";"CONCLUIDA_GERADA";"Aula pratica guiada";"Escopo de Variáveis";"057_M1_37_ESCOPO_DE_VARIAVEIS_OFICIAL.md";"Aula ja gerada em Markdown em docs/aulas. Fonte operacional: arquivo real auditado. Manter conteudo, nome, numeracao e sequencia.";"ARQUIVO_REAL_DOCS_AULAS_AUDITORIA_POS_474";"Nao reescrever, nao renomear, nao deslocar numeracao e nao usar como ponto de retomada, exceto para contexto."
"58";"M1.38";"M1";"Java fundamentos absolutos";"CONCLUIDA_GERADA";"Aula pratica guiada";"Passagem de Valores e Referências";"058_M1_38_PASSAGEM_DE_VALORES_E_REFERENCIAS_OFICIAL.md";"Aula ja gerada em Markdown em docs/aulas. Fonte operacional: arquivo real auditado. Manter conteudo, nome, numeracao e sequencia.";"ARQUIVO_REAL_DOCS_AULAS_AUDITORIA_POS_474";"Nao reescrever, nao renomear, nao deslocar numeracao e nao usar como ponto de retomada, exceto para contexto."
"59";"M1.39";"M1";"Java fundamentos absolutos";"CONCLUIDA_GERADA";"Aula pratica guiada";"Tratamento Inicial de Erros de Entrada";"059_M1_39_TRATAMENTO_INICIAL_DE_ERROS_DE_ENTRADA_OFICIAL.md";"Aula ja gerada em Markdown em docs/aulas. Fonte operacional: arquivo real auditado. Manter conteudo, nome, numeracao e sequencia.";"ARQUIVO_REAL_DOCS_AULAS_AUDITORIA_POS_474";"Nao reescrever, nao renomear, nao deslocar numeracao e nao usar como ponto de retomada, exceto para contexto."
"60";"M1.40";"M1";"Java fundamentos absolutos";"CONCLUIDA_GERADA";"Aula pratica guiada";"Debug Aplicado aos Fundamentos";"060_M1_40_DEBUG_APLICADO_AOS_FUNDAMENTOS_OFICIAL.md";"Aula ja gerada em Markdown em docs/aulas. Fonte operacional: arquivo real auditado. Manter conteudo, nome, numeracao e sequencia.";"ARQUIVO_REAL_DOCS_AULAS_AUDITORIA_POS_474";"Nao reescrever, nao renomear, nao deslocar numeracao e nao usar como ponto de retomada, exceto para contexto."
"61";"M1.41";"M1";"Java fundamentos absolutos";"CONCLUIDA_GERADA";"Projeto pratico guiado";"# Calculadora Profissional Console";"061_M1_41_MINI_PROJETO_CALCULADORA_PROFISSIONAL_CONSOLE_OFICIAL.md";"Aula ja gerada em Markdown em docs/aulas. Fonte operacional: arquivo real auditado. Manter conteudo, nome, numeracao e sequencia.";"ARQUIVO_REAL_DOCS_AULAS_AUDITORIA_POS_474";"Nao reescrever, nao renomear, nao deslocar numeracao e nao usar como ponto de retomada, exceto para contexto."
"62";"M2.01";"M2";"Java Core profundo";"CONCLUIDA_GERADA";"Aula pratica guiada";"JVM, Bytecode e Execução por Baixo";"062_M2_01_JVM_BYTECODE_E_EXECUCAO_POR_BAIXO_OFICIAL.md";"Aula ja gerada em Markdown em docs/aulas. Fonte operacional: arquivo real auditado. Manter conteudo, nome, numeracao e sequencia.";"ARQUIVO_REAL_DOCS_AULAS_AUDITORIA_POS_474";"Nao reescrever, nao renomear, nao deslocar numeracao e nao usar como ponto de retomada, exceto para contexto."
"63";"M2.02";"M2";"Java Core profundo";"CONCLUIDA_GERADA";"Aula pratica guiada";"Stack, Heap e Referências";"063_M2_02_STACK_HEAP_E_REFERENCIAS_OFICIAL.md";"Aula ja gerada em Markdown em docs/aulas. Fonte operacional: arquivo real auditado. Manter conteudo, nome, numeracao e sequencia.";"ARQUIVO_REAL_DOCS_AULAS_AUDITORIA_POS_474";"Nao reescrever, nao renomear, nao deslocar numeracao e nao usar como ponto de retomada, exceto para contexto."
"64";"M2.03";"M2";"Java Core profundo";"CONCLUIDA_GERADA";"Aula pratica guiada";"Garbage Collector Conceitual";"064_M2_03_GARBAGE_COLLECTOR_CONCEITUAL_OFICIAL.md";"Aula ja gerada em Markdown em docs/aulas. Fonte operacional: arquivo real auditado. Manter conteudo, nome, numeracao e sequencia.";"ARQUIVO_REAL_DOCS_AULAS_AUDITORIA_POS_474";"Nao reescrever, nao renomear, nao deslocar numeracao e nao usar como ponto de retomada, exceto para contexto."
"65";"M2.04";"M2";"Java Core profundo";"CONCLUIDA_GERADA";"Aula pratica guiada";"Default Values e Inicialização";"065_M2_04_DEFAULT_VALUES_E_INICIALIZACAO_OFICIAL.md";"Aula ja gerada em Markdown em docs/aulas. Fonte operacional: arquivo real auditado. Manter conteudo, nome, numeracao e sequencia.";"ARQUIVO_REAL_DOCS_AULAS_AUDITORIA_POS_474";"Nao reescrever, nao renomear, nao deslocar numeracao e nao usar como ponto de retomada, exceto para contexto."
"66";"M2.05";"M2";"Java Core profundo";"CONCLUIDA_GERADA";"Aula pratica guiada";"Null e NullPointerException";"066_M2_05_NULL_E_NULLPOINTEREXCEPTION_OFICIAL.md";"Aula ja gerada em Markdown em docs/aulas. Fonte operacional: arquivo real auditado. Manter conteudo, nome, numeracao e sequencia.";"ARQUIVO_REAL_DOCS_AULAS_AUDITORIA_POS_474";"Nao reescrever, nao renomear, nao deslocar numeracao e nao usar como ponto de retomada, exceto para contexto."
"67";"M2.06";"M2";"Java Core profundo";"CONCLUIDA_GERADA";"Aula pratica guiada";"String Pool e Imutabilidade de String";"067_M2_06_STRING_POOL_E_IMUTABILIDADE_DE_STRING_OFICIAL.md";"Aula ja gerada em Markdown em docs/aulas. Fonte operacional: arquivo real auditado. Manter conteudo, nome, numeracao e sequencia.";"ARQUIVO_REAL_DOCS_AULAS_AUDITORIA_POS_474";"Nao reescrever, nao renomear, nao deslocar numeracao e nao usar como ponto de retomada, exceto para contexto."
"68";"M2.07";"M2";"Java Core profundo";"CONCLUIDA_GERADA";"Aula pratica guiada";"StringBuilder e StringBuffer";"068_M2_07_STRINGBUILDER_E_STRINGBUFFER_OFICIAL.md";"Aula ja gerada em Markdown em docs/aulas. Fonte operacional: arquivo real auditado. Manter conteudo, nome, numeracao e sequencia.";"ARQUIVO_REAL_DOCS_AULAS_AUDITORIA_POS_474";"Nao reescrever, nao renomear, nao deslocar numeracao e nao usar como ponto de retomada, exceto para contexto."
"69";"M2.08";"M2";"Java Core profundo";"CONCLUIDA_GERADA";"Aula pratica guiada";"Wrappers e Autoboxing";"069_M2_08_WRAPPERS_E_AUTOBOXING_OFICIAL.md";"Aula ja gerada em Markdown em docs/aulas. Fonte operacional: arquivo real auditado. Manter conteudo, nome, numeracao e sequencia.";"ARQUIVO_REAL_DOCS_AULAS_AUDITORIA_POS_474";"Nao reescrever, nao renomear, nao deslocar numeracao e nao usar como ponto de retomada, exceto para contexto."
"70";"M2.09";"M2";"Java Core profundo";"CONCLUIDA_GERADA";"Aula pratica guiada";"Conversões e Casting";"070_M2_09_CONVERSOES_E_CASTING_OFICIAL.md";"Aula ja gerada em Markdown em docs/aulas. Fonte operacional: arquivo real auditado. Manter conteudo, nome, numeracao e sequencia.";"ARQUIVO_REAL_DOCS_AULAS_AUDITORIA_POS_474";"Nao reescrever, nao renomear, nao deslocar numeracao e nao usar como ponto de retomada, exceto para contexto."
"71";"M2.10";"M2";"Java Core profundo";"CONCLUIDA_GERADA";"Aula pratica guiada";"Math, Random e Números Utilitários";"071_M2_10_MATH_RANDOM_E_NUMEROS_UTILITARIOS_OFICIAL.md";"Aula ja gerada em Markdown em docs/aulas. Fonte operacional: arquivo real auditado. Manter conteudo, nome, numeracao e sequencia.";"ARQUIVO_REAL_DOCS_AULAS_AUDITORIA_POS_474";"Nao reescrever, nao renomear, nao deslocar numeracao e nao usar como ponto de retomada, exceto para contexto."
"72";"M2.11";"M2";"Java Core profundo";"CONCLUIDA_GERADA";"Aula pratica guiada";"BigDecimal desde a Base";"072_M2_11_BIGDECIMAL_DESDE_A_BASE_OFICIAL.md";"Aula ja gerada em Markdown em docs/aulas. Fonte operacional: arquivo real auditado. Manter conteudo, nome, numeracao e sequencia.";"ARQUIVO_REAL_DOCS_AULAS_AUDITORIA_POS_474";"Nao reescrever, nao renomear, nao deslocar numeracao e nao usar como ponto de retomada, exceto para contexto."
"73";"M2.12";"M2";"Java Core profundo";"CONCLUIDA_GERADA";"Aula pratica guiada";"Locale, NumberFormat e Formatação";"073_M2_12_LOCALE_NUMBERFORMAT_E_FORMATACAO_OFICIAL.md";"Aula ja gerada em Markdown em docs/aulas. Fonte operacional: arquivo real auditado. Manter conteudo, nome, numeracao e sequencia.";"ARQUIVO_REAL_DOCS_AULAS_AUDITORIA_POS_474";"Nao reescrever, nao renomear, nao deslocar numeracao e nao usar como ponto de retomada, exceto para contexto."
"74";"M2.13";"M2";"Java Core profundo";"CONCLUIDA_GERADA";"Aula pratica guiada";"java.time básico";"074_M2_13_JAVA_TIME_BASICO_OFICIAL.md";"Aula ja gerada em Markdown em docs/aulas. Fonte operacional: arquivo real auditado. Manter conteudo, nome, numeracao e sequencia.";"ARQUIVO_REAL_DOCS_AULAS_AUDITORIA_POS_474";"Nao reescrever, nao renomear, nao deslocar numeracao e nao usar como ponto de retomada, exceto para contexto."
"75";"M2.14";"M2";"Java Core profundo";"CONCLUIDA_GERADA";"Aula pratica guiada";"Timezone e Instant";"075_M2_14_TIMEZONE_E_INSTANT_OFICIAL.md";"Aula ja gerada em Markdown em docs/aulas. Fonte operacional: arquivo real auditado. Manter conteudo, nome, numeracao e sequencia.";"ARQUIVO_REAL_DOCS_AULAS_AUDITORIA_POS_474";"Nao reescrever, nao renomear, nao deslocar numeracao e nao usar como ponto de retomada, exceto para contexto."
"76";"M2.15";"M2";"Java Core profundo";"CONCLUIDA_GERADA";"Aula pratica guiada";"Enum profissional";"076_M2_15_ENUM_PROFISSIONAL_OFICIAL.md";"Aula ja gerada em Markdown em docs/aulas. Fonte operacional: arquivo real auditado. Manter conteudo, nome, numeracao e sequencia.";"ARQUIVO_REAL_DOCS_AULAS_AUDITORIA_POS_474";"Nao reescrever, nao renomear, nao deslocar numeracao e nao usar como ponto de retomada, exceto para contexto."
"77";"M2.16";"M2";"Java Core profundo";"CONCLUIDA_GERADA";"Aula pratica guiada";"Records";"077_M2_16_RECORDS_OFICIAL.md";"Aula ja gerada em Markdown em docs/aulas. Fonte operacional: arquivo real auditado. Manter conteudo, nome, numeracao e sequencia.";"ARQUIVO_REAL_DOCS_AULAS_AUDITORIA_POS_474";"Nao reescrever, nao renomear, nao deslocar numeracao e nao usar como ponto de retomada, exceto para contexto."
"78";"M2.17";"M2";"Java Core profundo";"CONCLUIDA_GERADA";"Aula pratica guiada";"Var com critério";"078_M2_17_VAR_COM_CRITERIO_OFICIAL.md";"Aula ja gerada em Markdown em docs/aulas. Fonte operacional: arquivo real auditado. Manter conteudo, nome, numeracao e sequencia.";"ARQUIVO_REAL_DOCS_AULAS_AUDITORIA_POS_474";"Nao reescrever, nao renomear, nao deslocar numeracao e nao usar como ponto de retomada, exceto para contexto."
"79";"M2.18";"M2";"Java Core profundo";"CONCLUIDA_GERADA";"Aula pratica guiada";"Varargs";"079_M2_18_VARARGS_OFICIAL.md";"Aula ja gerada em Markdown em docs/aulas. Fonte operacional: arquivo real auditado. Manter conteudo, nome, numeracao e sequencia.";"ARQUIVO_REAL_DOCS_AULAS_AUDITORIA_POS_474";"Nao reescrever, nao renomear, nao deslocar numeracao e nao usar como ponto de retomada, exceto para contexto."
"80";"M2.19";"M2";"Java Core profundo";"CONCLUIDA_GERADA";"Aula pratica guiada";"Annotations básicas";"080_M2_19_ANNOTATIONS_BASICAS_OFICIAL.md";"Aula ja gerada em Markdown em docs/aulas. Fonte operacional: arquivo real auditado. Manter conteudo, nome, numeracao e sequencia.";"ARQUIVO_REAL_DOCS_AULAS_AUDITORIA_POS_474";"Nao reescrever, nao renomear, nao deslocar numeracao e nao usar como ponto de retomada, exceto para contexto."
"81";"M2.20";"M2";"Java Core profundo";"CONCLUIDA_GERADA";"Aula pratica guiada";"Reflection conceitual";"081_M2_20_REFLECTION_CONCEITUAL_OFICIAL.md";"Aula ja gerada em Markdown em docs/aulas. Fonte operacional: arquivo real auditado. Manter conteudo, nome, numeracao e sequencia.";"ARQUIVO_REAL_DOCS_AULAS_AUDITORIA_POS_474";"Nao reescrever, nao renomear, nao deslocar numeracao e nao usar como ponto de retomada, exceto para contexto."
"82";"M2.21";"M2";"Java Core profundo";"CONCLUIDA_GERADA";"Aula pratica guiada";"Sealed classes e interfaces";"082_M2_21_SEALED_CLASSES_E_INTERFACES_OFICIAL.md";"Aula ja gerada em Markdown em docs/aulas. Fonte operacional: arquivo real auditado. Manter conteudo, nome, numeracao e sequencia.";"ARQUIVO_REAL_DOCS_AULAS_AUDITORIA_POS_474";"Nao reescrever, nao renomear, nao deslocar numeracao e nao usar como ponto de retomada, exceto para contexto."
"83";"M2.22";"M2";"Java Core profundo";"CONCLUIDA_GERADA";"Aula pratica guiada";"Pattern matching";"083_M2_22_PATTERN_MATCHING_OFICIAL.md";"Aula ja gerada em Markdown em docs/aulas. Fonte operacional: arquivo real auditado. Manter conteudo, nome, numeracao e sequencia.";"ARQUIVO_REAL_DOCS_AULAS_AUDITORIA_POS_474";"Nao reescrever, nao renomear, nao deslocar numeracao e nao usar como ponto de retomada, exceto para contexto."
"84";"M2.23";"M2";"Java Core profundo";"CONCLUIDA_GERADA";"Aula pratica guiada";"Text blocks";"084_M2_23_TEXT_BLOCKS_OFICIAL.md";"Aula ja gerada em Markdown em docs/aulas. Fonte operacional: arquivo real auditado. Manter conteudo, nome, numeracao e sequencia.";"ARQUIVO_REAL_DOCS_AULAS_AUDITORIA_POS_474";"Nao reescrever, nao renomear, nao deslocar numeracao e nao usar como ponto de retomada, exceto para contexto."
"85";"M2.24";"M2";"Java Core profundo";"CONCLUIDA_GERADA";"Aula pratica guiada";"Exceptions por baixo";"085_M2_24_EXCEPTIONS_POR_BAIXO_OFICIAL.md";"Aula ja gerada em Markdown em docs/aulas. Fonte operacional: arquivo real auditado. Manter conteudo, nome, numeracao e sequencia.";"ARQUIVO_REAL_DOCS_AULAS_AUDITORIA_POS_474";"Nao reescrever, nao renomear, nao deslocar numeracao e nao usar como ponto de retomada, exceto para contexto."
"86";"M2.25";"M2";"Java Core profundo";"CONCLUIDA_GERADA";"Aula pratica guiada";"Entrada/saída básica com console robusto";"086_M2_25_ENTRADA_SAIDA_BASICA_COM_CONSOLE_ROBUSTO_OFICIAL.md";"Aula ja gerada em Markdown em docs/aulas. Fonte operacional: arquivo real auditado. Manter conteudo, nome, numeracao e sequencia.";"ARQUIVO_REAL_DOCS_AULAS_AUDITORIA_POS_474";"Nao reescrever, nao renomear, nao deslocar numeracao e nao usar como ponto de retomada, exceto para contexto."
"87";"M2.26";"M2";"Java Core profundo";"CONCLUIDA_GERADA";"Aula pratica guiada";"Organização de pacotes desde cedo";"087_M2_26_ORGANIZACAO_DE_PACOTES_DESDE_CEDO_OFICIAL.md";"Aula ja gerada em Markdown em docs/aulas. Fonte operacional: arquivo real auditado. Manter conteudo, nome, numeracao e sequencia.";"ARQUIVO_REAL_DOCS_AULAS_AUDITORIA_POS_474";"Nao reescrever, nao renomear, nao deslocar numeracao e nao usar como ponto de retomada, exceto para contexto."
"88";"M2.27";"M2";"Java Core profundo";"CONCLUIDA_GERADA";"Aula pratica guiada";"Leitura de documentação oficial";"088_M2_27_LEITURA_DE_DOCUMENTACAO_OFICIAL.md";"Aula ja gerada em Markdown em docs/aulas. Fonte operacional: arquivo real auditado. Manter conteudo, nome, numeracao e sequencia.";"ARQUIVO_REAL_DOCS_AULAS_AUDITORIA_POS_474";"Nao reescrever, nao renomear, nao deslocar numeracao e nao usar como ponto de retomada, exceto para contexto."
"89";"M2.28";"M2";"Java Core profundo";"CONCLUIDA_GERADA";"Projeto pratico guiado";"Mini projeto biblioteca Java Core";"089_M2_28_MINI_PROJETO_BIBLIOTECA_JAVA_CORE_OFICIAL.md";"Aula ja gerada em Markdown em docs/aulas. Fonte operacional: arquivo real auditado. Manter conteudo, nome, numeracao e sequencia.";"ARQUIVO_REAL_DOCS_AULAS_AUDITORIA_POS_474";"Nao reescrever, nao renomear, nao deslocar numeracao e nao usar como ponto de retomada, exceto para contexto."
"90";"M3.01";"M3";"Metodos, organizacao procedural e projetos console";"CONCLUIDA_GERADA";"Aula pratica guiada";"De main gigante para métodos pequenos";"090_M3_01_DE_MAIN_GIGANTE_PARA_METODOS_PEQUENOS_OFICIAL.md";"Aula ja gerada em Markdown em docs/aulas. Fonte operacional: arquivo real auditado. Manter conteudo, nome, numeracao e sequencia.";"ARQUIVO_REAL_DOCS_AULAS_AUDITORIA_POS_474";"Nao reescrever, nao renomear, nao deslocar numeracao e nao usar como ponto de retomada, exceto para contexto."
"91";"M3.02";"M3";"Metodos, organizacao procedural e projetos console";"CONCLUIDA_GERADA";"Aula pratica guiada";"# 091 — M3.02 — Assinatura de método profissional";"091_M3_02_ASSINATURA_DE_METODO_PROFISSIONAL_OFICIAL.md";"Aula ja gerada em Markdown em docs/aulas. Fonte operacional: arquivo real auditado. Manter conteudo, nome, numeracao e sequencia.";"ARQUIVO_REAL_DOCS_AULAS_AUDITORIA_POS_474";"Nao reescrever, nao renomear, nao deslocar numeracao e nao usar como ponto de retomada, exceto para contexto."
"92";"M3.03";"M3";"Metodos, organizacao procedural e projetos console";"CONCLUIDA_GERADA";"Aula pratica guiada";"# 092 — M3.03 — Coesão em métodos";"092_M3_03_COESAO_EM_METODOS_OFICIAL.md";"Aula ja gerada em Markdown em docs/aulas. Fonte operacional: arquivo real auditado. Manter conteudo, nome, numeracao e sequencia.";"ARQUIVO_REAL_DOCS_AULAS_AUDITORIA_POS_474";"Nao reescrever, nao renomear, nao deslocar numeracao e nao usar como ponto de retomada, exceto para contexto."
"93";"M3.04";"M3";"Metodos, organizacao procedural e projetos console";"CONCLUIDA_GERADA";"Aula pratica guiada";"# 093 — M3.04 — Parâmetros demais e alternativas";"093_M3_04_PARAMETROS_DEMAIS_E_ALTERNATIVAS_OFICIAL.md";"Aula ja gerada em Markdown em docs/aulas. Fonte operacional: arquivo real auditado. Manter conteudo, nome, numeracao e sequencia.";"ARQUIVO_REAL_DOCS_AULAS_AUDITORIA_POS_474";"Nao reescrever, nao renomear, nao deslocar numeracao e nao usar como ponto de retomada, exceto para contexto."
"94";"M3.05";"M3";"Metodos, organizacao procedural e projetos console";"CONCLUIDA_GERADA";"Aula pratica guiada";"# 094 — M3.05 — Retorno boolean para validação";"094_M3_05_RETORNO_BOOLEAN_PARA_VALIDACAO_OFICIAL.md";"Aula ja gerada em Markdown em docs/aulas. Fonte operacional: arquivo real auditado. Manter conteudo, nome, numeracao e sequencia.";"ARQUIVO_REAL_DOCS_AULAS_AUDITORIA_POS_474";"Nao reescrever, nao renomear, nao deslocar numeracao e nao usar como ponto de retomada, exceto para contexto."
"95";"M3.06";"M3";"Metodos, organizacao procedural e projetos console";"CONCLUIDA_GERADA";"Aula pratica guiada";"# 095 — Métodos de cálculo";"095_M3_06_METODOS_DE_CALCULO_OFICIAL.md";"Aula ja gerada em Markdown em docs/aulas. Fonte operacional: arquivo real auditado. Manter conteudo, nome, numeracao e sequencia.";"ARQUIVO_REAL_DOCS_AULAS_AUDITORIA_POS_474";"Nao reescrever, nao renomear, nao deslocar numeracao e nao usar como ponto de retomada, exceto para contexto."
"96";"M3.07";"M3";"Metodos, organizacao procedural e projetos console";"CONCLUIDA_GERADA";"Aula pratica guiada";"# 096 — Métodos de exibição";"096_M3_07_METODOS_DE_EXIBICAO_OFICIAL.md";"Aula ja gerada em Markdown em docs/aulas. Fonte operacional: arquivo real auditado. Manter conteudo, nome, numeracao e sequencia.";"ARQUIVO_REAL_DOCS_AULAS_AUDITORIA_POS_474";"Nao reescrever, nao renomear, nao deslocar numeracao e nao usar como ponto de retomada, exceto para contexto."
"97";"M3.08";"M3";"Metodos, organizacao procedural e projetos console";"CONCLUIDA_GERADA";"Aula pratica guiada";"# 097 — Métodos de leitura";"097_M3_08_METODOS_DE_LEITURA_OFICIAL.md";"Aula ja gerada em Markdown em docs/aulas. Fonte operacional: arquivo real auditado. Manter conteudo, nome, numeracao e sequencia.";"ARQUIVO_REAL_DOCS_AULAS_AUDITORIA_POS_474";"Nao reescrever, nao renomear, nao deslocar numeracao e nao usar como ponto de retomada, exceto para contexto."
"98";"M3.09";"M3";"Metodos, organizacao procedural e projetos console";"CONCLUIDA_GERADA";"Aula pratica guiada";"# 098 — Reuso sem duplicação";"098_M3_09_REUSO_SEM_DUPLICACAO_OFICIAL.md";"Aula ja gerada em Markdown em docs/aulas. Fonte operacional: arquivo real auditado. Manter conteudo, nome, numeracao e sequencia.";"ARQUIVO_REAL_DOCS_AULAS_AUDITORIA_POS_474";"Nao reescrever, nao renomear, nao deslocar numeracao e nao usar como ponto de retomada, exceto para contexto."
"99";"M3.10";"M3";"Metodos, organizacao procedural e projetos console";"CONCLUIDA_GERADA";"Aula pratica guiada";"# 099 — Debug entrando em métodos";"099_M3_10_DEBUG_ENTRANDO_EM_METODOS_OFICIAL.md";"Aula ja gerada em Markdown em docs/aulas. Fonte operacional: arquivo real auditado. Manter conteudo, nome, numeracao e sequencia.";"ARQUIVO_REAL_DOCS_AULAS_AUDITORIA_POS_474";"Nao reescrever, nao renomear, nao deslocar numeracao e nao usar como ponto de retomada, exceto para contexto."
"100";"M3.11";"M3";"Metodos, organizacao procedural e projetos console";"CONCLUIDA_GERADA";"Aula pratica guiada";"# 100 — Refatoração Extract Method no IntelliJ";"100_M3_11_REFATORACAO_EXTRACT_METHOD_NO_INTELLIJ_OFICIAL.md";"Aula ja gerada em Markdown em docs/aulas. Fonte operacional: arquivo real auditado. Manter conteudo, nome, numeracao e sequencia.";"ARQUIVO_REAL_DOCS_AULAS_AUDITORIA_POS_474";"Nao reescrever, nao renomear, nao deslocar numeracao e nao usar como ponto de retomada, exceto para contexto."
"101";"M3.12";"M3";"Metodos, organizacao procedural e projetos console";"CONCLUIDA_GERADA";"Aula pratica guiada";"# 101 — M3.12 — Mini arquitetura procedural";"101_M3_12_MINI_ARQUITETURA_PROCEDURAL_OFICIAL.md";"Aula ja gerada em Markdown em docs/aulas. Fonte operacional: arquivo real auditado. Manter conteudo, nome, numeracao e sequencia.";"ARQUIVO_REAL_DOCS_AULAS_AUDITORIA_POS_474";"Nao reescrever, nao renomear, nao deslocar numeracao e nao usar como ponto de retomada, exceto para contexto."
"102";"M3.13";"M3";"Metodos, organizacao procedural e projetos console";"CONCLUIDA_GERADA";"Projeto pratico guiado";"# 102 — M3.13 — Projeto calculadora console revisitada";"102_M3_13_PROJETO_CALCULADORA_CONSOLE_REVISITADA_OFICIAL.md";"Aula ja gerada em Markdown em docs/aulas. Fonte operacional: arquivo real auditado. Manter conteudo, nome, numeracao e sequencia.";"ARQUIVO_REAL_DOCS_AULAS_AUDITORIA_POS_474";"Nao reescrever, nao renomear, nao deslocar numeracao e nao usar como ponto de retomada, exceto para contexto."
"103";"M3.14";"M3";"Metodos, organizacao procedural e projetos console";"CONCLUIDA_GERADA";"Projeto pratico guiado";"# 103 — M3.14 — Projeto processamento de OS console";"103_M3_14_PROJETO_PROCESSAMENTO_DE_OS_CONSOLE_OFICIAL.md";"Aula ja gerada em Markdown em docs/aulas. Fonte operacional: arquivo real auditado. Manter conteudo, nome, numeracao e sequencia.";"ARQUIVO_REAL_DOCS_AULAS_AUDITORIA_POS_474";"Nao reescrever, nao renomear, nao deslocar numeracao e nao usar como ponto de retomada, exceto para contexto."
"104";"M3.15";"M3";"Metodos, organizacao procedural e projetos console";"CONCLUIDA_GERADA";"Aula pratica guiada";"# 104 — M3.15 — Revisão final de fundamentos antes de OO";"104_M3_15_REVISAO_FINAL_DE_FUNDAMENTOS_ANTES_DE_OO_OFICIAL.md";"Aula ja gerada em Markdown em docs/aulas. Fonte operacional: arquivo real auditado. Manter conteudo, nome, numeracao e sequencia.";"ARQUIVO_REAL_DOCS_AULAS_AUDITORIA_POS_474";"Nao reescrever, nao renomear, nao deslocar numeracao e nao usar como ponto de retomada, exceto para contexto."
"105";"M4.01";"M4";"Orientacao a Objetos e dominio";"CONCLUIDA_GERADA";"Aula pratica guiada";"# 105 — M4.01 — Pensamento orientado a objetos";"105_M4_01_PENSAMENTO_ORIENTADO_A_OBJETOS_OFICIAL.md";"Aula ja gerada em Markdown em docs/aulas. Fonte operacional: arquivo real auditado. Manter conteudo, nome, numeracao e sequencia.";"ARQUIVO_REAL_DOCS_AULAS_AUDITORIA_POS_474";"Nao reescrever, nao renomear, nao deslocar numeracao e nao usar como ponto de retomada, exceto para contexto."
"106";"M4.02";"M4";"Orientacao a Objetos e dominio";"CONCLUIDA_GERADA";"Aula pratica guiada";"# 106 — M4.02 — Modelagem no papel";"106_M4_02_MODELAGEM_NO_PAPEL_OFICIAL.md";"Aula ja gerada em Markdown em docs/aulas. Fonte operacional: arquivo real auditado. Manter conteudo, nome, numeracao e sequencia.";"ARQUIVO_REAL_DOCS_AULAS_AUDITORIA_POS_474";"Nao reescrever, nao renomear, nao deslocar numeracao e nao usar como ponto de retomada, exceto para contexto."
"107";"M4.03";"M4";"Orientacao a Objetos e dominio";"CONCLUIDA_GERADA";"Aula pratica guiada";"# 107 — M4.03 — Classe e objeto em Java";"107_M4_03_CLASSE_E_OBJETO_EM_JAVA_OFICIAL.md";"Aula ja gerada em Markdown em docs/aulas. Fonte operacional: arquivo real auditado. Manter conteudo, nome, numeracao e sequencia.";"ARQUIVO_REAL_DOCS_AULAS_AUDITORIA_POS_474";"Nao reescrever, nao renomear, nao deslocar numeracao e nao usar como ponto de retomada, exceto para contexto."
"108";"M4.04";"M4";"Orientacao a Objetos e dominio";"CONCLUIDA_GERADA";"Aula pratica guiada";"# 108 — M4.04 — Atributos com significado";"108_M4_04_ATRIBUTOS_COM_SIGNIFICADO_OFICIAL.md";"Aula ja gerada em Markdown em docs/aulas. Fonte operacional: arquivo real auditado. Manter conteudo, nome, numeracao e sequencia.";"ARQUIVO_REAL_DOCS_AULAS_AUDITORIA_POS_474";"Nao reescrever, nao renomear, nao deslocar numeracao e nao usar como ponto de retomada, exceto para contexto."
"109";"M4.05";"M4";"Orientacao a Objetos e dominio";"CONCLUIDA_GERADA";"Aula pratica guiada";"# 109 — M4.05 — Métodos de comportamento";"109_M4_05_METODOS_DE_COMPORTAMENTO_OFICIAL.md";"Aula ja gerada em Markdown em docs/aulas. Fonte operacional: arquivo real auditado. Manter conteudo, nome, numeracao e sequencia.";"ARQUIVO_REAL_DOCS_AULAS_AUDITORIA_POS_474";"Nao reescrever, nao renomear, nao deslocar numeracao e nao usar como ponto de retomada, exceto para contexto."
"110";"M4.06";"M4";"Orientacao a Objetos e dominio";"CONCLUIDA_GERADA";"Aula pratica guiada";"# 110 — M4.06 — Construtor padrão e parametrizado";"110_M4_06_CONSTRUTOR_PADRAO_E_PARAMETRIZADO_OFICIAL.md";"Aula ja gerada em Markdown em docs/aulas. Fonte operacional: arquivo real auditado. Manter conteudo, nome, numeracao e sequencia.";"ARQUIVO_REAL_DOCS_AULAS_AUDITORIA_POS_474";"Nao reescrever, nao renomear, nao deslocar numeracao e nao usar como ponto de retomada, exceto para contexto."
"111";"M4.07";"M4";"Orientacao a Objetos e dominio";"CONCLUIDA_GERADA";"Aula pratica guiada";"# 111 — M4.07 — Encapsulamento de verdade";"111_M4_07_ENCAPSULAMENTO_DE_VERDADE_OFICIAL.md";"Aula ja gerada em Markdown em docs/aulas. Fonte operacional: arquivo real auditado. Manter conteudo, nome, numeracao e sequencia.";"ARQUIVO_REAL_DOCS_AULAS_AUDITORIA_POS_474";"Nao reescrever, nao renomear, nao deslocar numeracao e nao usar como ponto de retomada, exceto para contexto."
"112";"M4.08";"M4";"Orientacao a Objetos e dominio";"CONCLUIDA_GERADA";"Aula pratica guiada";"# 112 — M4.08 — Getters, setters e critério";"112_M4_08_GETTERS_SETTERS_E_CRITERIO_OFICIAL.md";"Aula ja gerada em Markdown em docs/aulas. Fonte operacional: arquivo real auditado. Manter conteudo, nome, numeracao e sequencia.";"ARQUIVO_REAL_DOCS_AULAS_AUDITORIA_POS_474";"Nao reescrever, nao renomear, nao deslocar numeracao e nao usar como ponto de retomada, exceto para contexto."
"113";"M4.09";"M4";"Orientacao a Objetos e dominio";"CONCLUIDA_GERADA";"Aula pratica guiada";"# 113 — M4.09 — Imutabilidade aplicada";"113_M4_09_IMUTABILIDADE_APLICADA_OFICIAL.md";"Aula ja gerada em Markdown em docs/aulas. Fonte operacional: arquivo real auditado. Manter conteudo, nome, numeracao e sequencia.";"ARQUIVO_REAL_DOCS_AULAS_AUDITORIA_POS_474";"Nao reescrever, nao renomear, nao deslocar numeracao e nao usar como ponto de retomada, exceto para contexto."
"114";"M4.10";"M4";"Orientacao a Objetos e dominio";"CONCLUIDA_GERADA";"Aula pratica guiada";"# 114 — M4.10 — Composição";"114_M4_10_COMPOSICAO_OFICIAL.md";"Aula ja gerada em Markdown em docs/aulas. Fonte operacional: arquivo real auditado. Manter conteudo, nome, numeracao e sequencia.";"ARQUIVO_REAL_DOCS_AULAS_AUDITORIA_POS_474";"Nao reescrever, nao renomear, nao deslocar numeracao e nao usar como ponto de retomada, exceto para contexto."
"115";"M4.11";"M4";"Orientacao a Objetos e dominio";"CONCLUIDA_GERADA";"Aula pratica guiada";"# 115 — M4.11 — Relacionamento entre objetos";"115_M4_11_RELACIONAMENTO_ENTRE_OBJETOS_OFICIAL.md";"Aula ja gerada em Markdown em docs/aulas. Fonte operacional: arquivo real auditado. Manter conteudo, nome, numeracao e sequencia.";"ARQUIVO_REAL_DOCS_AULAS_AUDITORIA_POS_474";"Nao reescrever, nao renomear, nao deslocar numeracao e nao usar como ponto de retomada, exceto para contexto."
"116";"M4.12";"M4";"Orientacao a Objetos e dominio";"CONCLUIDA_GERADA";"Aula pratica guiada";"# 116 — M4.12 — Objetos de valor";"116_M4_12_OBJETOS_DE_VALOR_OFICIAL.md";"Aula ja gerada em Markdown em docs/aulas. Fonte operacional: arquivo real auditado. Manter conteudo, nome, numeracao e sequencia.";"ARQUIVO_REAL_DOCS_AULAS_AUDITORIA_POS_474";"Nao reescrever, nao renomear, nao deslocar numeracao e nao usar como ponto de retomada, exceto para contexto."
"117";"M4.13";"M4";"Orientacao a Objetos e dominio";"CONCLUIDA_GERADA";"Aula pratica guiada";"# 117 — M4.13 — Entidades";"117_M4_13_ENTIDADES_OFICIAL.md";"Aula ja gerada em Markdown em docs/aulas. Fonte operacional: arquivo real auditado. Manter conteudo, nome, numeracao e sequencia.";"ARQUIVO_REAL_DOCS_AULAS_AUDITORIA_POS_474";"Nao reescrever, nao renomear, nao deslocar numeracao e nao usar como ponto de retomada, exceto para contexto."
"118";"M4.14";"M4";"Orientacao a Objetos e dominio";"CONCLUIDA_GERADA";"Aula pratica guiada";"# 118 — M4.14 — Identidade de objetos";"118_M4_14_IDENTIDADE_DE_OBJETOS_OFICIAL.md";"Aula ja gerada em Markdown em docs/aulas. Fonte operacional: arquivo real auditado. Manter conteudo, nome, numeracao e sequencia.";"ARQUIVO_REAL_DOCS_AULAS_AUDITORIA_POS_474";"Nao reescrever, nao renomear, nao deslocar numeracao e nao usar como ponto de retomada, exceto para contexto."
"119";"M4.15";"M4";"Orientacao a Objetos e dominio";"CONCLUIDA_GERADA";"Aula pratica guiada";"# 119 — M4.15 — equals e hashCode";"119_M4_15_EQUALS_HASHCODE_OFICIAL.md";"Aula ja gerada em Markdown em docs/aulas. Fonte operacional: arquivo real auditado. Manter conteudo, nome, numeracao e sequencia.";"ARQUIVO_REAL_DOCS_AULAS_AUDITORIA_POS_474";"Nao reescrever, nao renomear, nao deslocar numeracao e nao usar como ponto de retomada, exceto para contexto."
"120";"M4.16";"M4";"Orientacao a Objetos e dominio";"CONCLUIDA_GERADA";"Aula pratica guiada";"# 120 — M4.16 — toString com critério";"120_M4_16_TO_STRING_COM_CRITERIO_OFICIAL.md";"Aula ja gerada em Markdown em docs/aulas. Fonte operacional: arquivo real auditado. Manter conteudo, nome, numeracao e sequencia.";"ARQUIVO_REAL_DOCS_AULAS_AUDITORIA_POS_474";"Nao reescrever, nao renomear, nao deslocar numeracao e nao usar como ponto de retomada, exceto para contexto."
"121";"M4.17";"M4";"Orientacao a Objetos e dominio";"CONCLUIDA_GERADA";"Aula pratica guiada";"# 121 — M4.17 — static com critério";"121_M4_17_STATIC_COM_CRITERIO_OFICIAL.md";"Aula ja gerada em Markdown em docs/aulas. Fonte operacional: arquivo real auditado. Manter conteudo, nome, numeracao e sequencia.";"ARQUIVO_REAL_DOCS_AULAS_AUDITORIA_POS_474";"Nao reescrever, nao renomear, nao deslocar numeracao e nao usar como ponto de retomada, exceto para contexto."
"122";"M4.18";"M4";"Orientacao a Objetos e dominio";"CONCLUIDA_GERADA";"Aula pratica guiada";"# 122 — M4.18 — final em classes, métodos e atributos";"122_M4_18_FINAL_EM_CLASSES_METODOS_E_ATRIBUTOS_OFICIAL.md";"Aula ja gerada em Markdown em docs/aulas. Fonte operacional: arquivo real auditado. Manter conteudo, nome, numeracao e sequencia.";"ARQUIVO_REAL_DOCS_AULAS_AUDITORIA_POS_474";"Nao reescrever, nao renomear, nao deslocar numeracao e nao usar como ponto de retomada, exceto para contexto."
"123";"M4.19";"M4";"Orientacao a Objetos e dominio";"CONCLUIDA_GERADA";"Aula pratica guiada";"# 123 — M4.19 — Sobrecarga de construtores";"123_M4_19_SOBRECARGA_DE_CONSTRUTORES_OFICIAL.md";"Aula ja gerada em Markdown em docs/aulas. Fonte operacional: arquivo real auditado. Manter conteudo, nome, numeracao e sequencia.";"ARQUIVO_REAL_DOCS_AULAS_AUDITORIA_POS_474";"Nao reescrever, nao renomear, nao deslocar numeracao e nao usar como ponto de retomada, exceto para contexto."
"124";"M4.20";"M4";"Orientacao a Objetos e dominio";"CONCLUIDA_GERADA";"Aula pratica guiada";"# 124 — M4.20 — this e autorreferência";"124_M4_20_THIS_E_SELF_REFERENCE_OFICIAL.md";"Aula ja gerada em Markdown em docs/aulas. Fonte operacional: arquivo real auditado. Manter conteudo, nome, numeracao e sequencia.";"ARQUIVO_REAL_DOCS_AULAS_AUDITORIA_POS_474";"Nao reescrever, nao renomear, nao deslocar numeracao e nao usar como ponto de retomada, exceto para contexto."
"125";"M4.21";"M4";"Orientacao a Objetos e dominio";"CONCLUIDA_GERADA";"Aula pratica guiada";"# 125 — M4.21 — Organização de classes em arquivos";"125_M4_21_ORGANIZACAO_DE_CLASSES_EM_ARQUIVOS_OFICIAL.md";"Aula ja gerada em Markdown em docs/aulas. Fonte operacional: arquivo real auditado. Manter conteudo, nome, numeracao e sequencia.";"ARQUIVO_REAL_DOCS_AULAS_AUDITORIA_POS_474";"Nao reescrever, nao renomear, nao deslocar numeracao e nao usar como ponto de retomada, exceto para contexto."
"126";"M4.22";"M4";"Orientacao a Objetos e dominio";"CONCLUIDA_GERADA";"Aula pratica guiada";"# 126 — M4.22 — Pacotes de domínio";"126_M4_22_PACOTES_DE_DOMINIO_OFICIAL.md";"Aula ja gerada em Markdown em docs/aulas. Fonte operacional: arquivo real auditado. Manter conteudo, nome, numeracao e sequencia.";"ARQUIVO_REAL_DOCS_AULAS_AUDITORIA_POS_474";"Nao reescrever, nao renomear, nao deslocar numeracao e nao usar como ponto de retomada, exceto para contexto."
"127";"M4.23";"M4";"Orientacao a Objetos e dominio";"CONCLUIDA_GERADA";"Aula pratica guiada";"# 127 — M4.23 — Modificadores de acesso";"127_M4_23_MODIFICADORES_DE_ACESSO_OFICIAL.md";"Aula ja gerada em Markdown em docs/aulas. Fonte operacional: arquivo real auditado. Manter conteudo, nome, numeracao e sequencia.";"ARQUIVO_REAL_DOCS_AULAS_AUDITORIA_POS_474";"Nao reescrever, nao renomear, nao deslocar numeracao e nao usar como ponto de retomada, exceto para contexto."
"128";"M4.24";"M4";"Orientacao a Objetos e dominio";"CONCLUIDA_GERADA";"Aula pratica guiada";"# 128 — M4.24 — Coesão em classes";"128_M4_24_COESAO_EM_CLASSES_OFICIAL.md";"Aula ja gerada em Markdown em docs/aulas. Fonte operacional: arquivo real auditado. Manter conteudo, nome, numeracao e sequencia.";"ARQUIVO_REAL_DOCS_AULAS_AUDITORIA_POS_474";"Nao reescrever, nao renomear, nao deslocar numeracao e nao usar como ponto de retomada, exceto para contexto."
"129";"M4.25";"M4";"Orientacao a Objetos e dominio";"CONCLUIDA_GERADA";"Aula pratica guiada";"# 129 — M4.25 — Acoplamento entre classes";"129_M4_25_ACOPLAMENTO_ENTRE_CLASSES_OFICIAL.md";"Aula ja gerada em Markdown em docs/aulas. Fonte operacional: arquivo real auditado. Manter conteudo, nome, numeracao e sequencia.";"ARQUIVO_REAL_DOCS_AULAS_AUDITORIA_POS_474";"Nao reescrever, nao renomear, nao deslocar numeracao e nao usar como ponto de retomada, exceto para contexto."
"130";"M4.26";"M4";"Orientacao a Objetos e dominio";"CONCLUIDA_GERADA";"Aula pratica guiada";"# 130 — M4.26 — Colaboração entre objetos";"130_M4_26_COLABORACAO_ENTRE_OBJETOS_OFICIAL.md";"Aula ja gerada em Markdown em docs/aulas. Fonte operacional: arquivo real auditado. Manter conteudo, nome, numeracao e sequencia.";"ARQUIVO_REAL_DOCS_AULAS_AUDITORIA_POS_474";"Nao reescrever, nao renomear, nao deslocar numeracao e nao usar como ponto de retomada, exceto para contexto."
"131";"M4.27";"M4";"Orientacao a Objetos e dominio";"CONCLUIDA_GERADA";"Aula pratica guiada";"# 131 — M4.27 — Tell, Don't Ask";"131_M4_27_TELL_DONT_ASK_OFICIAL.md";"Aula ja gerada em Markdown em docs/aulas. Fonte operacional: arquivo real auditado. Manter conteudo, nome, numeracao e sequencia.";"ARQUIVO_REAL_DOCS_AULAS_AUDITORIA_POS_474";"Nao reescrever, nao renomear, nao deslocar numeracao e nao usar como ponto de retomada, exceto para contexto."
"132";"M4.28";"M4";"Orientacao a Objetos e dominio";"CONCLUIDA_GERADA";"Aula pratica guiada";"# 132 — M4.28 — Objetos anêmicos";"132_M4_28_OBJETOS_ANEMICOS_OFICIAL.md";"Aula ja gerada em Markdown em docs/aulas. Fonte operacional: arquivo real auditado. Manter conteudo, nome, numeracao e sequencia.";"ARQUIVO_REAL_DOCS_AULAS_AUDITORIA_POS_474";"Nao reescrever, nao renomear, nao deslocar numeracao e nao usar como ponto de retomada, exceto para contexto."
"133";"M4.29";"M4";"Orientacao a Objetos e dominio";"CONCLUIDA_GERADA";"Aula pratica guiada";"# 133 — M4.29 — Invariantes de domínio";"133_M4_29_INVARIANTES_DE_DOMINIO_OFICIAL.md";"Aula ja gerada em Markdown em docs/aulas. Fonte operacional: arquivo real auditado. Manter conteudo, nome, numeracao e sequencia.";"ARQUIVO_REAL_DOCS_AULAS_AUDITORIA_POS_474";"Nao reescrever, nao renomear, nao deslocar numeracao e nao usar como ponto de retomada, exceto para contexto."
"134";"M4.30";"M4";"Orientacao a Objetos e dominio";"CONCLUIDA_GERADA";"Aula pratica guiada";"# 134 — M4.30 — Serviços de domínio inicial";"134_M4_30_SERVICOS_DE_DOMINIO_INICIAL_OFICIAL.md";"Aula ja gerada em Markdown em docs/aulas. Fonte operacional: arquivo real auditado. Manter conteudo, nome, numeracao e sequencia.";"ARQUIVO_REAL_DOCS_AULAS_AUDITORIA_POS_474";"Nao reescrever, nao renomear, nao deslocar numeracao e nao usar como ponto de retomada, exceto para contexto."
"135";"M4.31";"M4";"Orientacao a Objetos e dominio";"CONCLUIDA_GERADA";"Aula pratica guiada";"# 135 — M4.31 — Factories simples";"135_M4_31_FACTORIES_SIMPLES_OFICIAL.md";"Aula ja gerada em Markdown em docs/aulas. Fonte operacional: arquivo real auditado. Manter conteudo, nome, numeracao e sequencia.";"ARQUIVO_REAL_DOCS_AULAS_AUDITORIA_POS_474";"Nao reescrever, nao renomear, nao deslocar numeracao e nao usar como ponto de retomada, exceto para contexto."
"136";"M4.32";"M4";"Orientacao a Objetos e dominio";"CONCLUIDA_GERADA";"Aula pratica guiada";"# 136 — M4.32 — Builder inicial";"136_M4_32_BUILDER_INICIAL_OFICIAL.md";"Aula ja gerada em Markdown em docs/aulas. Fonte operacional: arquivo real auditado. Manter conteudo, nome, numeracao e sequencia.";"ARQUIVO_REAL_DOCS_AULAS_AUDITORIA_POS_474";"Nao reescrever, nao renomear, nao deslocar numeracao e nao usar como ponto de retomada, exceto para contexto."
"137";"M4.33";"M4";"Orientacao a Objetos e dominio";"CONCLUIDA_GERADA";"Aula pratica guiada";"# 137 — M4.33 — Coleções dentro de objetos";"137_M4_33_COLECOES_DENTRO_DE_OBJETOS_OFICIAL.md";"Aula ja gerada em Markdown em docs/aulas. Fonte operacional: arquivo real auditado. Manter conteudo, nome, numeracao e sequencia.";"ARQUIVO_REAL_DOCS_AULAS_AUDITORIA_POS_474";"Nao reescrever, nao renomear, nao deslocar numeracao e nao usar como ponto de retomada, exceto para contexto."
"138";"M4.34";"M4";"Orientacao a Objetos e dominio";"CONCLUIDA_GERADA";"Aula pratica guiada";"# 138 — M4.34 — Composição com coleções";"138_M4_34_COMPOSICAO_COM_COLECOES_OFICIAL.md";"Aula ja gerada em Markdown em docs/aulas. Fonte operacional: arquivo real auditado. Manter conteudo, nome, numeracao e sequencia.";"ARQUIVO_REAL_DOCS_AULAS_AUDITORIA_POS_474";"Nao reescrever, nao renomear, nao deslocar numeracao e nao usar como ponto de retomada, exceto para contexto."
"139";"M4.35";"M4";"Orientacao a Objetos e dominio";"CONCLUIDA_GERADA";"Aula pratica guiada";"# 139 — M4.35 — Agregados inicial";"139_M4_35_AGREGADOS_INICIAL_OFICIAL.md";"Aula ja gerada em Markdown em docs/aulas. Fonte operacional: arquivo real auditado. Manter conteudo, nome, numeracao e sequencia.";"ARQUIVO_REAL_DOCS_AULAS_AUDITORIA_POS_474";"Nao reescrever, nao renomear, nao deslocar numeracao e nao usar como ponto de retomada, exceto para contexto."
"140";"M4.36";"M4";"Orientacao a Objetos e dominio";"CONCLUIDA_GERADA";"Aula pratica guiada";"# 140 — M4.36 — Limites de responsabilidade do domínio";"140_M4_36_LIMITES_DE_RESPONSABILIDADE_DO_DOMINIO_OFICIAL.md";"Aula ja gerada em Markdown em docs/aulas. Fonte operacional: arquivo real auditado. Manter conteudo, nome, numeracao e sequencia.";"ARQUIVO_REAL_DOCS_AULAS_AUDITORIA_POS_474";"Nao reescrever, nao renomear, nao deslocar numeracao e nao usar como ponto de retomada, exceto para contexto."
"141";"M4.37";"M4";"Orientacao a Objetos e dominio";"CONCLUIDA_GERADA";"Aula pratica guiada";"# 141 — M4.37 — Revisão prática OO + domínio";"141_M4_37_REVISAO_PRATICA_OO_DOMINIO_OFICIAL.md";"Aula ja gerada em Markdown em docs/aulas. Fonte operacional: arquivo real auditado. Manter conteudo, nome, numeracao e sequencia.";"ARQUIVO_REAL_DOCS_AULAS_AUDITORIA_POS_474";"Nao reescrever, nao renomear, nao deslocar numeracao e nao usar como ponto de retomada, exceto para contexto."
"142";"M4.38";"M4";"Orientacao a Objetos e dominio";"CONCLUIDA_GERADA";"Projeto pratico guiado";"# 142 — M4.38 — Mini-projeto Ordem de Serviço Console";"142_M4_38_MINI_PROJETO_ORDEM_SERVICO_CONSOLE_OFICIAL.md";"Aula ja gerada em Markdown em docs/aulas. Fonte operacional: arquivo real auditado. Manter conteudo, nome, numeracao e sequencia.";"ARQUIVO_REAL_DOCS_AULAS_AUDITORIA_POS_474";"Nao reescrever, nao renomear, nao deslocar numeracao e nao usar como ponto de retomada, exceto para contexto."
"143";"M4.39";"M4";"Orientacao a Objetos e dominio";"CONCLUIDA_GERADA";"Projeto pratico guiado";"# 143 — M4.39 — Mini-projeto Ordem de Serviço Console — Parte 2";"143_M4_39_MINI_PROJETO_ORDEM_SERVICO_CONSOLE_PARTE_2_OFICIAL.md";"Aula ja gerada em Markdown em docs/aulas. Fonte operacional: arquivo real auditado. Manter conteudo, nome, numeracao e sequencia.";"ARQUIVO_REAL_DOCS_AULAS_AUDITORIA_POS_474";"Nao reescrever, nao renomear, nao deslocar numeracao e nao usar como ponto de retomada, exceto para contexto."
"144";"M4.40";"M4";"Orientacao a Objetos e dominio";"CONCLUIDA_GERADA";"Projeto pratico guiado";"# 144 — M4.40 — Mini-projeto Ordem de Serviço Console — Parte 3";"144_M4_40_MINI_PROJETO_ORDEM_SERVICO_CONSOLE_PARTE_3_OFICIAL.md";"Aula ja gerada em Markdown em docs/aulas. Fonte operacional: arquivo real auditado. Manter conteudo, nome, numeracao e sequencia.";"ARQUIVO_REAL_DOCS_AULAS_AUDITORIA_POS_474";"Nao reescrever, nao renomear, nao deslocar numeracao e nao usar como ponto de retomada, exceto para contexto."
"145";"M4.41";"M4";"Orientacao a Objetos e dominio";"CONCLUIDA_GERADA";"Fechamento de modulo";"# 145 — M4.41 — Fechamento do Módulo 4 — Orientação a Objetos";"145_M4_41_FECHAMENTO_MODULO_4_ORIENTACAO_A_OBJETOS_OFICIAL.md";"Aula ja gerada em Markdown em docs/aulas. Fonte operacional: arquivo real auditado. Manter conteudo, nome, numeracao e sequencia.";"ARQUIVO_REAL_DOCS_AULAS_AUDITORIA_POS_474";"Nao reescrever, nao renomear, nao deslocar numeracao e nao usar como ponto de retomada, exceto para contexto."
"146";"M5.01";"M5";"Collections Framework";"CONCLUIDA_GERADA";"Aula pratica guiada";"# 146 — M5.01 — Collections Framework inicial";"146_M5_01_COLLECTIONS_FRAMEWORK_INICIAL_OFICIAL.md";"Aula ja gerada em Markdown em docs/aulas. Fonte operacional: arquivo real auditado. Manter conteudo, nome, numeracao e sequencia.";"ARQUIVO_REAL_DOCS_AULAS_AUDITORIA_POS_474";"Nao reescrever, nao renomear, nao deslocar numeracao e nao usar como ponto de retomada, exceto para contexto."
"147";"M5.02";"M5";"Collections Framework";"CONCLUIDA_GERADA";"Aula pratica guiada";"# 147 — M5.02 — Limitações de arrays e entrada em Collections";"147_M5_02_LIMITACOES_DE_ARRAYS_E_ENTRADA_EM_COLLECTIONS_OFICIAL.md";"Aula ja gerada em Markdown em docs/aulas. Fonte operacional: arquivo real auditado. Manter conteudo, nome, numeracao e sequencia.";"ARQUIVO_REAL_DOCS_AULAS_AUDITORIA_POS_474";"Nao reescrever, nao renomear, nao deslocar numeracao e nao usar como ponto de retomada, exceto para contexto."
"148";"M5.03";"M5";"Collections Framework";"CONCLUIDA_GERADA";"Aula pratica guiada";"# 148 — M5.03 — List interface e ArrayList";"148_M5_03_LIST_INTERFACE_E_ARRAYLIST_OFICIAL.md";"Aula ja gerada em Markdown em docs/aulas. Fonte operacional: arquivo real auditado. Manter conteudo, nome, numeracao e sequencia.";"ARQUIVO_REAL_DOCS_AULAS_AUDITORIA_POS_474";"Nao reescrever, nao renomear, nao deslocar numeracao e nao usar como ponto de retomada, exceto para contexto."
"149";"M5.04";"M5";"Collections Framework";"CONCLUIDA_GERADA";"Aula pratica guiada";"# 149 — M5.04 — ArrayList operações CRUD";"149_M5_04_ARRAYLIST_OPERACOES_CRUD_OFICIAL.md";"Aula ja gerada em Markdown em docs/aulas. Fonte operacional: arquivo real auditado. Manter conteudo, nome, numeracao e sequencia.";"ARQUIVO_REAL_DOCS_AULAS_AUDITORIA_POS_474";"Nao reescrever, nao renomear, nao deslocar numeracao e nao usar como ponto de retomada, exceto para contexto."
"150";"M5.05";"M5";"Collections Framework";"CONCLUIDA_GERADA";"Aula pratica guiada";"# 150 — M5.05 — Iteração com for, foreach e Iterator";"150_M5_05_ITERACAO_COM_FOR_FOREACH_E_ITERATOR_OFICIAL.md";"Aula ja gerada em Markdown em docs/aulas. Fonte operacional: arquivo real auditado. Manter conteudo, nome, numeracao e sequencia.";"ARQUIVO_REAL_DOCS_AULAS_AUDITORIA_POS_474";"Nao reescrever, nao renomear, nao deslocar numeracao e nao usar como ponto de retomada, exceto para contexto."
"151";"M5.06";"M5";"Collections Framework";"CONCLUIDA_GERADA";"Aula pratica guiada";"# 151 — M5.06 — Remoção segura em listas";"151_M5_06_REMOCAO_SEGURA_EM_LISTAS_OFICIAL.md";"Aula ja gerada em Markdown em docs/aulas. Fonte operacional: arquivo real auditado. Manter conteudo, nome, numeracao e sequencia.";"ARQUIVO_REAL_DOCS_AULAS_AUDITORIA_POS_474";"Nao reescrever, nao renomear, nao deslocar numeracao e nao usar como ponto de retomada, exceto para contexto."
"152";"M5.07";"M5";"Collections Framework";"CONCLUIDA_GERADA";"Aula pratica guiada";"# 152 — M5.07 — LinkedList e diferenças com ArrayList";"152_M5_07_LINKEDLIST_E_DIFERENCAS_COM_ARRAYLIST_OFICIAL.md";"Aula ja gerada em Markdown em docs/aulas. Fonte operacional: arquivo real auditado. Manter conteudo, nome, numeracao e sequencia.";"ARQUIVO_REAL_DOCS_AULAS_AUDITORIA_POS_474";"Nao reescrever, nao renomear, nao deslocar numeracao e nao usar como ponto de retomada, exceto para contexto."
"153";"M5.08";"M5";"Collections Framework";"CONCLUIDA_GERADA";"Aula pratica guiada";"# 153 — M5.08 — Set interface e HashSet";"153_M5_08_SET_INTERFACE_E_HASHSET_OFICIAL.md";"Aula ja gerada em Markdown em docs/aulas. Fonte operacional: arquivo real auditado. Manter conteudo, nome, numeracao e sequencia.";"ARQUIVO_REAL_DOCS_AULAS_AUDITORIA_POS_474";"Nao reescrever, nao renomear, nao deslocar numeracao e nao usar como ponto de retomada, exceto para contexto."
"154";"M5.09";"M5";"Collections Framework";"CONCLUIDA_GERADA";"Aula pratica guiada";"# 154 — M5.09 — Igualdade em Set com equals e hashCode";"154_M5_09_IGUALDADE_EM_SET_COM_EQUALS_E_HASHCODE_OFICIAL.md";"Aula ja gerada em Markdown em docs/aulas. Fonte operacional: arquivo real auditado. Manter conteudo, nome, numeracao e sequencia.";"ARQUIVO_REAL_DOCS_AULAS_AUDITORIA_POS_474";"Nao reescrever, nao renomear, nao deslocar numeracao e nao usar como ponto de retomada, exceto para contexto."
"155";"M5.10";"M5";"Collections Framework";"CONCLUIDA_GERADA";"Aula pratica guiada";"# 155 — M5.10 — LinkedHashSet, TreeSet e ordem";"155_M5_10_LINKEDHASHSET_TREESET_E_ORDEM_OFICIAL.md";"Aula ja gerada em Markdown em docs/aulas. Fonte operacional: arquivo real auditado. Manter conteudo, nome, numeracao e sequencia.";"ARQUIVO_REAL_DOCS_AULAS_AUDITORIA_POS_474";"Nao reescrever, nao renomear, nao deslocar numeracao e nao usar como ponto de retomada, exceto para contexto."
"156";"M5.11";"M5";"Collections Framework";"CONCLUIDA_GERADA";"Aula pratica guiada";"# 156 — M5.11 — Map interface e HashMap";"156_M5_11_MAP_INTERFACE_E_HASHMAP_OFICIAL.md";"Aula ja gerada em Markdown em docs/aulas. Fonte operacional: arquivo real auditado. Manter conteudo, nome, numeracao e sequencia.";"ARQUIVO_REAL_DOCS_AULAS_AUDITORIA_POS_474";"Nao reescrever, nao renomear, nao deslocar numeracao e nao usar como ponto de retomada, exceto para contexto."
"157";"M5.12";"M5";"Collections Framework";"CONCLUIDA_GERADA";"Aula pratica guiada";"# 157 — M5.12 — HashMap operações essenciais";"157_M5_12_HASHMAP_OPERACOES_ESSENCIAIS_OFICIAL.md";"Aula ja gerada em Markdown em docs/aulas. Fonte operacional: arquivo real auditado. Manter conteudo, nome, numeracao e sequencia.";"ARQUIVO_REAL_DOCS_AULAS_AUDITORIA_POS_474";"Nao reescrever, nao renomear, nao deslocar numeracao e nao usar como ponto de retomada, exceto para contexto."
"158";"M5.13";"M5";"Collections Framework";"CONCLUIDA_GERADA";"Aula pratica guiada";"# 158 — M5.13 — Map com objetos como chave";"158_M5_13_MAP_COM_OBJETOS_COMO_CHAVE_OFICIAL.md";"Aula ja gerada em Markdown em docs/aulas. Fonte operacional: arquivo real auditado. Manter conteudo, nome, numeracao e sequencia.";"ARQUIVO_REAL_DOCS_AULAS_AUDITORIA_POS_474";"Nao reescrever, nao renomear, nao deslocar numeracao e nao usar como ponto de retomada, exceto para contexto."
"159";"M5.14";"M5";"Collections Framework";"CONCLUIDA_GERADA";"Aula pratica guiada";"# 159 — M5.14 — LinkedHashMap, TreeMap e ordem";"159_M5_14_LINKEDHASHMAP_TREEMAP_E_ORDEM_OFICIAL.md";"Aula ja gerada em Markdown em docs/aulas. Fonte operacional: arquivo real auditado. Manter conteudo, nome, numeracao e sequencia.";"ARQUIVO_REAL_DOCS_AULAS_AUDITORIA_POS_474";"Nao reescrever, nao renomear, nao deslocar numeracao e nao usar como ponto de retomada, exceto para contexto."
"160";"M5.15";"M5";"Collections Framework";"CONCLUIDA_GERADA";"Aula pratica guiada";"# 160 — M5.15 — Map: iteração com keySet, values e entrySet";"160_M5_15_MAP_ITERACAO_KEYSET_VALUES_ENTRYSET_OFICIAL.md";"Aula ja gerada em Markdown em docs/aulas. Fonte operacional: arquivo real auditado. Manter conteudo, nome, numeracao e sequencia.";"ARQUIVO_REAL_DOCS_AULAS_AUDITORIA_POS_474";"Nao reescrever, nao renomear, nao deslocar numeracao e nao usar como ponto de retomada, exceto para contexto."
"161";"M5.16";"M5";"Collections Framework";"CONCLUIDA_GERADA";"Aula pratica guiada";"# 161 — M5.16 — Remoção segura em Map";"161_M5_16_REMOCAO_SEGURA_EM_MAP_OFICIAL.md";"Aula ja gerada em Markdown em docs/aulas. Fonte operacional: arquivo real auditado. Manter conteudo, nome, numeracao e sequencia.";"ARQUIVO_REAL_DOCS_AULAS_AUDITORIA_POS_474";"Nao reescrever, nao renomear, nao deslocar numeracao e nao usar como ponto de retomada, exceto para contexto."
"162";"M5.17";"M5";"Collections Framework";"CONCLUIDA_GERADA";"Aula pratica guiada";"# 162 — M5.17 — Collections utility class";"162_M5_17_COLLECTIONS_UTILITY_CLASS_OFICIAL.md";"Aula ja gerada em Markdown em docs/aulas. Fonte operacional: arquivo real auditado. Manter conteudo, nome, numeracao e sequencia.";"ARQUIVO_REAL_DOCS_AULAS_AUDITORIA_POS_474";"Nao reescrever, nao renomear, nao deslocar numeracao e nao usar como ponto de retomada, exceto para contexto."
"163";"M5.18";"M5";"Collections Framework";"CONCLUIDA_GERADA";"Aula pratica guiada";"# 163 — M5.18 — Comparator e ordenação customizada";"163_M5_18_COMPARATOR_E_ORDENACAO_CUSTOMIZADA_OFICIAL.md";"Aula ja gerada em Markdown em docs/aulas. Fonte operacional: arquivo real auditado. Manter conteudo, nome, numeracao e sequencia.";"ARQUIVO_REAL_DOCS_AULAS_AUDITORIA_POS_474";"Nao reescrever, nao renomear, nao deslocar numeracao e nao usar como ponto de retomada, exceto para contexto."
"164";"M5.19";"M5";"Collections Framework";"CONCLUIDA_GERADA";"Aula pratica guiada";"# 164 — M5.19 — Queue, Deque e processamento em ordem";"164_M5_19_QUEUE_DEQUE_E_PROCESSAMENTO_EM_ORDEM_OFICIAL.md";"Aula ja gerada em Markdown em docs/aulas. Fonte operacional: arquivo real auditado. Manter conteudo, nome, numeracao e sequencia.";"ARQUIVO_REAL_DOCS_AULAS_AUDITORIA_POS_474";"Nao reescrever, nao renomear, nao deslocar numeracao e nao usar como ponto de retomada, exceto para contexto."
"165";"M5.20";"M5";"Collections Framework";"CONCLUIDA_GERADA";"Aula pratica guiada";"# 165 — M5.20 — PriorityQueue e fila com prioridade";"165_M5_20_PRIORITYQUEUE_E_FILA_COM_PRIORIDADE_OFICIAL.md";"Aula ja gerada em Markdown em docs/aulas. Fonte operacional: arquivo real auditado. Manter conteudo, nome, numeracao e sequencia.";"ARQUIVO_REAL_DOCS_AULAS_AUDITORIA_POS_474";"Nao reescrever, nao renomear, nao deslocar numeracao e nao usar como ponto de retomada, exceto para contexto."
"166";"M5.21";"M5";"Collections Framework";"CONCLUIDA_GERADA";"Projeto pratico guiado";"# 166 — M5.21 — Mini-projeto Collections: fluxo de atendimento";"166_M5_21_MINI_PROJETO_COLLECTIONS_FLUXO_DE_ATENDIMENTO_OFICIAL.md";"Aula ja gerada em Markdown em docs/aulas. Fonte operacional: arquivo real auditado. Manter conteudo, nome, numeracao e sequencia.";"ARQUIVO_REAL_DOCS_AULAS_AUDITORIA_POS_474";"Nao reescrever, nao renomear, nao deslocar numeracao e nao usar como ponto de retomada, exceto para contexto."
"167";"M5.22";"M5";"Collections Framework";"CONCLUIDA_GERADA";"Aula pratica guiada";"# 167 — M5.22 — Revisão técnica Collections: critérios de escolha";"167_M5_22_REVISAO_TECNICA_COLLECTIONS_CRITERIOS_DE_ESCOLHA_OFICIAL.md";"Aula ja gerada em Markdown em docs/aulas. Fonte operacional: arquivo real auditado. Manter conteudo, nome, numeracao e sequencia.";"ARQUIVO_REAL_DOCS_AULAS_AUDITORIA_POS_474";"Nao reescrever, nao renomear, nao deslocar numeracao e nao usar como ponto de retomada, exceto para contexto."
"168";"M5.23";"M5";"Collections Framework";"CONCLUIDA_GERADA";"Aula pratica guiada";"# 168 — M5.23 — Exercícios integradores Collections: escolha de estruturas";"168_M5_23_EXERCICIOS_INTEGRADORES_COLLECTIONS_ESCOLHA_DE_ESTRUTURAS_OFICIAL.md";"Aula ja gerada em Markdown em docs/aulas. Fonte operacional: arquivo real auditado. Manter conteudo, nome, numeracao e sequencia.";"ARQUIVO_REAL_DOCS_AULAS_AUDITORIA_POS_474";"Nao reescrever, nao renomear, nao deslocar numeracao e nao usar como ponto de retomada, exceto para contexto."
"169";"M5.24";"M5";"Collections Framework";"CONCLUIDA_GERADA";"Aula pratica guiada";"# 169 — M5.24 — Exercícios integradores Collections: implementação guiada";"169_M5_24_EXERCICIOS_INTEGRADORES_COLLECTIONS_IMPLEMENTACAO_GUIADA_OFICIAL.md";"Aula ja gerada em Markdown em docs/aulas. Fonte operacional: arquivo real auditado. Manter conteudo, nome, numeracao e sequencia.";"ARQUIVO_REAL_DOCS_AULAS_AUDITORIA_POS_474";"Nao reescrever, nao renomear, nao deslocar numeracao e nao usar como ponto de retomada, exceto para contexto."
"170";"M5.25";"M5";"Collections Framework";"CONCLUIDA_GERADA";"Projeto pratico guiado";"# 170 — M5.25 — Projeto final Collections: cadastro, relatório e processamento";"170_M5_25_PROJETO_FINAL_COLLECTIONS_CADASTRO_RELATORIO_E_PROCESSAMENTO_OFICIAL.md";"Aula ja gerada em Markdown em docs/aulas. Fonte operacional: arquivo real auditado. Manter conteudo, nome, numeracao e sequencia.";"ARQUIVO_REAL_DOCS_AULAS_AUDITORIA_POS_474";"Nao reescrever, nao renomear, nao deslocar numeracao e nao usar como ponto de retomada, exceto para contexto."
"171";"M5.26";"M5";"Collections Framework";"CONCLUIDA_GERADA";"Fechamento de modulo";"# 171 — M5.26 — Fechamento do Módulo 5: Collections Framework";"171_M5_26_FECHAMENTO_MODULO_5_COLLECTIONS_FRAMEWORK_OFICIAL.md";"Aula ja gerada em Markdown em docs/aulas. Fonte operacional: arquivo real auditado. Manter conteudo, nome, numeracao e sequencia.";"ARQUIVO_REAL_DOCS_AULAS_AUDITORIA_POS_474";"Nao reescrever, nao renomear, nao deslocar numeracao e nao usar como ponto de retomada, exceto para contexto."
"172";"M6.01";"M6";"Generics e Optional";"CONCLUIDA_GERADA";"Aula pratica guiada";"# 172 — M6.01 — Generics profissional: do básico ao uso real";"172_M6_01_GENERICS_PROFISSIONAL_DO_BASICO_AO_USO_REAL_OFICIAL.md";"Aula ja gerada em Markdown em docs/aulas. Fonte operacional: arquivo real auditado. Manter conteudo, nome, numeracao e sequencia.";"ARQUIVO_REAL_DOCS_AULAS_AUDITORIA_POS_474";"Nao reescrever, nao renomear, nao deslocar numeracao e nao usar como ponto de retomada, exceto para contexto."
"173";"M6.02";"M6";"Generics e Optional";"CONCLUIDA_GERADA";"Aula pratica guiada";"# 173 — M6.02 — Classes e interfaces genéricas";"173_M6_02_CLASSES_E_INTERFACES_GENERICAS_OFICIAL.md";"Aula ja gerada em Markdown em docs/aulas. Fonte operacional: arquivo real auditado. Manter conteudo, nome, numeracao e sequencia.";"ARQUIVO_REAL_DOCS_AULAS_AUDITORIA_POS_474";"Nao reescrever, nao renomear, nao deslocar numeracao e nao usar como ponto de retomada, exceto para contexto."
"174";"M6.03";"M6";"Generics e Optional";"CONCLUIDA_GERADA";"Aula pratica guiada";"# 174 — M6.03 — Métodos genéricos";"174_M6_03_METODOS_GENERICOS_OFICIAL.md";"Aula ja gerada em Markdown em docs/aulas. Fonte operacional: arquivo real auditado. Manter conteudo, nome, numeracao e sequencia.";"ARQUIVO_REAL_DOCS_AULAS_AUDITORIA_POS_474";"Nao reescrever, nao renomear, nao deslocar numeracao e nao usar como ponto de retomada, exceto para contexto."
"175";"M6.04";"M6";"Generics e Optional";"CONCLUIDA_GERADA";"Aula pratica guiada";"# 175 — M6.04 — Bounded Types: `extends` em Generics";"175_M6_04_BOUNDED_TYPES_EXTENDS_EM_GENERICS_OFICIAL.md";"Aula ja gerada em Markdown em docs/aulas. Fonte operacional: arquivo real auditado. Manter conteudo, nome, numeracao e sequencia.";"ARQUIVO_REAL_DOCS_AULAS_AUDITORIA_POS_474";"Nao reescrever, nao renomear, nao deslocar numeracao e nao usar como ponto de retomada, exceto para contexto."
"176";"M6.05";"M6";"Generics e Optional";"CONCLUIDA_GERADA";"Aula pratica guiada";"# 176 — M6.05 — Wildcards: `?`, `extends`, `super` e a regra PECS";"176_M6_05_WILDCARDS_INTERROGACAO_EXTENDS_SUPER_OFICIAL.md";"Aula ja gerada em Markdown em docs/aulas. Fonte operacional: arquivo real auditado. Manter conteudo, nome, numeracao e sequencia.";"ARQUIVO_REAL_DOCS_AULAS_AUDITORIA_POS_474";"Nao reescrever, nao renomear, nao deslocar numeracao e nao usar como ponto de retomada, exceto para contexto."
"177";"M6.06";"M6";"Generics e Optional";"CONCLUIDA_GERADA";"Aula pratica guiada";"# 177 — M6.06 — PECS: Producer Extends, Consumer Super";"177_M6_06_PECS_PRODUCER_EXTENDS_CONSUMER_SUPER_OFICIAL.md";"Aula ja gerada em Markdown em docs/aulas. Fonte operacional: arquivo real auditado. Manter conteudo, nome, numeracao e sequencia.";"ARQUIVO_REAL_DOCS_AULAS_AUDITORIA_POS_474";"Nao reescrever, nao renomear, nao deslocar numeracao e nao usar como ponto de retomada, exceto para contexto."
"178";"M6.07";"M6";"Generics e Optional";"CONCLUIDA_GERADA";"Aula pratica guiada";"# 178 — M6.07 — Type Erasure: Generics em tempo de compilação";"178_M6_07_TYPE_ERASURE_GENERICS_EM_TEMPO_DE_COMPILACAO_OFICIAL.md";"Aula ja gerada em Markdown em docs/aulas. Fonte operacional: arquivo real auditado. Manter conteudo, nome, numeracao e sequencia.";"ARQUIVO_REAL_DOCS_AULAS_AUDITORIA_POS_474";"Nao reescrever, nao renomear, nao deslocar numeracao e nao usar como ponto de retomada, exceto para contexto."
"179";"M6.08";"M6";"Generics e Optional";"CONCLUIDA_GERADA";"Aula pratica guiada";"# 179 — M6.08 — Limitações e boas práticas de Generics";"179_M6_08_LIMITACOES_E_BOAS_PRATICAS_DE_GENERICS_OFICIAL.md";"Aula ja gerada em Markdown em docs/aulas. Fonte operacional: arquivo real auditado. Manter conteudo, nome, numeracao e sequencia.";"ARQUIVO_REAL_DOCS_AULAS_AUDITORIA_POS_474";"Nao reescrever, nao renomear, nao deslocar numeracao e nao usar como ponto de retomada, exceto para contexto."
"180";"M6.09";"M6";"Generics e Optional";"CONCLUIDA_GERADA";"Aula pratica guiada";"# 180 — M6.09 — Optional<T>: ausência de valor sem null";"180_M6_09_OPTIONAL_T_AUSENCIA_DE_VALOR_SEM_NULL_OFICIAL.md";"Aula ja gerada em Markdown em docs/aulas. Fonte operacional: arquivo real auditado. Manter conteudo, nome, numeracao e sequencia.";"ARQUIVO_REAL_DOCS_AULAS_AUDITORIA_POS_474";"Nao reescrever, nao renomear, nao deslocar numeracao e nao usar como ponto de retomada, exceto para contexto."
"181";"M6.10";"M6";"Generics e Optional";"CONCLUIDA_GERADA";"Aula pratica guiada";"# 181 — M6.10 — Optional: boas práticas, map, flatMap e erros comuns";"181_M6_10_OPTIONAL_BOAS_PRATICAS_MAP_FLATMAP_E_ERROS_COMUNS_OFICIAL.md";"Aula ja gerada em Markdown em docs/aulas. Fonte operacional: arquivo real auditado. Manter conteudo, nome, numeracao e sequencia.";"ARQUIVO_REAL_DOCS_AULAS_AUDITORIA_POS_474";"Nao reescrever, nao renomear, nao deslocar numeracao e nao usar como ponto de retomada, exceto para contexto."
"182";"M6.11";"M6";"Generics e Optional";"CONCLUIDA_GERADA";"Projeto pratico guiado";"# 182 — M6.11 — Mini-projeto: Generics, Optional, Repository e Resultado<T>";"182_M6_11_MINI_PROJETO_GENERICS_OPTIONAL_REPOSITORY_RESULTADO_OFICIAL.md";"Aula ja gerada em Markdown em docs/aulas. Fonte operacional: arquivo real auditado. Manter conteudo, nome, numeracao e sequencia.";"ARQUIVO_REAL_DOCS_AULAS_AUDITORIA_POS_474";"Nao reescrever, nao renomear, nao deslocar numeracao e nao usar como ponto de retomada, exceto para contexto."
"183";"M6.12";"M6";"Generics e Optional";"CONCLUIDA_GERADA";"Aula pratica guiada";"# 183 — M6.12 — Revisão técnica: Generics, Optional e boas práticas";"183_M6_12_REVISAO_TECNICA_GENERICS_OPTIONAL_E_BOAS_PRATICAS_OFICIAL.md";"Aula ja gerada em Markdown em docs/aulas. Fonte operacional: arquivo real auditado. Manter conteudo, nome, numeracao e sequencia.";"ARQUIVO_REAL_DOCS_AULAS_AUDITORIA_POS_474";"Nao reescrever, nao renomear, nao deslocar numeracao e nao usar como ponto de retomada, exceto para contexto."
"184";"M6.13";"M6";"Generics e Optional";"CONCLUIDA_GERADA";"Aula pratica guiada";"# 184 — M6.13 — Exercícios integradores: Generics, Optional e Repository";"184_M6_13_EXERCICIOS_INTEGRADORES_GENERICS_OPTIONAL_E_REPOSITORY_OFICIAL.md";"Aula ja gerada em Markdown em docs/aulas. Fonte operacional: arquivo real auditado. Manter conteudo, nome, numeracao e sequencia.";"ARQUIVO_REAL_DOCS_AULAS_AUDITORIA_POS_474";"Nao reescrever, nao renomear, nao deslocar numeracao e nao usar como ponto de retomada, exceto para contexto."
"185";"M6.14";"M6";"Generics e Optional";"CONCLUIDA_GERADA";"Fechamento de modulo";"# 185 — M6.14 — Fechamento do Módulo 6: Generics, Optional e transição";"185_M6_14_FECHAMENTO_MODULO_6_GENERICS_OPTIONAL_E_TRANSICAO_OFICIAL.md";"Aula ja gerada em Markdown em docs/aulas. Fonte operacional: arquivo real auditado. Manter conteudo, nome, numeracao e sequencia.";"ARQUIVO_REAL_DOCS_AULAS_AUDITORIA_POS_474";"Nao reescrever, nao renomear, nao deslocar numeracao e nao usar como ponto de retomada, exceto para contexto."
"186";"M7.01";"M7";"Functional Interfaces, Lambdas e Streams";"CONCLUIDA_GERADA";"Aula pratica guiada";"# 186 — M7.01 — Functional Interfaces e Lambdas";"186_M7_01_FUNCTIONAL_INTERFACES_E_LAMBDAS_OFICIAL.md";"Aula ja gerada em Markdown em docs/aulas. Fonte operacional: arquivo real auditado. Manter conteudo, nome, numeracao e sequencia.";"ARQUIVO_REAL_DOCS_AULAS_AUDITORIA_POS_474";"Nao reescrever, nao renomear, nao deslocar numeracao e nao usar como ponto de retomada, exceto para contexto."
"187";"M7.02";"M7";"Functional Interfaces, Lambdas e Streams";"CONCLUIDA_GERADA";"Aula pratica guiada";"# 187 — M7.02 — Predicate, Function, Consumer e Supplier";"187_M7_02_PREDICATE_FUNCTION_CONSUMER_SUPPLIER_OFICIAL.md";"Aula ja gerada em Markdown em docs/aulas. Fonte operacional: arquivo real auditado. Manter conteudo, nome, numeracao e sequencia.";"ARQUIVO_REAL_DOCS_AULAS_AUDITORIA_POS_474";"Nao reescrever, nao renomear, nao deslocar numeracao e nao usar como ponto de retomada, exceto para contexto."
"188";"M7.03";"M7";"Functional Interfaces, Lambdas e Streams";"CONCLUIDA_GERADA";"Aula pratica guiada";"# 188 — M7.03 — Method Reference e Constructor Reference";"188_M7_03_METHOD_REFERENCE_E_CONSTRUCTOR_REFERENCE_OFICIAL.md";"Aula ja gerada em Markdown em docs/aulas. Fonte operacional: arquivo real auditado. Manter conteudo, nome, numeracao e sequencia.";"ARQUIVO_REAL_DOCS_AULAS_AUDITORIA_POS_474";"Nao reescrever, nao renomear, nao deslocar numeracao e nao usar como ponto de retomada, exceto para contexto."
"189";"M7.04";"M7";"Functional Interfaces, Lambdas e Streams";"CONCLUIDA_GERADA";"Aula pratica guiada";"# 189 — M7.04 — Composição funcional: Predicate, Function e Consumer";"189_M7_04_COMPOSICAO_FUNCIONAL_PREDICATE_FUNCTION_E_CONSUMER_OFICIAL.md";"Aula ja gerada em Markdown em docs/aulas. Fonte operacional: arquivo real auditado. Manter conteudo, nome, numeracao e sequencia.";"ARQUIVO_REAL_DOCS_AULAS_AUDITORIA_POS_474";"Nao reescrever, nao renomear, nao deslocar numeracao e nao usar como ponto de retomada, exceto para contexto."
"190";"M7.05";"M7";"Functional Interfaces, Lambdas e Streams";"CONCLUIDA_GERADA";"Aula pratica guiada";"# 190 — M7.05 — Streams API: introdução, filter, map e forEach";"190_M7_05_STREAMS_API_INTRODUCAO_FILTER_MAP_FOREACH_OFICIAL.md";"Aula ja gerada em Markdown em docs/aulas. Fonte operacional: arquivo real auditado. Manter conteudo, nome, numeracao e sequencia.";"ARQUIVO_REAL_DOCS_AULAS_AUDITORIA_POS_474";"Nao reescrever, nao renomear, nao deslocar numeracao e nao usar como ponto de retomada, exceto para contexto."
"191";"M7.06";"M7";"Functional Interfaces, Lambdas e Streams";"CONCLUIDA_GERADA";"Aula pratica guiada";"# 191 — M7.06 — Streams: toList, collect e Collectors";"191_M7_06_STREAMS_TOLIST_COLLECT_E_COLLECTORS_OFICIAL.md";"Aula ja gerada em Markdown em docs/aulas. Fonte operacional: arquivo real auditado. Manter conteudo, nome, numeracao e sequencia.";"ARQUIVO_REAL_DOCS_AULAS_AUDITORIA_POS_474";"Nao reescrever, nao renomear, nao deslocar numeracao e nao usar como ponto de retomada, exceto para contexto."
"192";"M7.07";"M7";"Functional Interfaces, Lambdas e Streams";"CONCLUIDA_GERADA";"Aula pratica guiada";"# 192 — M7.07 — Streams: findFirst, findAny, anyMatch, allMatch, noneMatch e count";"192_M7_07_STREAMS_FINDFIRST_FINDANY_ANYMATCH_ALLMATCH_NONEMATCH_COUNT_OFICIAL.md";"Aula ja gerada em Markdown em docs/aulas. Fonte operacional: arquivo real auditado. Manter conteudo, nome, numeracao e sequencia.";"ARQUIVO_REAL_DOCS_AULAS_AUDITORIA_POS_474";"Nao reescrever, nao renomear, nao deslocar numeracao e nao usar como ponto de retomada, exceto para contexto."
"193";"M7.08";"M7";"Functional Interfaces, Lambdas e Streams";"CONCLUIDA_GERADA";"Aula pratica guiada";"# 193 — M7.08 — Streams: sorted, Comparator, distinct, limit e skip";"193_M7_08_STREAMS_SORTED_COMPARATOR_DISTINCT_LIMIT_SKIP_OFICIAL.md";"Aula ja gerada em Markdown em docs/aulas. Fonte operacional: arquivo real auditado. Manter conteudo, nome, numeracao e sequencia.";"ARQUIVO_REAL_DOCS_AULAS_AUDITORIA_POS_474";"Nao reescrever, nao renomear, nao deslocar numeracao e nao usar como ponto de retomada, exceto para contexto."
"194";"M7.09";"M7";"Functional Interfaces, Lambdas e Streams";"CONCLUIDA_GERADA";"Aula pratica guiada";"# 194 — M7.09 — Streams: min, max, reduce e agregações";"194_M7_09_STREAMS_MIN_MAX_REDUCE_E_AGREGACOES_OFICIAL.md";"Aula ja gerada em Markdown em docs/aulas. Fonte operacional: arquivo real auditado. Manter conteudo, nome, numeracao e sequencia.";"ARQUIVO_REAL_DOCS_AULAS_AUDITORIA_POS_474";"Nao reescrever, nao renomear, nao deslocar numeracao e nao usar como ponto de retomada, exceto para contexto."
"195";"M7.10";"M7";"Functional Interfaces, Lambdas e Streams";"CONCLUIDA_GERADA";"Aula pratica guiada";"# 195 — M7.10 — Collectors avançado: joining, groupingBy, partitioningBy, mapping, counting e summing";"195_M7_10_COLLECTORS_AVANCADO_JOINING_GROUPINGBY_PARTITIONINGBY_OFICIAL.md";"Aula ja gerada em Markdown em docs/aulas. Fonte operacional: arquivo real auditado. Manter conteudo, nome, numeracao e sequencia.";"ARQUIVO_REAL_DOCS_AULAS_AUDITORIA_POS_474";"Nao reescrever, nao renomear, nao deslocar numeracao e nao usar como ponto de retomada, exceto para contexto."
"196";"M7.11";"M7";"Functional Interfaces, Lambdas e Streams";"CONCLUIDA_GERADA";"Aula pratica guiada";"# 196 — M7.11 — Streams: flatMap, coleções aninhadas e pipelines reais";"196_M7_11_STREAMS_FLATMAP_COLECOES_ANINHADAS_E_PIPELINES_REAIS_OFICIAL.md";"Aula ja gerada em Markdown em docs/aulas. Fonte operacional: arquivo real auditado. Manter conteudo, nome, numeracao e sequencia.";"ARQUIVO_REAL_DOCS_AULAS_AUDITORIA_POS_474";"Nao reescrever, nao renomear, nao deslocar numeracao e nao usar como ponto de retomada, exceto para contexto."
"197";"M7.12";"M7";"Functional Interfaces, Lambdas e Streams";"CONCLUIDA_GERADA";"Aula pratica guiada";"# 197 — M7.12 — Streams, Optional e pipelines seguros";"197_M7_12_STREAMS_OPTIONAL_E_PIPELINES_SEGUROS_OFICIAL.md";"Aula ja gerada em Markdown em docs/aulas. Fonte operacional: arquivo real auditado. Manter conteudo, nome, numeracao e sequencia.";"ARQUIVO_REAL_DOCS_AULAS_AUDITORIA_POS_474";"Nao reescrever, nao renomear, nao deslocar numeracao e nao usar como ponto de retomada, exceto para contexto."
"198";"M7.13";"M7";"Functional Interfaces, Lambdas e Streams";"CONCLUIDA_GERADA";"Aula pratica guiada";"# 198 — M7.13 — Streams: boas práticas, legibilidade, performance e parallelStream";"198_M7_13_STREAMS_BOAS_PRATICAS_LEGIBILIDADE_PERFORMANCE_E_PARALLELSTREAM_OFICIAL.md";"Aula ja gerada em Markdown em docs/aulas. Fonte operacional: arquivo real auditado. Manter conteudo, nome, numeracao e sequencia.";"ARQUIVO_REAL_DOCS_AULAS_AUDITORIA_POS_474";"Nao reescrever, nao renomear, nao deslocar numeracao e nao usar como ponto de retomada, exceto para contexto."
"199";"M7.14";"M7";"Functional Interfaces, Lambdas e Streams";"CONCLUIDA_GERADA";"Aula pratica guiada";"# 199 — M7.14 — Exercícios integradores: Streams, Functional Interfaces e Optional";"199_M7_14_EXERCICIOS_INTEGRADORES_STREAMS_FUNCTIONAL_INTERFACES_E_OPTIONAL_OFICIAL.md";"Aula ja gerada em Markdown em docs/aulas. Fonte operacional: arquivo real auditado. Manter conteudo, nome, numeracao e sequencia.";"ARQUIVO_REAL_DOCS_AULAS_AUDITORIA_POS_474";"Nao reescrever, nao renomear, nao deslocar numeracao e nao usar como ponto de retomada, exceto para contexto."
"200";"M7.15";"M7";"Functional Interfaces, Lambdas e Streams";"CONCLUIDA_GERADA";"Fechamento de modulo";"# 200 — M7.15 — Fechamento técnico, simulado e transição";"200_M7_15_FECHAMENTO_TECNICO_SIMULADO_E_TRANSICAO_OFICIAL.md";"Aula ja gerada em Markdown em docs/aulas. Fonte operacional: arquivo real auditado. Manter conteudo, nome, numeracao e sequencia.";"ARQUIVO_REAL_DOCS_AULAS_AUDITORIA_POS_474";"Nao reescrever, nao renomear, nao deslocar numeracao e nao usar como ponto de retomada, exceto para contexto."
"201";"M8.01";"M8";"Exceptions, I/O, CSV, Date/Time e utilitarios modernos";"CONCLUIDA_GERADA";"Aula pratica guiada";"# 201 — M8.01 — Exceptions: introdução ao tratamento profissional de erros";"201_M8_01_EXCEPTIONS_INTRODUCAO_TRATAMENTO_ERROS_OFICIAL.md";"Aula ja gerada em Markdown em docs/aulas. Fonte operacional: arquivo real auditado. Manter conteudo, nome, numeracao e sequencia.";"ARQUIVO_REAL_DOCS_AULAS_AUDITORIA_POS_474";"Nao reescrever, nao renomear, nao deslocar numeracao e nao usar como ponto de retomada, exceto para contexto."
"202";"M8.02";"M8";"Exceptions, I/O, CSV, Date/Time e utilitarios modernos";"CONCLUIDA_GERADA";"Aula pratica guiada";"# 202 — M8.02 — Checked vs Unchecked Exceptions";"202_M8_02_CHECKED_VS_UNCHECKED_EXCEPTIONS_OFICIAL.md";"Aula ja gerada em Markdown em docs/aulas. Fonte operacional: arquivo real auditado. Manter conteudo, nome, numeracao e sequencia.";"ARQUIVO_REAL_DOCS_AULAS_AUDITORIA_POS_474";"Nao reescrever, nao renomear, nao deslocar numeracao e nao usar como ponto de retomada, exceto para contexto."
"203";"M8.03";"M8";"Exceptions, I/O, CSV, Date/Time e utilitarios modernos";"CONCLUIDA_GERADA";"Aula pratica guiada";"# 203 — M8.03 — Exceptions próprias: domínio, aplicação e infraestrutura";"203_M8_03_EXCEPTIONS_PROPRIAS_DOMINIO_INFRAESTRUTURA_OFICIAL.md";"Aula ja gerada em Markdown em docs/aulas. Fonte operacional: arquivo real auditado. Manter conteudo, nome, numeracao e sequencia.";"ARQUIVO_REAL_DOCS_AULAS_AUDITORIA_POS_474";"Nao reescrever, nao renomear, nao deslocar numeracao e nao usar como ponto de retomada, exceto para contexto."
"204";"M8.04";"M8";"Exceptions, I/O, CSV, Date/Time e utilitarios modernos";"CONCLUIDA_GERADA";"Aula pratica guiada";"# 204 — M8.04 — try, catch, finally e try-with-resources";"204_M8_04_TRY_CATCH_FINALLY_TRY_WITH_RESOURCES_OFICIAL.md";"Aula ja gerada em Markdown em docs/aulas. Fonte operacional: arquivo real auditado. Manter conteudo, nome, numeracao e sequencia.";"ARQUIVO_REAL_DOCS_AULAS_AUDITORIA_POS_474";"Nao reescrever, nao renomear, nao deslocar numeracao e nao usar como ponto de retomada, exceto para contexto."
"205";"M8.05";"M8";"Exceptions, I/O, CSV, Date/Time e utilitarios modernos";"CONCLUIDA_GERADA";"Aula pratica guiada";"# 205 — M8.05 — Modelagem de erros por camada: domínio, aplicação e infraestrutura";"205_M8_05_MODELAGEM_ERROS_POR_CAMADA_DOMINIO_APLICACAO_INFRA_OFICIAL.md";"Aula ja gerada em Markdown em docs/aulas. Fonte operacional: arquivo real auditado. Manter conteudo, nome, numeracao e sequencia.";"ARQUIVO_REAL_DOCS_AULAS_AUDITORIA_POS_474";"Nao reescrever, nao renomear, nao deslocar numeracao e nao usar como ponto de retomada, exceto para contexto."
"206";"M8.06";"M8";"Exceptions, I/O, CSV, Date/Time e utilitarios modernos";"CONCLUIDA_GERADA";"Aula pratica guiada";"# 206 — M8.06 — Exceptions, Resultado e validações controladas";"206_M8_06_EXCEPTIONS_RESULTADO_VALIDACOES_CONTROLADAS_OFICIAL.md";"Aula ja gerada em Markdown em docs/aulas. Fonte operacional: arquivo real auditado. Manter conteudo, nome, numeracao e sequencia.";"ARQUIVO_REAL_DOCS_AULAS_AUDITORIA_POS_474";"Nao reescrever, nao renomear, nao deslocar numeracao e nao usar como ponto de retomada, exceto para contexto."
"207";"M8.07";"M8";"Exceptions, I/O, CSV, Date/Time e utilitarios modernos";"CONCLUIDA_GERADA";"Aula pratica guiada";"# 207 — M8.07 — I/O com Path e Files: leitura, escrita e manipulação de arquivos";"207_M8_07_IO_PATH_FILES_LEITURA_ESCRITA_ARQUIVOS_OFICIAL.md";"Aula ja gerada em Markdown em docs/aulas. Fonte operacional: arquivo real auditado. Manter conteudo, nome, numeracao e sequencia.";"ARQUIVO_REAL_DOCS_AULAS_AUDITORIA_POS_474";"Nao reescrever, nao renomear, nao deslocar numeracao e nao usar como ponto de retomada, exceto para contexto."
"208";"M8.08";"M8";"Exceptions, I/O, CSV, Date/Time e utilitarios modernos";"CONCLUIDA_GERADA";"Aula pratica guiada";"# 208 — M8.08 — BufferedReader e BufferedWriter: leitura e escrita eficiente";"208_M8_08_BUFFEREDREADER_BUFFEREDWRITER_LEITURA_ESCRITA_EFICIENTE_OFICIAL.md";"Aula ja gerada em Markdown em docs/aulas. Fonte operacional: arquivo real auditado. Manter conteudo, nome, numeracao e sequencia.";"ARQUIVO_REAL_DOCS_AULAS_AUDITORIA_POS_474";"Nao reescrever, nao renomear, nao deslocar numeracao e nao usar como ponto de retomada, exceto para contexto."
"209";"M8.09";"M8";"Exceptions, I/O, CSV, Date/Time e utilitarios modernos";"CONCLUIDA_GERADA";"Aula pratica guiada";"# 209 — M8.09 — CSV manual: parsing robusto, cabeçalho e linhas inválidas";"209_M8_09_CSV_MANUAL_PARSING_ROBUSTO_CABECALHO_LINHAS_INVALIDAS_OFICIAL.md";"Aula ja gerada em Markdown em docs/aulas. Fonte operacional: arquivo real auditado. Manter conteudo, nome, numeracao e sequencia.";"ARQUIVO_REAL_DOCS_AULAS_AUDITORIA_POS_474";"Nao reescrever, nao renomear, nao deslocar numeracao e nao usar como ponto de retomada, exceto para contexto."
"210";"M8.10";"M8";"Exceptions, I/O, CSV, Date/Time e utilitarios modernos";"CONCLUIDA_GERADA";"Aula pratica guiada";"# 210 — M8.10 — Date/Time API: LocalDate, LocalDateTime, Duration, Period e DateTimeFormatter";"210_M8_10_DATE_TIME_API_LOCALDATE_LOCALDATETIME_DURATION_PERIOD_FORMATTER_OFICIAL.md";"Aula ja gerada em Markdown em docs/aulas. Fonte operacional: arquivo real auditado. Manter conteudo, nome, numeracao e sequencia.";"ARQUIVO_REAL_DOCS_AULAS_AUDITORIA_POS_474";"Nao reescrever, nao renomear, nao deslocar numeracao e nao usar como ponto de retomada, exceto para contexto."
"211";"M8.11";"M8";"Exceptions, I/O, CSV, Date/Time e utilitarios modernos";"CONCLUIDA_GERADA";"Aula pratica guiada";"# 211 — M8.11 — Instant, ZoneId, ZonedDateTime e OffsetDateTime";"211_M8_11_INSTANT_ZONEID_ZONEDDATETIME_OFFSETDATETIME_OFICIAL.md";"Aula ja gerada em Markdown em docs/aulas. Fonte operacional: arquivo real auditado. Manter conteudo, nome, numeracao e sequencia.";"ARQUIVO_REAL_DOCS_AULAS_AUDITORIA_POS_474";"Nao reescrever, nao renomear, nao deslocar numeracao e nao usar como ponto de retomada, exceto para contexto."
"212";"M8.12";"M8";"Exceptions, I/O, CSV, Date/Time e utilitarios modernos";"CONCLUIDA_GERADA";"Aula pratica guiada";"# 212 — M8.12 — Utilitários modernos: Objects, StringJoiner, UUID, Random e SecureRandom";"212_M8_12_UTILITARIOS_MODERNOS_OBJECTS_STRINGJOINER_UUID_RANDOM_SECURERANDOM_OFICIAL.md";"Aula ja gerada em Markdown em docs/aulas. Fonte operacional: arquivo real auditado. Manter conteudo, nome, numeracao e sequencia.";"ARQUIVO_REAL_DOCS_AULAS_AUDITORIA_POS_474";"Nao reescrever, nao renomear, nao deslocar numeracao e nao usar como ponto de retomada, exceto para contexto."
"213";"M8.13";"M8";"Exceptions, I/O, CSV, Date/Time e utilitarios modernos";"CONCLUIDA_GERADA";"Aula pratica guiada";"# 213 — M8.13 — Exercícios integradores: Exceptions, Resultado, I/O, CSV, Date/Time e UUID";"213_M8_13_EXERCICIOS_INTEGRADORES_EXCEPTIONS_IO_CSV_DATETIME_UUID_OFICIAL.md";"Aula ja gerada em Markdown em docs/aulas. Fonte operacional: arquivo real auditado. Manter conteudo, nome, numeracao e sequencia.";"ARQUIVO_REAL_DOCS_AULAS_AUDITORIA_POS_474";"Nao reescrever, nao renomear, nao deslocar numeracao e nao usar como ponto de retomada, exceto para contexto."
"214";"M8.14";"M8";"Exceptions, I/O, CSV, Date/Time e utilitarios modernos";"CONCLUIDA_GERADA";"Fechamento de modulo";"# 214 — M8.14 — Revisão técnica, simulado e fechamento do Módulo 8";"214_M8_14_REVISAO_TECNICA_SIMULADO_E_FECHAMENTO_MODULO_8_OFICIAL.md";"Aula ja gerada em Markdown em docs/aulas. Fonte operacional: arquivo real auditado. Manter conteudo, nome, numeracao e sequencia.";"ARQUIVO_REAL_DOCS_AULAS_AUDITORIA_POS_474";"Nao reescrever, nao renomear, nao deslocar numeracao e nao usar como ponto de retomada, exceto para contexto."
"215";"M9.01";"M9";"SOLID";"CONCLUIDA_GERADA";"Aula pratica guiada";"# 215 — M9.01 — SOLID: introdução, motivação e problemas que resolve";"215_M9_01_SOLID_INTRODUCAO_MOTIVACAO_PROBLEMAS_QUE_RESOLVE_OFICIAL.md";"Aula ja gerada em Markdown em docs/aulas. Fonte operacional: arquivo real auditado. Manter conteudo, nome, numeracao e sequencia.";"ARQUIVO_REAL_DOCS_AULAS_AUDITORIA_POS_474";"Nao reescrever, nao renomear, nao deslocar numeracao e nao usar como ponto de retomada, exceto para contexto."
"216";"M9.02";"M9";"SOLID";"CONCLUIDA_GERADA";"Aula pratica guiada";"# 216 — M9.02 — SRP: Single Responsibility Principle";"216_M9_02_SRP_SINGLE_RESPONSIBILITY_PRINCIPLE_OFICIAL.md";"Aula ja gerada em Markdown em docs/aulas. Fonte operacional: arquivo real auditado. Manter conteudo, nome, numeracao e sequencia.";"ARQUIVO_REAL_DOCS_AULAS_AUDITORIA_POS_474";"Nao reescrever, nao renomear, nao deslocar numeracao e nao usar como ponto de retomada, exceto para contexto."
"217";"M9.03";"M9";"SOLID";"CONCLUIDA_GERADA";"Aula pratica guiada";"# 217 — M9.03 — OCP: Open/Closed Principle";"217_M9_03_OCP_OPEN_CLOSED_PRINCIPLE_OFICIAL.md";"Aula ja gerada em Markdown em docs/aulas. Fonte operacional: arquivo real auditado. Manter conteudo, nome, numeracao e sequencia.";"ARQUIVO_REAL_DOCS_AULAS_AUDITORIA_POS_474";"Nao reescrever, nao renomear, nao deslocar numeracao e nao usar como ponto de retomada, exceto para contexto."
"218";"M9.04";"M9";"SOLID";"CONCLUIDA_GERADA";"Aula pratica guiada";"# 218 — M9.04 — LSP: Liskov Substitution Principle";"218_M9_04_LSP_LISKOV_SUBSTITUTION_PRINCIPLE_OFICIAL.md";"Aula ja gerada em Markdown em docs/aulas. Fonte operacional: arquivo real auditado. Manter conteudo, nome, numeracao e sequencia.";"ARQUIVO_REAL_DOCS_AULAS_AUDITORIA_POS_474";"Nao reescrever, nao renomear, nao deslocar numeracao e nao usar como ponto de retomada, exceto para contexto."
"219";"M9.05";"M9";"SOLID";"CONCLUIDA_GERADA";"Aula pratica guiada";"# 219 — M9.05 — ISP: Interface Segregation Principle";"219_M9_05_ISP_INTERFACE_SEGREGATION_PRINCIPLE_OFICIAL.md";"Aula ja gerada em Markdown em docs/aulas. Fonte operacional: arquivo real auditado. Manter conteudo, nome, numeracao e sequencia.";"ARQUIVO_REAL_DOCS_AULAS_AUDITORIA_POS_474";"Nao reescrever, nao renomear, nao deslocar numeracao e nao usar como ponto de retomada, exceto para contexto."
"220";"M9.06";"M9";"SOLID";"CONCLUIDA_GERADA";"Aula pratica guiada";"# 220 — M9.06 — DIP: Dependency Inversion Principle";"220_M9_06_DIP_DEPENDENCY_INVERSION_PRINCIPLE_OFICIAL.md";"Aula ja gerada em Markdown em docs/aulas. Fonte operacional: arquivo real auditado. Manter conteudo, nome, numeracao e sequencia.";"ARQUIVO_REAL_DOCS_AULAS_AUDITORIA_POS_474";"Nao reescrever, nao renomear, nao deslocar numeracao e nao usar como ponto de retomada, exceto para contexto."
"221";"M9.07";"M9";"SOLID";"CONCLUIDA_GERADA";"Aula pratica guiada";"# 221 — M9.07 — SOLID aplicado em um fluxo completo de backend";"221_M9_07_SOLID_APLICADO_FLUXO_COMPLETO_BACKEND_OFICIAL.md";"Aula ja gerada em Markdown em docs/aulas. Fonte operacional: arquivo real auditado. Manter conteudo, nome, numeracao e sequencia.";"ARQUIVO_REAL_DOCS_AULAS_AUDITORIA_POS_474";"Nao reescrever, nao renomear, nao deslocar numeracao e nao usar como ponto de retomada, exceto para contexto."
"222";"M9.08";"M9";"SOLID";"CONCLUIDA_GERADA";"Avaliacao pratica";"# 222 — M9.08 — SOLID: revisão técnica, refatoração guiada e simulado";"222_M9_08_SOLID_REVISAO_TECNICA_REFATORACAO_GUIADA_E_SIMULADO_OFICIAL.md";"Aula ja gerada em Markdown em docs/aulas. Fonte operacional: arquivo real auditado. Manter conteudo, nome, numeracao e sequencia.";"ARQUIVO_REAL_DOCS_AULAS_AUDITORIA_POS_474";"Nao reescrever, nao renomear, nao deslocar numeracao e nao usar como ponto de retomada, exceto para contexto."
"223";"M10.01";"M10";"Design Patterns aplicados ao backend";"CONCLUIDA_GERADA";"Projeto pratico guiado";"# 223 — M10.01 — Design Patterns: introdução a padrões de projeto no backend";"223_M10_01_DESIGN_PATTERNS_INTRODUCAO_PADROES_DE_PROJETO_BACKEND_OFICIAL.md";"Aula ja gerada em Markdown em docs/aulas. Fonte operacional: arquivo real auditado. Manter conteudo, nome, numeracao e sequencia.";"ARQUIVO_REAL_DOCS_AULAS_AUDITORIA_POS_474";"Nao reescrever, nao renomear, nao deslocar numeracao e nao usar como ponto de retomada, exceto para contexto."
"224";"M10.02";"M10";"Design Patterns aplicados ao backend";"CONCLUIDA_GERADA";"Aula pratica guiada";"# 224 — M10.02 — Strategy Pattern: políticas e regras variáveis no backend";"224_M10_02_STRATEGY_PATTERN_POLITICAS_REGRAS_VARIAVEIS_BACKEND_OFICIAL.md";"Aula ja gerada em Markdown em docs/aulas. Fonte operacional: arquivo real auditado. Manter conteudo, nome, numeracao e sequencia.";"ARQUIVO_REAL_DOCS_AULAS_AUDITORIA_POS_474";"Nao reescrever, nao renomear, nao deslocar numeracao e nao usar como ponto de retomada, exceto para contexto."
"225";"M10.03";"M10";"Design Patterns aplicados ao backend";"CONCLUIDA_GERADA";"Aula pratica guiada";"# 225 — M10.03 — Factory Pattern: criação de objetos no backend";"225_M10_03_FACTORY_PATTERN_CRIACAO_OBJETOS_BACKEND_OFICIAL.md";"Aula ja gerada em Markdown em docs/aulas. Fonte operacional: arquivo real auditado. Manter conteudo, nome, numeracao e sequencia.";"ARQUIVO_REAL_DOCS_AULAS_AUDITORIA_POS_474";"Nao reescrever, nao renomear, nao deslocar numeracao e nao usar como ponto de retomada, exceto para contexto."
"226";"M10.04";"M10";"Design Patterns aplicados ao backend";"CONCLUIDA_GERADA";"Aula pratica guiada";"# 226 — M10.04 — Builder Pattern: objetos complexos e construção fluente";"226_M10_04_BUILDER_PATTERN_OBJETOS_COMPLEXOS_CONSTRUCAO_FLUENTE_OFICIAL.md";"Aula ja gerada em Markdown em docs/aulas. Fonte operacional: arquivo real auditado. Manter conteudo, nome, numeracao e sequencia.";"ARQUIVO_REAL_DOCS_AULAS_AUDITORIA_POS_474";"Nao reescrever, nao renomear, nao deslocar numeracao e nao usar como ponto de retomada, exceto para contexto."
"227";"M10.05";"M10";"Design Patterns aplicados ao backend";"CONCLUIDA_GERADA";"Aula pratica guiada";"# 227 — M10.05 — Adapter Pattern: integrações, APIs externas e sistemas legados";"227_M10_05_ADAPTER_PATTERN_INTEGRACOES_APIS_EXTERNAS_LEGADOS_OFICIAL.md";"Aula ja gerada em Markdown em docs/aulas. Fonte operacional: arquivo real auditado. Manter conteudo, nome, numeracao e sequencia.";"ARQUIVO_REAL_DOCS_AULAS_AUDITORIA_POS_474";"Nao reescrever, nao renomear, nao deslocar numeracao e nao usar como ponto de retomada, exceto para contexto."
"228";"M10.06";"M10";"Design Patterns aplicados ao backend";"CONCLUIDA_GERADA";"Aula pratica guiada";"# 228 — M10.06 — Facade Pattern: simplificando fluxos complexos no backend";"228_M10_06_FACADE_PATTERN_SIMPLIFICANDO_FLUXOS_COMPLEXOS_BACKEND_OFICIAL.md";"Aula ja gerada em Markdown em docs/aulas. Fonte operacional: arquivo real auditado. Manter conteudo, nome, numeracao e sequencia.";"ARQUIVO_REAL_DOCS_AULAS_AUDITORIA_POS_474";"Nao reescrever, nao renomear, nao deslocar numeracao e nao usar como ponto de retomada, exceto para contexto."
"229";"M10.07";"M10";"Design Patterns aplicados ao backend";"CONCLUIDA_GERADA";"Aula pratica guiada";"# 229 — M10.07 — Template Method Pattern: fluxos fixos com etapas variáveis";"229_M10_07_TEMPLATE_METHOD_PATTERN_FLUXOS_FIXOS_ETAPAS_VARIAVEIS_OFICIAL.md";"Aula ja gerada em Markdown em docs/aulas. Fonte operacional: arquivo real auditado. Manter conteudo, nome, numeracao e sequencia.";"ARQUIVO_REAL_DOCS_AULAS_AUDITORIA_POS_474";"Nao reescrever, nao renomear, nao deslocar numeracao e nao usar como ponto de retomada, exceto para contexto."
"230";"M10.08";"M10";"Design Patterns aplicados ao backend";"CONCLUIDA_GERADA";"Aula pratica guiada";"# 230 — M10.08 — Chain of Responsibility: validações, aprovações e handlers";"230_M10_08_CHAIN_OF_RESPONSIBILITY_VALIDACOES_APROVACOES_HANDLERS_OFICIAL.md";"Aula ja gerada em Markdown em docs/aulas. Fonte operacional: arquivo real auditado. Manter conteudo, nome, numeracao e sequencia.";"ARQUIVO_REAL_DOCS_AULAS_AUDITORIA_POS_474";"Nao reescrever, nao renomear, nao deslocar numeracao e nao usar como ponto de retomada, exceto para contexto."
"231";"M10.09";"M10";"Design Patterns aplicados ao backend";"CONCLUIDA_GERADA";"Aula pratica guiada";"# 231 — M10.09 — State Pattern: status e workflow no backend";"231_M10_09_STATE_PATTERN_STATUS_WORKFLOW_BACKEND_OFICIAL.md";"Aula ja gerada em Markdown em docs/aulas. Fonte operacional: arquivo real auditado. Manter conteudo, nome, numeracao e sequencia.";"ARQUIVO_REAL_DOCS_AULAS_AUDITORIA_POS_474";"Nao reescrever, nao renomear, nao deslocar numeracao e nao usar como ponto de retomada, exceto para contexto."
"232";"M10.10";"M10";"Design Patterns aplicados ao backend";"CONCLUIDA_GERADA";"Aula pratica guiada";"# 232 — M10.10 — Command Pattern: ações, comandos, auditoria e filas";"232_M10_10_COMMAND_PATTERN_ACOES_COMANDOS_AUDITORIA_FILAS_OFICIAL.md";"Aula ja gerada em Markdown em docs/aulas. Fonte operacional: arquivo real auditado. Manter conteudo, nome, numeracao e sequencia.";"ARQUIVO_REAL_DOCS_AULAS_AUDITORIA_POS_474";"Nao reescrever, nao renomear, nao deslocar numeracao e nao usar como ponto de retomada, exceto para contexto."
"233";"M10.11";"M10";"Design Patterns aplicados ao backend";"CONCLUIDA_GERADA";"Aula pratica guiada";"# 233 — M10.11 — Observer Pattern: eventos, notificações e reações de domínio";"233_M10_11_OBSERVER_PATTERN_EVENTOS_NOTIFICACOES_DOMINIO_OFICIAL.md";"Aula ja gerada em Markdown em docs/aulas. Fonte operacional: arquivo real auditado. Manter conteudo, nome, numeracao e sequencia.";"ARQUIVO_REAL_DOCS_AULAS_AUDITORIA_POS_474";"Nao reescrever, nao renomear, nao deslocar numeracao e nao usar como ponto de retomada, exceto para contexto."
"234";"M10.12";"M10";"Design Patterns aplicados ao backend";"CONCLUIDA_GERADA";"Aula pratica guiada";"# 234 — M10.12 — Decorator Pattern: logs, métricas, cache e autorização";"234_M10_12_DECORATOR_PATTERN_LOGS_METRICAS_CACHE_AUTORIZACAO_OFICIAL.md";"Aula ja gerada em Markdown em docs/aulas. Fonte operacional: arquivo real auditado. Manter conteudo, nome, numeracao e sequencia.";"ARQUIVO_REAL_DOCS_AULAS_AUDITORIA_POS_474";"Nao reescrever, nao renomear, nao deslocar numeracao e nao usar como ponto de retomada, exceto para contexto."
"235";"M10.13";"M10";"Design Patterns aplicados ao backend";"CONCLUIDA_GERADA";"Aula pratica guiada";"# 235 — M10.13 — Proxy Pattern: controle de acesso, cache e lazy loading";"235_M10_13_PROXY_PATTERN_CONTROLE_ACESSO_CACHE_LAZY_LOADING_OFICIAL.md";"Aula ja gerada em Markdown em docs/aulas. Fonte operacional: arquivo real auditado. Manter conteudo, nome, numeracao e sequencia.";"ARQUIVO_REAL_DOCS_AULAS_AUDITORIA_POS_474";"Nao reescrever, nao renomear, nao deslocar numeracao e nao usar como ponto de retomada, exceto para contexto."
"236";"M10.14";"M10";"Design Patterns aplicados ao backend";"CONCLUIDA_GERADA";"Aula pratica guiada";"# 236 — M10.14 — Composite Pattern: estruturas hierárquicas no backend";"236_M10_14_COMPOSITE_PATTERN_ESTRUTURAS_HIERARQUICAS_BACKEND_OFICIAL.md";"Aula ja gerada em Markdown em docs/aulas. Fonte operacional: arquivo real auditado. Manter conteudo, nome, numeracao e sequencia.";"ARQUIVO_REAL_DOCS_AULAS_AUDITORIA_POS_474";"Nao reescrever, nao renomear, nao deslocar numeracao e nao usar como ponto de retomada, exceto para contexto."
"237";"M10.15";"M10";"Design Patterns aplicados ao backend";"CONCLUIDA_GERADA";"Aula pratica guiada";"# 237 — M10.15 — Flyweight Pattern: objetos compartilhados e performance";"237_M10_15_FLYWEIGHT_PATTERN_OBJETOS_COMPARTILHADOS_PERFORMANCE_OFICIAL.md";"Aula ja gerada em Markdown em docs/aulas. Fonte operacional: arquivo real auditado. Manter conteudo, nome, numeracao e sequencia.";"ARQUIVO_REAL_DOCS_AULAS_AUDITORIA_POS_474";"Nao reescrever, nao renomear, nao deslocar numeracao e nao usar como ponto de retomada, exceto para contexto."
"238";"M10.16";"M10";"Design Patterns aplicados ao backend";"CONCLUIDA_GERADA";"Aula pratica guiada";"# 238 — M10.16 — Bridge Pattern: abstração, implementação e variações";"238_M10_16_BRIDGE_PATTERN_ABSTRACAO_IMPLEMENTACAO_VARIACOES_OFICIAL.md";"Aula ja gerada em Markdown em docs/aulas. Fonte operacional: arquivo real auditado. Manter conteudo, nome, numeracao e sequencia.";"ARQUIVO_REAL_DOCS_AULAS_AUDITORIA_POS_474";"Nao reescrever, nao renomear, nao deslocar numeracao e nao usar como ponto de retomada, exceto para contexto."
"239";"M10.17";"M10";"Design Patterns aplicados ao backend";"CONCLUIDA_GERADA";"Aula pratica guiada";"# 239 — M10.17 — Mediator Pattern: coordenação e desacoplamento entre objetos";"239_M10_17_MEDIATOR_PATTERN_COORDENACAO_DESACOPLAMENTO_OBJETOS_OFICIAL.md";"Aula ja gerada em Markdown em docs/aulas. Fonte operacional: arquivo real auditado. Manter conteudo, nome, numeracao e sequencia.";"ARQUIVO_REAL_DOCS_AULAS_AUDITORIA_POS_474";"Nao reescrever, nao renomear, nao deslocar numeracao e nao usar como ponto de retomada, exceto para contexto."
"240";"M10.18";"M10";"Design Patterns aplicados ao backend";"CONCLUIDA_GERADA";"Aula pratica guiada";"# 240 — M10.18 — Memento Pattern: histórico, snapshots e undo";"240_M10_18_MEMENTO_PATTERN_HISTORICO_SNAPSHOTS_UNDO_OFICIAL.md";"Aula ja gerada em Markdown em docs/aulas. Fonte operacional: arquivo real auditado. Manter conteudo, nome, numeracao e sequencia.";"ARQUIVO_REAL_DOCS_AULAS_AUDITORIA_POS_474";"Nao reescrever, nao renomear, nao deslocar numeracao e nao usar como ponto de retomada, exceto para contexto."
"241";"M10.19";"M10";"Design Patterns aplicados ao backend";"CONCLUIDA_GERADA";"Aula pratica guiada";"# 241 — M10.19 — Iterator Pattern: percorrendo coleções e lotes";"241_M10_19_ITERATOR_PATTERN_PERCORRENDO_COLECOES_E_LOTES_OFICIAL.md";"Aula ja gerada em Markdown em docs/aulas. Fonte operacional: arquivo real auditado. Manter conteudo, nome, numeracao e sequencia.";"ARQUIVO_REAL_DOCS_AULAS_AUDITORIA_POS_474";"Nao reescrever, nao renomear, nao deslocar numeracao e nao usar como ponto de retomada, exceto para contexto."
"242";"M10.20";"M10";"Design Patterns aplicados ao backend";"CONCLUIDA_GERADA";"Aula pratica guiada";"# 242 — M10.20 — Visitor Pattern: operações em estruturas de objetos";"242_M10_20_VISITOR_PATTERN_OPERACOES_EM_ESTRUTURAS_OBJETOS_OFICIAL.md";"Aula ja gerada em Markdown em docs/aulas. Fonte operacional: arquivo real auditado. Manter conteudo, nome, numeracao e sequencia.";"ARQUIVO_REAL_DOCS_AULAS_AUDITORIA_POS_474";"Nao reescrever, nao renomear, nao deslocar numeracao e nao usar como ponto de retomada, exceto para contexto."
"243";"M10.21";"M10";"Design Patterns aplicados ao backend";"CONCLUIDA_GERADA";"Aula pratica guiada";"# 243 — M10.21 — Interpreter Pattern: expressões, regras e DSL simples";"243_M10_21_INTERPRETER_PATTERN_EXPRESSOES_REGRAS_DSL_OFICIAL.md";"Aula ja gerada em Markdown em docs/aulas. Fonte operacional: arquivo real auditado. Manter conteudo, nome, numeracao e sequencia.";"ARQUIVO_REAL_DOCS_AULAS_AUDITORIA_POS_474";"Nao reescrever, nao renomear, nao deslocar numeracao e nao usar como ponto de retomada, exceto para contexto."
"244";"M10.22";"M10";"Design Patterns aplicados ao backend";"CONCLUIDA_GERADA";"Aula pratica guiada";"# 244 — M10.22 — Revisão técnica: Design Patterns aplicados ao Backend";"244_M10_22_REVISAO_TECNICA_DESIGN_PATTERNS_BACKEND_OFICIAL.md";"Aula ja gerada em Markdown em docs/aulas. Fonte operacional: arquivo real auditado. Manter conteudo, nome, numeracao e sequencia.";"ARQUIVO_REAL_DOCS_AULAS_AUDITORIA_POS_474";"Nao reescrever, nao renomear, nao deslocar numeracao e nao usar como ponto de retomada, exceto para contexto."
"245";"M11.01";"M11";"Ferramentas essenciais do Java Backend profissional";"CONCLUIDA_GERADA";"Aula pratica guiada";"# 245 — M11.01 — Ferramentas Java Backend Profissional: JDK, Maven, Gradle e Git";"245_M11_01_FERRAMENTAS_JAVA_BACKEND_PROFISSIONAL_JDK_MAVEN_GRADLE_GIT_OFICIAL.md";"Aula ja gerada em Markdown em docs/aulas. Fonte operacional: arquivo real auditado. Manter conteudo, nome, numeracao e sequencia.";"ARQUIVO_REAL_DOCS_AULAS_AUDITORIA_POS_474";"Nao reescrever, nao renomear, nao deslocar numeracao e nao usar como ponto de retomada, exceto para contexto."
"246";"M11.02";"M11";"Ferramentas essenciais do Java Backend profissional";"CONCLUIDA_GERADA";"Aula pratica guiada";"# 246 — M11.02 — JDK, JVM, JRE, bytecode, classpath e variáveis de ambiente";"246_M11_02_JDK_JVM_JRE_BYTECODE_CLASSPATH_VARIAVEIS_AMBIENTE_OFICIAL.md";"Aula ja gerada em Markdown em docs/aulas. Fonte operacional: arquivo real auditado. Manter conteudo, nome, numeracao e sequencia.";"ARQUIVO_REAL_DOCS_AULAS_AUDITORIA_POS_474";"Nao reescrever, nao renomear, nao deslocar numeracao e nao usar como ponto de retomada, exceto para contexto."
"247";"M11.03";"M11";"Ferramentas essenciais do Java Backend profissional";"CONCLUIDA_GERADA";"Aula pratica guiada";"# 247 — M11.03 — Maven profissional: POM, dependências, lifecycle, plugins e build";"247_M11_03_MAVEN_POM_DEPENDENCIAS_LIFECYCLE_PLUGINS_OFICIAL.md";"Aula ja gerada em Markdown em docs/aulas. Fonte operacional: arquivo real auditado. Manter conteudo, nome, numeracao e sequencia.";"ARQUIVO_REAL_DOCS_AULAS_AUDITORIA_POS_474";"Nao reescrever, nao renomear, nao deslocar numeracao e nao usar como ponto de retomada, exceto para contexto."
"248";"M11.04";"M11";"Ferramentas essenciais do Java Backend profissional";"CONCLUIDA_GERADA";"Aula pratica guiada";"# 248 — M11.04 — Gradle profissional: build, tasks, dependências e wrapper";"248_M11_04_GRADLE_BUILD_TASKS_DEPENDENCIAS_WRAPPER_OFICIAL.md";"Aula ja gerada em Markdown em docs/aulas. Fonte operacional: arquivo real auditado. Manter conteudo, nome, numeracao e sequencia.";"ARQUIVO_REAL_DOCS_AULAS_AUDITORIA_POS_474";"Nao reescrever, nao renomear, nao deslocar numeracao e nao usar como ponto de retomada, exceto para contexto."
"249";"M11.05";"M11";"Ferramentas essenciais do Java Backend profissional";"CONCLUIDA_GERADA";"Aula pratica guiada";"# 249 — M11.05 — Git profissional: commits, branches, merge, rebase e pull request";"249_M11_05_GIT_PROFISSIONAL_COMMITS_BRANCHES_MERGE_REBASE_PR_OFICIAL.md";"Aula ja gerada em Markdown em docs/aulas. Fonte operacional: arquivo real auditado. Manter conteudo, nome, numeracao e sequencia.";"ARQUIVO_REAL_DOCS_AULAS_AUDITORIA_POS_474";"Nao reescrever, nao renomear, nao deslocar numeracao e nao usar como ponto de retomada, exceto para contexto."
"250";"M11.06";"M11";"Ferramentas essenciais do Java Backend profissional";"CONCLUIDA_GERADA";"Aula pratica guiada";"# 250 — M11.06 — IDE, terminal, debugging e produtividade no Java Backend";"250_M11_06_IDE_TERMINAL_DEBUGGING_PRODUTIVIDADE_JAVA_BACKEND_OFICIAL.md";"Aula ja gerada em Markdown em docs/aulas. Fonte operacional: arquivo real auditado. Manter conteudo, nome, numeracao e sequencia.";"ARQUIVO_REAL_DOCS_AULAS_AUDITORIA_POS_474";"Nao reescrever, nao renomear, nao deslocar numeracao e nao usar como ponto de retomada, exceto para contexto."
"251";"M11.07";"M11";"Ferramentas essenciais do Java Backend profissional";"CONCLUIDA_GERADA";"Aula pratica guiada";"# 251 — M11.07 — JUnit 5: testes unitários, assertions e ciclo de vida";"251_M11_07_JUNIT5_TESTES_UNITARIOS_ASSERTIONS_CICLO_VIDA_OFICIAL.md";"Aula ja gerada em Markdown em docs/aulas. Fonte operacional: arquivo real auditado. Manter conteudo, nome, numeracao e sequencia.";"ARQUIVO_REAL_DOCS_AULAS_AUDITORIA_POS_474";"Nao reescrever, nao renomear, nao deslocar numeracao e nao usar como ponto de retomada, exceto para contexto."
"252";"M11.08";"M11";"Ferramentas essenciais do Java Backend profissional";"CONCLUIDA_GERADA";"Aula pratica guiada";"# 252 — M11.08 — JUnit 5 avançado: testes parametrizados, nested tests, tags e organização profissional";"252_M11_08_JUNIT5_AVANCADO_TESTES_PARAMETRIZADOS_NESTED_TAGS_OFICIAL.md";"Aula ja gerada em Markdown em docs/aulas. Fonte operacional: arquivo real auditado. Manter conteudo, nome, numeracao e sequencia.";"ARQUIVO_REAL_DOCS_AULAS_AUDITORIA_POS_474";"Nao reescrever, nao renomear, nao deslocar numeracao e nao usar como ponto de retomada, exceto para contexto."
"253";"M11.09";"M11";"Ferramentas essenciais do Java Backend profissional";"CONCLUIDA_GERADA";"Aula pratica guiada";"# 253 — M11.09 — Mockito: mocks, stubs, verify e testes de Use Case/Service";"253_M11_09_MOCKITO_MOCKS_STUBS_VERIFY_TESTES_USECASE_SERVICE_OFICIAL.md";"Aula ja gerada em Markdown em docs/aulas. Fonte operacional: arquivo real auditado. Manter conteudo, nome, numeracao e sequencia.";"ARQUIVO_REAL_DOCS_AULAS_AUDITORIA_POS_474";"Nao reescrever, nao renomear, nao deslocar numeracao e nao usar como ponto de retomada, exceto para contexto."
"254";"M11.10";"M11";"Ferramentas essenciais do Java Backend profissional";"CONCLUIDA_GERADA";"Aula pratica guiada";"# 254 — M11.10 — Mockito avançado: doReturn, doThrow, spies, captors, InOrder e testes menos frágeis";"254_M11_10_MOCKITO_AVANCADO_DORETURN_DOTHROW_SPIES_CAPTORS_INORDER_OFICIAL.md";"Aula ja gerada em Markdown em docs/aulas. Fonte operacional: arquivo real auditado. Manter conteudo, nome, numeracao e sequencia.";"ARQUIVO_REAL_DOCS_AULAS_AUDITORIA_POS_474";"Nao reescrever, nao renomear, nao deslocar numeracao e nao usar como ponto de retomada, exceto para contexto."
"255";"M11.11";"M11";"Ferramentas essenciais do Java Backend profissional";"CONCLUIDA_GERADA";"Aula pratica guiada";"# 255 — M11.11 — AssertJ: assertions fluentes e testes mais legíveis";"255_M11_11_ASSERTJ_ASSERTIONS_FLUENTES_TESTES_LEGIVEIS_OFICIAL.md";"Aula ja gerada em Markdown em docs/aulas. Fonte operacional: arquivo real auditado. Manter conteudo, nome, numeracao e sequencia.";"ARQUIVO_REAL_DOCS_AULAS_AUDITORIA_POS_474";"Nao reescrever, nao renomear, nao deslocar numeracao e nao usar como ponto de retomada, exceto para contexto."
"256";"M11.12";"M11";"Ferramentas essenciais do Java Backend profissional";"CONCLUIDA_GERADA";"Aula pratica guiada";"# 256 — M11.12 — TDD e estratégia de testes no Backend: pirâmide, qualidade e engenharia";"256_M11_12_TDD_ESTRATEGIA_TESTES_BACKEND_PIRAMIDE_QUALIDADE_OFICIAL.md";"Aula ja gerada em Markdown em docs/aulas. Fonte operacional: arquivo real auditado. Manter conteudo, nome, numeracao e sequencia.";"ARQUIVO_REAL_DOCS_AULAS_AUDITORIA_POS_474";"Nao reescrever, nao renomear, nao deslocar numeracao e nao usar como ponto de retomada, exceto para contexto."
"257";"M11.13";"M11";"Ferramentas essenciais do Java Backend profissional";"CONCLUIDA_GERADA";"Aula pratica guiada";"# 257 — M11.13 — JaCoCo: cobertura de testes, relatórios e qualidade no build";"257_M11_13_JACOCO_COBERTURA_TESTES_RELATORIOS_QUALIDADE_BUILD_OFICIAL.md";"Aula ja gerada em Markdown em docs/aulas. Fonte operacional: arquivo real auditado. Manter conteudo, nome, numeracao e sequencia.";"ARQUIVO_REAL_DOCS_AULAS_AUDITORIA_POS_474";"Nao reescrever, nao renomear, nao deslocar numeracao e nao usar como ponto de retomada, exceto para contexto."
"258";"M11.14";"M11";"Ferramentas essenciais do Java Backend profissional";"CONCLUIDA_GERADA";"Aula pratica guiada";"# 258 — M11.14 — SonarQube: qualidade de código, análise estática, quality gate e rotina profissional";"258_M11_14_SONARQUBE_QUALIDADE_CODIGO_QUALITY_GATE_ANALISE_ESTATICA_OFICIAL.md";"Aula ja gerada em Markdown em docs/aulas. Fonte operacional: arquivo real auditado. Manter conteudo, nome, numeracao e sequencia.";"ARQUIVO_REAL_DOCS_AULAS_AUDITORIA_POS_474";"Nao reescrever, nao renomear, nao deslocar numeracao e nao usar como ponto de retomada, exceto para contexto."
"259";"M11.15";"M11";"Ferramentas essenciais do Java Backend profissional";"CONCLUIDA_GERADA";"Aula pratica guiada";"# 259 — M11.15 — Docker para Java Backend: containers, imagens, Dockerfile e Docker Compose";"259_M11_15_DOCKER_JAVA_BACKEND_CONTAINERS_IMAGENS_DOCKERFILE_COMPOSE_OFICIAL.md";"Aula ja gerada em Markdown em docs/aulas. Fonte operacional: arquivo real auditado. Manter conteudo, nome, numeracao e sequencia.";"ARQUIVO_REAL_DOCS_AULAS_AUDITORIA_POS_474";"Nao reescrever, nao renomear, nao deslocar numeracao e nao usar como ponto de retomada, exceto para contexto."
"260";"M11.16";"M11";"Ferramentas essenciais do Java Backend profissional";"CONCLUIDA_GERADA";"Aula pratica guiada";"# 260 — M11.16 — Docker Compose profissional com PostgreSQL, Redis, redes, volumes, healthcheck e ambiente local de backend";"260_M11_16_DOCKER_COMPOSE_PROFISSIONAL_POSTGRESQL_REDIS_REDES_VOLUMES_HEALTHCHECK_AMBIENTE_LOCAL_BACKEND_OFICIAL.md";"Aula ja gerada em Markdown em docs/aulas. Fonte operacional: arquivo real auditado. Manter conteudo, nome, numeracao e sequencia.";"ARQUIVO_REAL_DOCS_AULAS_AUDITORIA_POS_474";"Nao reescrever, nao renomear, nao deslocar numeracao e nao usar como ponto de retomada, exceto para contexto."
"261";"M11.17";"M11";"Ferramentas essenciais do Java Backend profissional";"CONCLUIDA_GERADA";"Aula pratica guiada";"# 261 — M11.17 — CI/CD, GitHub Actions e pipeline Java Backend: conceitos, workflow e gatilhos";"261_M11_17_CI_CD_GITHUB_ACTIONS_E_PIPELINE_JAVA_BACKEND_CONCEITOS_WORKFLOW_E_GATILHOS_OFICIAL.md";"Aula ja gerada em Markdown em docs/aulas. Fonte operacional: arquivo real auditado. Manter conteudo, nome, numeracao e sequencia.";"ARQUIVO_REAL_DOCS_AULAS_AUDITORIA_POS_474";"Nao reescrever, nao renomear, nao deslocar numeracao e nao usar como ponto de retomada, exceto para contexto."
"262";"M11.18";"M11";"Ferramentas essenciais do Java Backend profissional";"CONCLUIDA_GERADA";"Aula pratica guiada";"# 262 — M11.18 — Pipeline Maven com testes, JaCoCo, relatórios e artefatos";"262_M11_18_PIPELINE_MAVEN_COM_TESTES_JACOCO_RELATORIOS_E_ARTEFATOS_OFICIAL.md";"Aula ja gerada em Markdown em docs/aulas. Fonte operacional: arquivo real auditado. Manter conteudo, nome, numeracao e sequencia.";"ARQUIVO_REAL_DOCS_AULAS_AUDITORIA_POS_474";"Nao reescrever, nao renomear, nao deslocar numeracao e nao usar como ponto de retomada, exceto para contexto."
"263";"M11.19";"M11";"Ferramentas essenciais do Java Backend profissional";"CONCLUIDA_GERADA";"Aula pratica guiada";"# 263 — M11.19 — Pipeline Docker: build, tags, registry, secrets e imagem versionada";"263_M11_19_PIPELINE_DOCKER_BUILD_TAGS_REGISTRY_SECRETS_E_IMAGEM_VERSIONADA_OFICIAL.md";"Aula ja gerada em Markdown em docs/aulas. Fonte operacional: arquivo real auditado. Manter conteudo, nome, numeracao e sequencia.";"ARQUIVO_REAL_DOCS_AULAS_AUDITORIA_POS_474";"Nao reescrever, nao renomear, nao deslocar numeracao e nao usar como ponto de retomada, exceto para contexto."
"264";"M11.20";"M11";"Ferramentas essenciais do Java Backend profissional";"CONCLUIDA_GERADA";"Aula pratica guiada";"# 264 — M11.20 — Checkstyle, Spotless e formatação automatizada com critério";"264_M11_20_CHECKSTYLE_SPOTLESS_E_FORMATACAO_AUTOMATIZADA_COM_CRITERIO_OFICIAL.md";"Aula ja gerada em Markdown em docs/aulas. Fonte operacional: arquivo real auditado. Manter conteudo, nome, numeracao e sequencia.";"ARQUIVO_REAL_DOCS_AULAS_AUDITORIA_POS_474";"Nao reescrever, nao renomear, nao deslocar numeracao e nao usar como ponto de retomada, exceto para contexto."
"265";"M11.21";"M11";"Ferramentas essenciais do Java Backend profissional";"CONCLUIDA_GERADA";"Aula pratica guiada";"# 265 — M11.21 — Segurança de dependências: SCA, SBOM, Dependabot e supply chain";"265_M11_21_SEGURANCA_DE_DEPENDENCIAS_SCA_SBOM_DEPENDABOT_E_SUPPLY_CHAIN_OFICIAL.md";"Aula ja gerada em Markdown em docs/aulas. Fonte operacional: arquivo real auditado. Manter conteudo, nome, numeracao e sequencia.";"ARQUIVO_REAL_DOCS_AULAS_AUDITORIA_POS_474";"Nao reescrever, nao renomear, nao deslocar numeracao e nao usar como ponto de retomada, exceto para contexto."
"266";"M11.22";"M11";"Ferramentas essenciais do Java Backend profissional";"CONCLUIDA_GERADA";"Aula pratica guiada";"# 266 — M11.22 — Testcontainers com PostgreSQL: testes de integração reais e descartáveis";"266_M11_22_TESTCONTAINERS_COM_POSTGRESQL_TESTES_DE_INTEGRACAO_REAIS_E_DESCARTAVEIS_OFICIAL.md";"Aula ja gerada em Markdown em docs/aulas. Fonte operacional: arquivo real auditado. Manter conteudo, nome, numeracao e sequencia.";"ARQUIVO_REAL_DOCS_AULAS_AUDITORIA_POS_474";"Nao reescrever, nao renomear, nao deslocar numeracao e nao usar como ponto de retomada, exceto para contexto."
"267";"M11.23";"M11";"Ferramentas essenciais do Java Backend profissional";"CONCLUIDA_GERADA";"Aula pratica guiada";"# 267 — M11.23 — WireMock, contratos HTTP e serviços externos fake";"267_M11_23_WIREMOCK_CONTRATOS_HTTP_E_SERVICOS_EXTERNOS_FAKE_OFICIAL.md";"Aula ja gerada em Markdown em docs/aulas. Fonte operacional: arquivo real auditado. Manter conteudo, nome, numeracao e sequencia.";"ARQUIVO_REAL_DOCS_AULAS_AUDITORIA_POS_474";"Nao reescrever, nao renomear, nao deslocar numeracao e nao usar como ponto de retomada, exceto para contexto."
"268";"M11.24";"M11";"Ferramentas essenciais do Java Backend profissional";"CONCLUIDA_GERADA";"Aula pratica guiada";"# 268 — M11.24 — ArchUnit: regras arquiteturais automatizadas e proteção de camadas";"268_M11_24_ARCHUNIT_REGRAS_ARQUITETURAIS_AUTOMATIZADAS_E_PROTECAO_DE_CAMADAS_OFICIAL.md";"Aula ja gerada em Markdown em docs/aulas. Fonte operacional: arquivo real auditado. Manter conteudo, nome, numeracao e sequencia.";"ARQUIVO_REAL_DOCS_AULAS_AUDITORIA_POS_474";"Nao reescrever, nao renomear, nao deslocar numeracao e nao usar como ponto de retomada, exceto para contexto."
"269";"M11.25";"M11";"Ferramentas essenciais do Java Backend profissional";"CONCLUIDA_GERADA";"Projeto pratico guiado";"# 269 — M11.25 — Mini-projeto ferramentas: pipeline, Docker, Testcontainers, WireMock, ArchUnit e qualidade";"269_M11_25_MINI_PROJETO_FERRAMENTAS_PIPELINE_DOCKER_TESTCONTAINERS_WIREMOCK_ARCHUNIT_E_QUALIDADE_OFICIAL.md";"Aula ja gerada em Markdown em docs/aulas. Fonte operacional: arquivo real auditado. Manter conteudo, nome, numeracao e sequencia.";"ARQUIVO_REAL_DOCS_AULAS_AUDITORIA_POS_474";"Nao reescrever, nao renomear, nao deslocar numeracao e nao usar como ponto de retomada, exceto para contexto."
"270";"M11.26";"M11";"Ferramentas essenciais do Java Backend profissional";"CONCLUIDA_GERADA";"Fechamento de modulo";"# 270 — M11.26 — Fechamento do M11 e transição para SQL, PostgreSQL e modelagem relacional";"270_M11_26_FECHAMENTO_DO_M11_E_TRANSICAO_PARA_SQL_POSTGRESQL_E_MODELAGEM_RELACIONAL_OFICIAL.md";"Aula ja gerada em Markdown em docs/aulas. Fonte operacional: arquivo real auditado. Manter conteudo, nome, numeracao e sequencia.";"ARQUIVO_REAL_DOCS_AULAS_AUDITORIA_POS_474";"Nao reescrever, nao renomear, nao deslocar numeracao e nao usar como ponto de retomada, exceto para contexto."
"271";"M12.01";"M12";"SQL, PostgreSQL e modelagem relacional";"CONCLUIDA_GERADA";"Aula pratica guiada";"Introducao ao SQL, PostgreSQL e modelagem relacional para Java Backend";"271_M12_01_INTRODUCAO_AO_SQL_POSTGRESQL_E_MODELAGEM_RELACIONAL_PARA_JAVA_BACKEND_OFICIAL.md";"Aula ja gerada em Markdown em docs/aulas. Fonte operacional: arquivo real auditado. Manter conteudo, nome, numeracao e sequencia.";"ARQUIVO_REAL_DOCS_AULAS_AUDITORIA_POS_474";"Nao reescrever, nao renomear, nao deslocar numeracao e nao usar como ponto de retomada, exceto para contexto."
"272";"M12.02";"M12";"SQL, PostgreSQL e modelagem relacional";"CONCLUIDA_GERADA";"Aula pratica guiada";"DBeaver psql schemas e rotina de trabalho";"272_M12_02_DBEAVER_PSQL_SCHEMAS_E_ROTINA_DE_TRABALHO_OFICIAL.md";"Aula ja gerada em Markdown em docs/aulas. Fonte operacional: arquivo real auditado. Manter conteudo, nome, numeracao e sequencia.";"ARQUIVO_REAL_DOCS_AULAS_AUDITORIA_POS_474";"Nao reescrever, nao renomear, nao deslocar numeracao e nao usar como ponto de retomada, exceto para contexto."
"273";"M12.03";"M12";"SQL, PostgreSQL e modelagem relacional";"CONCLUIDA_GERADA";"Aula pratica guiada";"Tipos de dados PostgreSQL com criterio";"273_M12_03_TIPOS_DE_DADOS_POSTGRESQL_COM_CRITERIO_OFICIAL.md";"Aula ja gerada em Markdown em docs/aulas. Fonte operacional: arquivo real auditado. Manter conteudo, nome, numeracao e sequencia.";"ARQUIVO_REAL_DOCS_AULAS_AUDITORIA_POS_474";"Nao reescrever, nao renomear, nao deslocar numeracao e nao usar como ponto de retomada, exceto para contexto."
"274";"M12.04";"M12";"SQL, PostgreSQL e modelagem relacional";"CONCLUIDA_GERADA";"Aula pratica guiada";"DDL create table alter table drop table";"274_M12_04_DDL_CREATE_TABLE_ALTER_TABLE_DROP_TABLE_OFICIAL.md";"Aula ja gerada em Markdown em docs/aulas. Fonte operacional: arquivo real auditado. Manter conteudo, nome, numeracao e sequencia.";"ARQUIVO_REAL_DOCS_AULAS_AUDITORIA_POS_474";"Nao reescrever, nao renomear, nao deslocar numeracao e nao usar como ponto de retomada, exceto para contexto."
"275";"M12.05";"M12";"SQL, PostgreSQL e modelagem relacional";"CONCLUIDA_GERADA";"Aula pratica guiada";"Primary key foreign key e integridade referencial";"275_M12_05_PRIMARY_KEY_FOREIGN_KEY_E_INTEGRIDADE_REFERENCIAL_OFICIAL.md";"Aula ja gerada em Markdown em docs/aulas. Fonte operacional: arquivo real auditado. Manter conteudo, nome, numeracao e sequencia.";"ARQUIVO_REAL_DOCS_AULAS_AUDITORIA_POS_474";"Nao reescrever, nao renomear, nao deslocar numeracao e nao usar como ponto de retomada, exceto para contexto."
"276";"M12.06";"M12";"SQL, PostgreSQL e modelagem relacional";"CONCLUIDA_GERADA";"Aula pratica guiada";"Constraints not null unique check default";"276_M12_06_CONSTRAINTS_NOT_NULL_UNIQUE_CHECK_DEFAULT_OFICIAL.md";"Aula ja gerada em Markdown em docs/aulas. Fonte operacional: arquivo real auditado. Manter conteudo, nome, numeracao e sequencia.";"ARQUIVO_REAL_DOCS_AULAS_AUDITORIA_POS_474";"Nao reescrever, nao renomear, nao deslocar numeracao e nao usar como ponto de retomada, exceto para contexto."
"277";"M12.07";"M12";"SQL, PostgreSQL e modelagem relacional";"CONCLUIDA_GERADA";"Aula pratica guiada";"Insert update delete e retorno de dados";"277_M12_07_INSERT_UPDATE_DELETE_E_RETORNO_DE_DADOS_OFICIAL.md";"Aula ja gerada em Markdown em docs/aulas. Fonte operacional: arquivo real auditado. Manter conteudo, nome, numeracao e sequencia.";"ARQUIVO_REAL_DOCS_AULAS_AUDITORIA_POS_474";"Nao reescrever, nao renomear, nao deslocar numeracao e nao usar como ponto de retomada, exceto para contexto."
"278";"M12.08";"M12";"SQL, PostgreSQL e modelagem relacional";"CONCLUIDA_GERADA";"Aula pratica guiada";"Select where order by limit offset";"278_M12_08_SELECT_WHERE_ORDER_BY_LIMIT_OFFSET_OFICIAL.md";"Aula ja gerada em Markdown em docs/aulas. Fonte operacional: arquivo real auditado. Manter conteudo, nome, numeracao e sequencia.";"ARQUIVO_REAL_DOCS_AULAS_AUDITORIA_POS_474";"Nao reescrever, nao renomear, nao deslocar numeracao e nao usar como ponto de retomada, exceto para contexto."
"279";"M12.09";"M12";"SQL, PostgreSQL e modelagem relacional";"CONCLUIDA_GERADA";"Aula pratica guiada";"Operadores filtros like between in is null";"279_M12_09_OPERADORES_FILTROS_LIKE_BETWEEN_IN_IS_NULL_OFICIAL.md";"Aula ja gerada em Markdown em docs/aulas. Fonte operacional: arquivo real auditado. Manter conteudo, nome, numeracao e sequencia.";"ARQUIVO_REAL_DOCS_AULAS_AUDITORIA_POS_474";"Nao reescrever, nao renomear, nao deslocar numeracao e nao usar como ponto de retomada, exceto para contexto."
"280";"M12.10";"M12";"SQL, PostgreSQL e modelagem relacional";"CONCLUIDA_GERADA";"Aula pratica guiada";"Joins inner left right full e cross com criterio";"280_M12_10_JOINS_INNER_LEFT_RIGHT_FULL_E_CROSS_COM_CRITERIO_OFICIAL.md";"Aula ja gerada em Markdown em docs/aulas. Fonte operacional: arquivo real auditado. Manter conteudo, nome, numeracao e sequencia.";"ARQUIVO_REAL_DOCS_AULAS_AUDITORIA_POS_474";"Nao reescrever, nao renomear, nao deslocar numeracao e nao usar como ponto de retomada, exceto para contexto."
"281";"M12.11";"M12";"SQL, PostgreSQL e modelagem relacional";"CONCLUIDA_GERADA";"Aula pratica guiada";"Modelagem conceitual entidades atributos relacionamentos";"281_M12_11_MODELAGEM_CONCEITUAL_ENTIDADES_ATRIBUTOS_RELACIONAMENTOS_OFICIAL.md";"Aula ja gerada em Markdown em docs/aulas. Fonte operacional: arquivo real auditado. Manter conteudo, nome, numeracao e sequencia.";"ARQUIVO_REAL_DOCS_AULAS_AUDITORIA_POS_474";"Nao reescrever, nao renomear, nao deslocar numeracao e nao usar como ponto de retomada, exceto para contexto."
"282";"M12.12";"M12";"SQL, PostgreSQL e modelagem relacional";"CONCLUIDA_GERADA";"Aula pratica guiada";"Modelagem logica cardinalidade e chaves";"282_M12_12_MODELAGEM_LOGICA_CARDINALIDADE_E_CHAVES_OFICIAL.md";"Aula ja gerada em Markdown em docs/aulas. Fonte operacional: arquivo real auditado. Manter conteudo, nome, numeracao e sequencia.";"ARQUIVO_REAL_DOCS_AULAS_AUDITORIA_POS_474";"Nao reescrever, nao renomear, nao deslocar numeracao e nao usar como ponto de retomada, exceto para contexto."
"283";"M12.13";"M12";"SQL, PostgreSQL e modelagem relacional";"CONCLUIDA_GERADA";"Aula pratica guiada";"Normalizacao primeira segunda e terceira forma normal";"283_M12_13_NORMALIZACAO_PRIMEIRA_SEGUNDA_E_TERCEIRA_FORMA_NORMAL_OFICIAL.md";"Aula ja gerada em Markdown em docs/aulas. Fonte operacional: arquivo real auditado. Manter conteudo, nome, numeracao e sequencia.";"ARQUIVO_REAL_DOCS_AULAS_AUDITORIA_POS_474";"Nao reescrever, nao renomear, nao deslocar numeracao e nao usar como ponto de retomada, exceto para contexto."
"284";"M12.14";"M12";"SQL, PostgreSQL e modelagem relacional";"CONCLUIDA_GERADA";"Aula pratica guiada";"Relacionamento um para muitos";"284_M12_14_RELACIONAMENTO_UM_PARA_MUITOS_OFICIAL.md";"Aula ja gerada em Markdown em docs/aulas. Fonte operacional: arquivo real auditado. Manter conteudo, nome, numeracao e sequencia.";"ARQUIVO_REAL_DOCS_AULAS_AUDITORIA_POS_474";"Nao reescrever, nao renomear, nao deslocar numeracao e nao usar como ponto de retomada, exceto para contexto."
"285";"M12.15";"M12";"SQL, PostgreSQL e modelagem relacional";"CONCLUIDA_GERADA";"Aula pratica guiada";"Relacionamento muitos para muitos com tabela associativa";"285_M12_15_RELACIONAMENTO_MUITOS_PARA_MUITOS_COM_TABELA_ASSOCIATIVA_OFICIAL.md";"Aula ja gerada em Markdown em docs/aulas. Fonte operacional: arquivo real auditado. Manter conteudo, nome, numeracao e sequencia.";"ARQUIVO_REAL_DOCS_AULAS_AUDITORIA_POS_474";"Nao reescrever, nao renomear, nao deslocar numeracao e nao usar como ponto de retomada, exceto para contexto."
"286";"M12.16";"M12";"SQL, PostgreSQL e modelagem relacional";"CONCLUIDA_GERADA";"Aula pratica guiada";"Group by having e agregacoes";"286_M12_16_GROUP_BY_HAVING_E_AGREGACOES_OFICIAL.md";"Aula ja gerada em Markdown em docs/aulas. Fonte operacional: arquivo real auditado. Manter conteudo, nome, numeracao e sequencia.";"ARQUIVO_REAL_DOCS_AULAS_AUDITORIA_POS_474";"Nao reescrever, nao renomear, nao deslocar numeracao e nao usar como ponto de retomada, exceto para contexto."
"287";"M12.17";"M12";"SQL, PostgreSQL e modelagem relacional";"CONCLUIDA_GERADA";"Aula pratica guiada";"Subqueries correlacionadas e nao correlacionadas";"287_M12_17_SUBQUERIES_CORRELACIONADAS_E_NAO_CORRELACIONADAS_OFICIAL.md";"Aula ja gerada em Markdown em docs/aulas. Fonte operacional: arquivo real auditado. Manter conteudo, nome, numeracao e sequencia.";"ARQUIVO_REAL_DOCS_AULAS_AUDITORIA_POS_474";"Nao reescrever, nao renomear, nao deslocar numeracao e nao usar como ponto de retomada, exceto para contexto."
"288";"M12.18";"M12";"SQL, PostgreSQL e modelagem relacional";"CONCLUIDA_GERADA";"Aula pratica guiada";"CTE common table expressions";"288_M12_18_CTE_COMMON_TABLE_EXPRESSIONS_OFICIAL.md";"Aula ja gerada em Markdown em docs/aulas. Fonte operacional: arquivo real auditado. Manter conteudo, nome, numeracao e sequencia.";"ARQUIVO_REAL_DOCS_AULAS_AUDITORIA_POS_474";"Nao reescrever, nao renomear, nao deslocar numeracao e nao usar como ponto de retomada, exceto para contexto."
"289";"M12.19";"M12";"SQL, PostgreSQL e modelagem relacional";"CONCLUIDA_GERADA";"Aula pratica guiada";"Views e materialized views conceitual";"289_M12_19_VIEWS_E_MATERIALIZED_VIEWS_CONCEITUAL_OFICIAL.md";"Aula ja gerada em Markdown em docs/aulas. Fonte operacional: arquivo real auditado. Manter conteudo, nome, numeracao e sequencia.";"ARQUIVO_REAL_DOCS_AULAS_AUDITORIA_POS_474";"Nao reescrever, nao renomear, nao deslocar numeracao e nao usar como ponto de retomada, exceto para contexto."
"290";"M12.20";"M12";"SQL, PostgreSQL e modelagem relacional";"CONCLUIDA_GERADA";"Aula pratica guiada";"Funcoes de data texto numeros e case when";"290_M12_20_FUNCOES_DE_DATA_TEXTO_NUMEROS_E_CASE_WHEN_OFICIAL.md";"Aula ja gerada em Markdown em docs/aulas. Fonte operacional: arquivo real auditado. Manter conteudo, nome, numeracao e sequencia.";"ARQUIVO_REAL_DOCS_AULAS_AUDITORIA_POS_474";"Nao reescrever, nao renomear, nao deslocar numeracao e nao usar como ponto de retomada, exceto para contexto."
"291";"M12.21";"M12";"SQL, PostgreSQL e modelagem relacional";"CONCLUIDA_GERADA";"Aula pratica guiada";"Indices btree unique e criterios de uso";"291_M12_21_INDICES_BTREE_UNIQUE_E_CRITERIOS_DE_USO_OFICIAL.md";"Aula ja gerada em Markdown em docs/aulas. Fonte operacional: arquivo real auditado. Manter conteudo, nome, numeracao e sequencia.";"ARQUIVO_REAL_DOCS_AULAS_AUDITORIA_POS_474";"Nao reescrever, nao renomear, nao deslocar numeracao e nao usar como ponto de retomada, exceto para contexto."
"292";"M12.22";"M12";"SQL, PostgreSQL e modelagem relacional";"CONCLUIDA_GERADA";"Aula pratica guiada";"Explain explain analyze e leitura de plano";"292_M12_22_EXPLAIN_EXPLAIN_ANALYZE_E_LEITURA_DE_PLANO_OFICIAL.md";"Aula ja gerada em Markdown em docs/aulas. Fonte operacional: arquivo real auditado. Manter conteudo, nome, numeracao e sequencia.";"ARQUIVO_REAL_DOCS_AULAS_AUDITORIA_POS_474";"Nao reescrever, nao renomear, nao deslocar numeracao e nao usar como ponto de retomada, exceto para contexto."
"293";"M12.23";"M12";"SQL, PostgreSQL e modelagem relacional";"CONCLUIDA_GERADA";"Aula pratica guiada";"Transacoes ACID begin commit rollback";"293_M12_23_TRANSACOES_ACID_BEGIN_COMMIT_ROLLBACK_OFICIAL.md";"Aula ja gerada em Markdown em docs/aulas. Fonte operacional: arquivo real auditado. Manter conteudo, nome, numeracao e sequencia.";"ARQUIVO_REAL_DOCS_AULAS_AUDITORIA_POS_474";"Nao reescrever, nao renomear, nao deslocar numeracao e nao usar como ponto de retomada, exceto para contexto."
"294";"M12.24";"M12";"SQL, PostgreSQL e modelagem relacional";"CONCLUIDA_GERADA";"Aula pratica guiada";"Isolamento read committed repeatable read serializable";"294_M12_24_ISOLAMENTO_READ_COMMITTED_REPEATABLE_READ_SERIALIZABLE_OFICIAL.md";"Aula ja gerada em Markdown em docs/aulas. Fonte operacional: arquivo real auditado. Manter conteudo, nome, numeracao e sequencia.";"ARQUIVO_REAL_DOCS_AULAS_AUDITORIA_POS_474";"Nao reescrever, nao renomear, nao deslocar numeracao e nao usar como ponto de retomada, exceto para contexto."
"295";"M12.25";"M12";"SQL, PostgreSQL e modelagem relacional";"CONCLUIDA_GERADA";"Aula pratica guiada";"Locks deadlocks e diagnostico inicial";"295_M12_25_LOCKS_DEADLOCKS_E_DIAGNOSTICO_INICIAL_OFICIAL.md";"Aula ja gerada em Markdown em docs/aulas. Fonte operacional: arquivo real auditado. Manter conteudo, nome, numeracao e sequencia.";"ARQUIVO_REAL_DOCS_AULAS_AUDITORIA_POS_474";"Nao reescrever, nao renomear, nao deslocar numeracao e nao usar como ponto de retomada, exceto para contexto."
"296";"M12.26";"M12";"SQL, PostgreSQL e modelagem relacional";"CONCLUIDA_GERADA";"Aula pratica guiada";"Paginacao SQL offset keyset e tradeoffs";"296_M12_26_PAGINACAO_SQL_OFFSET_KEYSET_E_TRADEOFFS_OFICIAL.md";"Aula ja gerada em Markdown em docs/aulas. Fonte operacional: arquivo real auditado. Manter conteudo, nome, numeracao e sequencia.";"ARQUIVO_REAL_DOCS_AULAS_AUDITORIA_POS_474";"Nao reescrever, nao renomear, nao deslocar numeracao e nao usar como ponto de retomada, exceto para contexto."
"297";"M12.27";"M12";"SQL, PostgreSQL e modelagem relacional";"CONCLUIDA_GERADA";"Aula pratica guiada";"Modelagem OS cliente atividade produto e pagamento";"297_M12_27_MODELAGEM_OS_CLIENTE_ATIVIDADE_PRODUTO_E_PAGAMENTO_OFICIAL.md";"Aula ja gerada em Markdown em docs/aulas. Fonte operacional: arquivo real auditado. Manter conteudo, nome, numeracao e sequencia.";"ARQUIVO_REAL_DOCS_AULAS_AUDITORIA_POS_474";"Nao reescrever, nao renomear, nao deslocar numeracao e nao usar como ponto de retomada, exceto para contexto."
"298";"M12.28";"M12";"SQL, PostgreSQL e modelagem relacional";"CONCLUIDA_GERADA";"Aula pratica guiada";"Consultas de relatorio para backend";"298_M12_28_CONSULTAS_DE_RELATORIO_PARA_BACKEND_OFICIAL.md";"Aula ja gerada em Markdown em docs/aulas. Fonte operacional: arquivo real auditado. Manter conteudo, nome, numeracao e sequencia.";"ARQUIVO_REAL_DOCS_AULAS_AUDITORIA_POS_474";"Nao reescrever, nao renomear, nao deslocar numeracao e nao usar como ponto de retomada, exceto para contexto."
"299";"M12.29";"M12";"SQL, PostgreSQL e modelagem relacional";"CONCLUIDA_GERADA";"Aula pratica guiada";"Performance inicial de SQL";"299_M12_29_PERFORMANCE_INICIAL_DE_SQL_OFICIAL.md";"Aula ja gerada em Markdown em docs/aulas. Fonte operacional: arquivo real auditado. Manter conteudo, nome, numeracao e sequencia.";"ARQUIVO_REAL_DOCS_AULAS_AUDITORIA_POS_474";"Nao reescrever, nao renomear, nao deslocar numeracao e nao usar como ponto de retomada, exceto para contexto."
"300";"M12.30";"M12";"SQL, PostgreSQL e modelagem relacional";"CONCLUIDA_GERADA";"Aula pratica guiada";"Scripts versionados e migracoes conceituais";"300_M12_30_SCRIPTS_VERSIONADOS_E_MIGRACOES_CONCEITUAIS_OFICIAL.md";"Aula ja gerada em Markdown em docs/aulas. Fonte operacional: arquivo real auditado. Manter conteudo, nome, numeracao e sequencia.";"ARQUIVO_REAL_DOCS_AULAS_AUDITORIA_POS_474";"Nao reescrever, nao renomear, nao deslocar numeracao e nao usar como ponto de retomada, exceto para contexto."
"301";"M12.31";"M12";"SQL, PostgreSQL e modelagem relacional";"CONCLUIDA_GERADA";"Aula pratica guiada";"Flyway conceitual antes do Spring";"301_M12_31_FLYWAY_CONCEITUAL_ANTES_DO_SPRING_OFICIAL.md";"Aula ja gerada em Markdown em docs/aulas. Fonte operacional: arquivo real auditado. Manter conteudo, nome, numeracao e sequencia.";"ARQUIVO_REAL_DOCS_AULAS_AUDITORIA_POS_474";"Nao reescrever, nao renomear, nao deslocar numeracao e nao usar como ponto de retomada, exceto para contexto."
"302";"M12.32";"M12";"SQL, PostgreSQL e modelagem relacional";"CONCLUIDA_GERADA";"Aula pratica guiada";"Carga de massa seed e dados de teste";"302_M12_32_CARGA_DE_MASSA_SEED_E_DADOS_DE_TESTE_OFICIAL.md";"Aula ja gerada em Markdown em docs/aulas. Fonte operacional: arquivo real auditado. Manter conteudo, nome, numeracao e sequencia.";"ARQUIVO_REAL_DOCS_AULAS_AUDITORIA_POS_474";"Nao reescrever, nao renomear, nao deslocar numeracao e nao usar como ponto de retomada, exceto para contexto."
"303";"M12.33";"M12";"SQL, PostgreSQL e modelagem relacional";"CONCLUIDA_GERADA";"Aula pratica guiada";"Backup restore e cuidados locais";"303_M12_33_BACKUP_RESTORE_E_CUIDADOS_LOCAIS_OFICIAL.md";"Aula ja gerada em Markdown em docs/aulas. Fonte operacional: arquivo real auditado. Manter conteudo, nome, numeracao e sequencia.";"ARQUIVO_REAL_DOCS_AULAS_AUDITORIA_POS_474";"Nao reescrever, nao renomear, nao deslocar numeracao e nao usar como ponto de retomada, exceto para contexto."
"304";"M12.34";"M12";"SQL, PostgreSQL e modelagem relacional";"CONCLUIDA_GERADA";"Aula pratica guiada";"Usuarios permissoes e seguranca basica no PostgreSQL";"304_M12_34_USUARIOS_PERMISSOES_E_SEGURANCA_BASICA_NO_POSTGRESQL_OFICIAL.md";"Aula ja gerada em Markdown em docs/aulas. Fonte operacional: arquivo real auditado. Manter conteudo, nome, numeracao e sequencia.";"ARQUIVO_REAL_DOCS_AULAS_AUDITORIA_POS_474";"Nao reescrever, nao renomear, nao deslocar numeracao e nao usar como ponto de retomada, exceto para contexto."
"305";"M12.35";"M12";"SQL, PostgreSQL e modelagem relacional";"CONCLUIDA_GERADA";"Aula pratica guiada";"Funcoes window introducao para relatorios";"305_M12_35_FUNCOES_WINDOW_INTRODUCAO_PARA_RELATORIOS_OFICIAL.md";"Aula ja gerada em Markdown em docs/aulas. Fonte operacional: arquivo real auditado. Manter conteudo, nome, numeracao e sequencia.";"ARQUIVO_REAL_DOCS_AULAS_AUDITORIA_POS_474";"Nao reescrever, nao renomear, nao deslocar numeracao e nao usar como ponto de retomada, exceto para contexto."
"306";"M12.36";"M12";"SQL, PostgreSQL e modelagem relacional";"CONCLUIDA_GERADA";"Aula pratica guiada";"JSONB no PostgreSQL quando usar e quando evitar";"306_M12_36_JSONB_NO_POSTGRESQL_QUANDO_USAR_E_QUANDO_EVITAR_OFICIAL.md";"Aula ja gerada em Markdown em docs/aulas. Fonte operacional: arquivo real auditado. Manter conteudo, nome, numeracao e sequencia.";"ARQUIVO_REAL_DOCS_AULAS_AUDITORIA_POS_474";"Nao reescrever, nao renomear, nao deslocar numeracao e nao usar como ponto de retomada, exceto para contexto."
"307";"M12.37";"M12";"SQL, PostgreSQL e modelagem relacional";"CONCLUIDA_GERADA";"Projeto pratico guiado";"Projeto banco OS parte 1 modelo fisico";"307_M12_37_PROJETO_BANCO_OS_PARTE_1_MODELO_FISICO_OFICIAL.md";"Aula ja gerada em Markdown em docs/aulas. Fonte operacional: arquivo real auditado. Manter conteudo, nome, numeracao e sequencia.";"ARQUIVO_REAL_DOCS_AULAS_AUDITORIA_POS_474";"Nao reescrever, nao renomear, nao deslocar numeracao e nao usar como ponto de retomada, exceto para contexto."
"308";"M12.38";"M12";"SQL, PostgreSQL e modelagem relacional";"CONCLUIDA_GERADA";"Projeto pratico guiado";"Projeto banco OS parte 2 consultas e relatorios";"308_M12_38_PROJETO_BANCO_OS_PARTE_2_CONSULTAS_E_RELATORIOS_OFICIAL.md";"Aula ja gerada em Markdown em docs/aulas. Fonte operacional: arquivo real auditado. Manter conteudo, nome, numeracao e sequencia.";"ARQUIVO_REAL_DOCS_AULAS_AUDITORIA_POS_474";"Nao reescrever, nao renomear, nao deslocar numeracao e nao usar como ponto de retomada, exceto para contexto."
"309";"M12.39";"M12";"SQL, PostgreSQL e modelagem relacional";"CONCLUIDA_GERADA";"Avaliacao pratica";"Revisao tecnica SQL PostgreSQL e simulado";"309_M12_39_REVISAO_TECNICA_SQL_POSTGRESQL_E_SIMULADO_OFICIAL.md";"Aula ja gerada em Markdown em docs/aulas. Fonte operacional: arquivo real auditado. Manter conteudo, nome, numeracao e sequencia.";"ARQUIVO_REAL_DOCS_AULAS_AUDITORIA_POS_474";"Nao reescrever, nao renomear, nao deslocar numeracao e nao usar como ponto de retomada, exceto para contexto."
"310";"M12.40";"M12";"SQL, PostgreSQL e modelagem relacional";"CONCLUIDA_GERADA";"Fechamento de modulo";"Fechamento do Modulo 12 SQL PostgreSQL";"310_M12_40_FECHAMENTO_DO_MODULO_12_SQL_POSTGRESQL_OFICIAL.md";"Aula ja gerada em Markdown em docs/aulas. Fonte operacional: arquivo real auditado. Manter conteudo, nome, numeracao e sequencia.";"ARQUIVO_REAL_DOCS_AULAS_AUDITORIA_POS_474";"Nao reescrever, nao renomear, nao deslocar numeracao e nao usar como ponto de retomada, exceto para contexto."
"311";"M13.01";"M13";"Persistencia Java: JDBC, JPA, Hibernate e Spring Data";"CONCLUIDA_GERADA";"Aula pratica guiada";"JDBC visao geral e driver PostgreSQL";"311_M13_01_JDBC_VISAO_GERAL_E_DRIVER_POSTGRESQL_OFICIAL.md";"Aula ja gerada em Markdown em docs/aulas. Fonte operacional: arquivo real auditado. Manter conteudo, nome, numeracao e sequencia.";"ARQUIVO_REAL_DOCS_AULAS_AUDITORIA_POS_474";"Nao reescrever, nao renomear, nao deslocar numeracao e nao usar como ponto de retomada, exceto para contexto."
"312";"M13.02";"M13";"Persistencia Java: JDBC, JPA, Hibernate e Spring Data";"CONCLUIDA_GERADA";"Aula pratica guiada";"Connection DriverManager e DataSource conceitual";"312_M13_02_CONNECTION_DRIVERMANAGER_E_DATASOURCE_CONCEITUAL_OFICIAL.md";"Aula ja gerada em Markdown em docs/aulas. Fonte operacional: arquivo real auditado. Manter conteudo, nome, numeracao e sequencia.";"ARQUIVO_REAL_DOCS_AULAS_AUDITORIA_POS_474";"Nao reescrever, nao renomear, nao deslocar numeracao e nao usar como ponto de retomada, exceto para contexto."
"313";"M13.03";"M13";"Persistencia Java: JDBC, JPA, Hibernate e Spring Data";"CONCLUIDA_GERADA";"Aula pratica guiada";"PreparedStatement e SQL Injection";"313_M13_03_PREPAREDSTATEMENT_E_SQL_INJECTION_OFICIAL.md";"Aula ja gerada em Markdown em docs/aulas. Fonte operacional: arquivo real auditado. Manter conteudo, nome, numeracao e sequencia.";"ARQUIVO_REAL_DOCS_AULAS_AUDITORIA_POS_474";"Nao reescrever, nao renomear, nao deslocar numeracao e nao usar como ponto de retomada, exceto para contexto."
"314";"M13.04";"M13";"Persistencia Java: JDBC, JPA, Hibernate e Spring Data";"CONCLUIDA_GERADA";"Aula pratica guiada";"ResultSet mapeamento manual e tipos";"314_M13_04_RESULTSET_MAPEAMENTO_MANUAL_E_TIPOS_OFICIAL.md";"Aula ja gerada em Markdown em docs/aulas. Fonte operacional: arquivo real auditado. Manter conteudo, nome, numeracao e sequencia.";"ARQUIVO_REAL_DOCS_AULAS_AUDITORIA_POS_474";"Nao reescrever, nao renomear, nao deslocar numeracao e nao usar como ponto de retomada, exceto para contexto."
"315";"M13.05";"M13";"Persistencia Java: JDBC, JPA, Hibernate e Spring Data";"CONCLUIDA_GERADA";"Aula pratica guiada";"DAO inicial com responsabilidade clara";"315_M13_05_DAO_INICIAL_COM_RESPONSABILIDADE_CLARA_OFICIAL.md";"Aula ja gerada em Markdown em docs/aulas. Fonte operacional: arquivo real auditado. Manter conteudo, nome, numeracao e sequencia.";"ARQUIVO_REAL_DOCS_AULAS_AUDITORIA_POS_474";"Nao reescrever, nao renomear, nao deslocar numeracao e nao usar como ponto de retomada, exceto para contexto."
"316";"M13.06";"M13";"Persistencia Java: JDBC, JPA, Hibernate e Spring Data";"CONCLUIDA_GERADA";"Aula pratica guiada";"Repository Pattern sem Spring";"316_M13_06_REPOSITORY_PATTERN_SEM_SPRING_OFICIAL.md";"Aula ja gerada em Markdown em docs/aulas. Fonte operacional: arquivo real auditado. Manter conteudo, nome, numeracao e sequencia.";"ARQUIVO_REAL_DOCS_AULAS_AUDITORIA_POS_474";"Nao reescrever, nao renomear, nao deslocar numeracao e nao usar como ponto de retomada, exceto para contexto."
"317";"M13.07";"M13";"Persistencia Java: JDBC, JPA, Hibernate e Spring Data";"CONCLUIDA_GERADA";"Aula pratica guiada";"Tratamento de excecoes em JDBC";"317_M13_07_TRATAMENTO_DE_EXCECOES_EM_JDBC_OFICIAL.md";"Aula ja gerada em Markdown em docs/aulas. Fonte operacional: arquivo real auditado. Manter conteudo, nome, numeracao e sequencia.";"ARQUIVO_REAL_DOCS_AULAS_AUDITORIA_POS_474";"Nao reescrever, nao renomear, nao deslocar numeracao e nao usar como ponto de retomada, exceto para contexto."
"318";"M13.08";"M13";"Persistencia Java: JDBC, JPA, Hibernate e Spring Data";"CONCLUIDA_GERADA";"Aula pratica guiada";"Transacoes com JDBC commit rollback";"318_M13_08_TRANSACOES_COM_JDBC_COMMIT_ROLLBACK_OFICIAL.md";"Aula ja gerada em Markdown em docs/aulas. Fonte operacional: arquivo real auditado. Manter conteudo, nome, numeracao e sequencia.";"ARQUIVO_REAL_DOCS_AULAS_AUDITORIA_POS_474";"Nao reescrever, nao renomear, nao deslocar numeracao e nao usar como ponto de retomada, exceto para contexto."
"319";"M13.09";"M13";"Persistencia Java: JDBC, JPA, Hibernate e Spring Data";"CONCLUIDA_GERADA";"Aula pratica guiada";"Connection pool e HikariCP conceitual";"319_M13_09_CONNECTION_POOL_E_HIKARICP_CONCEITUAL_OFICIAL.md";"Aula ja gerada em Markdown em docs/aulas. Fonte operacional: arquivo real auditado. Manter conteudo, nome, numeracao e sequencia.";"ARQUIVO_REAL_DOCS_AULAS_AUDITORIA_POS_474";"Nao reescrever, nao renomear, nao deslocar numeracao e nao usar como ponto de retomada, exceto para contexto."
"320";"M13.10";"M13";"Persistencia Java: JDBC, JPA, Hibernate e Spring Data";"CONCLUIDA_GERADA";"Projeto pratico guiado";"Mini projeto JDBC CRUD OS parte 1";"320_M13_10_MINI_PROJETO_JDBC_CRUD_OS_PARTE_1_OFICIAL.md";"Aula ja gerada em Markdown em docs/aulas. Fonte operacional: arquivo real auditado. Manter conteudo, nome, numeracao e sequencia.";"ARQUIVO_REAL_DOCS_AULAS_AUDITORIA_POS_474";"Nao reescrever, nao renomear, nao deslocar numeracao e nao usar como ponto de retomada, exceto para contexto."
"321";"M13.11";"M13";"Persistencia Java: JDBC, JPA, Hibernate e Spring Data";"CONCLUIDA_GERADA";"Projeto pratico guiado";"Mini projeto JDBC CRUD OS parte 2";"321_M13_11_MINI_PROJETO_JDBC_CRUD_OS_PARTE_2_OFICIAL.md";"Aula ja gerada em Markdown em docs/aulas. Fonte operacional: arquivo real auditado. Manter conteudo, nome, numeracao e sequencia.";"ARQUIVO_REAL_DOCS_AULAS_AUDITORIA_POS_474";"Nao reescrever, nao renomear, nao deslocar numeracao e nao usar como ponto de retomada, exceto para contexto."
"322";"M13.12";"M13";"Persistencia Java: JDBC, JPA, Hibernate e Spring Data";"CONCLUIDA_GERADA";"Aula pratica guiada";"Flyway na pratica com Maven";"322_M13_12_FLYWAY_NA_PRATICA_COM_MAVEN_OFICIAL.md";"Aula ja gerada em Markdown em docs/aulas. Fonte operacional: arquivo real auditado. Manter conteudo, nome, numeracao e sequencia.";"ARQUIVO_REAL_DOCS_AULAS_AUDITORIA_POS_474";"Nao reescrever, nao renomear, nao deslocar numeracao e nao usar como ponto de retomada, exceto para contexto."
"323";"M13.13";"M13";"Persistencia Java: JDBC, JPA, Hibernate e Spring Data";"CONCLUIDA_GERADA";"Aula pratica guiada";"JPA conceitos fundamentais";"323_M13_13_JPA_CONCEITOS_FUNDAMENTAIS_OFICIAL.md";"Aula ja gerada em Markdown em docs/aulas. Fonte operacional: arquivo real auditado. Manter conteudo, nome, numeracao e sequencia.";"ARQUIVO_REAL_DOCS_AULAS_AUDITORIA_POS_474";"Nao reescrever, nao renomear, nao deslocar numeracao e nao usar como ponto de retomada, exceto para contexto."
"324";"M13.14";"M13";"Persistencia Java: JDBC, JPA, Hibernate e Spring Data";"CONCLUIDA_GERADA";"Aula pratica guiada";"Hibernate como implementacao JPA";"324_M13_14_HIBERNATE_COMO_IMPLEMENTACAO_JPA_OFICIAL.md";"Aula ja gerada em Markdown em docs/aulas. Fonte operacional: arquivo real auditado. Manter conteudo, nome, numeracao e sequencia.";"ARQUIVO_REAL_DOCS_AULAS_AUDITORIA_POS_474";"Nao reescrever, nao renomear, nao deslocar numeracao e nao usar como ponto de retomada, exceto para contexto."
"325";"M13.15";"M13";"Persistencia Java: JDBC, JPA, Hibernate e Spring Data";"CONCLUIDA_GERADA";"Aula pratica guiada";"Entity Id GeneratedValue Column";"325_M13_15_ENTITY_ID_GENERATEDVALUE_COLUMN_OFICIAL.md";"Aula ja gerada em Markdown em docs/aulas. Fonte operacional: arquivo real auditado. Manter conteudo, nome, numeracao e sequencia.";"ARQUIVO_REAL_DOCS_AULAS_AUDITORIA_POS_474";"Nao reescrever, nao renomear, nao deslocar numeracao e nao usar como ponto de retomada, exceto para contexto."
"326";"M13.16";"M13";"Persistencia Java: JDBC, JPA, Hibernate e Spring Data";"CONCLUIDA_GERADA";"Aula pratica guiada";"Embeddable e objetos de valor persistidos";"326_M13_16_EMBEDDABLE_E_OBJETOS_DE_VALOR_PERSISTIDOS_OFICIAL.md";"Aula ja gerada em Markdown em docs/aulas. Fonte operacional: arquivo real auditado. Manter conteudo, nome, numeracao e sequencia.";"ARQUIVO_REAL_DOCS_AULAS_AUDITORIA_POS_474";"Nao reescrever, nao renomear, nao deslocar numeracao e nao usar como ponto de retomada, exceto para contexto."
"327";"M13.17";"M13";"Persistencia Java: JDBC, JPA, Hibernate e Spring Data";"CONCLUIDA_GERADA";"Aula pratica guiada";"EntityManager persist find merge remove";"327_M13_17_ENTITYMANAGER_PERSIST_FIND_MERGE_REMOVE_OFICIAL.md";"Aula ja gerada em Markdown em docs/aulas. Fonte operacional: arquivo real auditado. Manter conteudo, nome, numeracao e sequencia.";"ARQUIVO_REAL_DOCS_AULAS_AUDITORIA_POS_474";"Nao reescrever, nao renomear, nao deslocar numeracao e nao usar como ponto de retomada, exceto para contexto."
"328";"M13.18";"M13";"Persistencia Java: JDBC, JPA, Hibernate e Spring Data";"CONCLUIDA_GERADA";"Aula pratica guiada";"Ciclo de vida da entidade";"328_M13_18_CICLO_DE_VIDA_DA_ENTIDADE_OFICIAL.md";"Aula ja gerada em Markdown em docs/aulas. Fonte operacional: arquivo real auditado. Manter conteudo, nome, numeracao e sequencia.";"ARQUIVO_REAL_DOCS_AULAS_AUDITORIA_POS_474";"Nao reescrever, nao renomear, nao deslocar numeracao e nao usar como ponto de retomada, exceto para contexto."
"329";"M13.19";"M13";"Persistencia Java: JDBC, JPA, Hibernate e Spring Data";"CONCLUIDA_GERADA";"Aula pratica guiada";"Persistence context e identidade";"329_M13_19_PERSISTENCE_CONTEXT_E_IDENTIDADE_OFICIAL.md";"Aula ja gerada em Markdown em docs/aulas. Fonte operacional: arquivo real auditado. Manter conteudo, nome, numeracao e sequencia.";"ARQUIVO_REAL_DOCS_AULAS_AUDITORIA_POS_474";"Nao reescrever, nao renomear, nao deslocar numeracao e nao usar como ponto de retomada, exceto para contexto."
"330";"M13.20";"M13";"Persistencia Java: JDBC, JPA, Hibernate e Spring Data";"CONCLUIDA_GERADA";"Aula pratica guiada";"Dirty checking";"330_M13_20_DIRTY_CHECKING_OFICIAL.md";"Aula ja gerada em Markdown em docs/aulas. Fonte operacional: arquivo real auditado. Manter conteudo, nome, numeracao e sequencia.";"ARQUIVO_REAL_DOCS_AULAS_AUDITORIA_POS_474";"Nao reescrever, nao renomear, nao deslocar numeracao e nao usar como ponto de retomada, exceto para contexto."
"331";"M13.21";"M13";"Persistencia Java: JDBC, JPA, Hibernate e Spring Data";"CONCLUIDA_GERADA";"Aula pratica guiada";"Flush clear detach e refresh";"331_M13_21_FLUSH_CLEAR_DETACH_E_REFRESH_OFICIAL.md";"Aula ja gerada em Markdown em docs/aulas. Fonte operacional: arquivo real auditado. Manter conteudo, nome, numeracao e sequencia.";"ARQUIVO_REAL_DOCS_AULAS_AUDITORIA_POS_474";"Nao reescrever, nao renomear, nao deslocar numeracao e nao usar como ponto de retomada, exceto para contexto."
"332";"M13.22";"M13";"Persistencia Java: JDBC, JPA, Hibernate e Spring Data";"CONCLUIDA_GERADA";"Aula pratica guiada";"Relacionamento ManyToOne";"332_M13_22_RELACIONAMENTO_MANYTOONE_OFICIAL.md";"Aula ja gerada em Markdown em docs/aulas. Fonte operacional: arquivo real auditado. Manter conteudo, nome, numeracao e sequencia.";"ARQUIVO_REAL_DOCS_AULAS_AUDITORIA_POS_474";"Nao reescrever, nao renomear, nao deslocar numeracao e nao usar como ponto de retomada, exceto para contexto."
"333";"M13.23";"M13";"Persistencia Java: JDBC, JPA, Hibernate e Spring Data";"CONCLUIDA_GERADA";"Aula pratica guiada";"Relacionamento OneToMany";"333_M13_23_RELACIONAMENTO_ONETOMANY_OFICIAL.md";"Aula ja gerada em Markdown em docs/aulas. Fonte operacional: arquivo real auditado. Manter conteudo, nome, numeracao e sequencia.";"ARQUIVO_REAL_DOCS_AULAS_AUDITORIA_POS_474";"Nao reescrever, nao renomear, nao deslocar numeracao e nao usar como ponto de retomada, exceto para contexto."
"334";"M13.24";"M13";"Persistencia Java: JDBC, JPA, Hibernate e Spring Data";"CONCLUIDA_GERADA";"Aula pratica guiada";"ManyToMany com criterio";"334_M13_24_MANYTOMANY_COM_CRITERIO_OFICIAL.md";"Aula ja gerada em Markdown em docs/aulas. Fonte operacional: arquivo real auditado. Manter conteudo, nome, numeracao e sequencia.";"ARQUIVO_REAL_DOCS_AULAS_AUDITORIA_POS_474";"Nao reescrever, nao renomear, nao deslocar numeracao e nao usar como ponto de retomada, exceto para contexto."
"335";"M13.25";"M13";"Persistencia Java: JDBC, JPA, Hibernate e Spring Data";"CONCLUIDA_GERADA";"Aula pratica guiada";"Cascade OrphanRemoval e responsabilidade";"335_M13_25_CASCADE_ORPHANREMOVAL_E_RESPONSABILIDADE_OFICIAL.md";"Aula ja gerada em Markdown em docs/aulas. Fonte operacional: arquivo real auditado. Manter conteudo, nome, numeracao e sequencia.";"ARQUIVO_REAL_DOCS_AULAS_AUDITORIA_POS_474";"Nao reescrever, nao renomear, nao deslocar numeracao e nao usar como ponto de retomada, exceto para contexto."
"336";"M13.26";"M13";"Persistencia Java: JDBC, JPA, Hibernate e Spring Data";"CONCLUIDA_GERADA";"Aula pratica guiada";"Fetch lazy eager e proxy";"336_M13_26_FETCH_LAZY_EAGER_E_PROXY_OFICIAL.md";"Aula ja gerada em Markdown em docs/aulas. Fonte operacional: arquivo real auditado. Manter conteudo, nome, numeracao e sequencia.";"ARQUIVO_REAL_DOCS_AULAS_AUDITORIA_POS_474";"Nao reescrever, nao renomear, nao deslocar numeracao e nao usar como ponto de retomada, exceto para contexto."
"337";"M13.27";"M13";"Persistencia Java: JDBC, JPA, Hibernate e Spring Data";"CONCLUIDA_GERADA";"Aula pratica guiada";"Problema N mais um";"337_M13_27_PROBLEMA_N_MAIS_UM_OFICIAL.md";"Aula ja gerada em Markdown em docs/aulas. Fonte operacional: arquivo real auditado. Manter conteudo, nome, numeracao e sequencia.";"ARQUIVO_REAL_DOCS_AULAS_AUDITORIA_POS_474";"Nao reescrever, nao renomear, nao deslocar numeracao e nao usar como ponto de retomada, exceto para contexto."
"338";"M13.28";"M13";"Persistencia Java: JDBC, JPA, Hibernate e Spring Data";"CONCLUIDA_GERADA";"Aula pratica guiada";"JPQL select join fetch";"338_M13_28_JPQL_SELECT_JOIN_FETCH_OFICIAL.md";"Aula ja gerada em Markdown em docs/aulas. Fonte operacional: arquivo real auditado. Manter conteudo, nome, numeracao e sequencia.";"ARQUIVO_REAL_DOCS_AULAS_AUDITORIA_POS_474";"Nao reescrever, nao renomear, nao deslocar numeracao e nao usar como ponto de retomada, exceto para contexto."
"339";"M13.29";"M13";"Persistencia Java: JDBC, JPA, Hibernate e Spring Data";"CONCLUIDA_GERADA";"Aula pratica guiada";"Criteria API e Specifications";"339_M13_29_CRITERIA_API_E_SPECIFICATIONS_OFICIAL.md";"Aula ja gerada em Markdown em docs/aulas. Fonte operacional: arquivo real auditado. Manter conteudo, nome, numeracao e sequencia.";"ARQUIVO_REAL_DOCS_AULAS_AUDITORIA_POS_474";"Nao reescrever, nao renomear, nao deslocar numeracao e nao usar como ponto de retomada, exceto para contexto."
"340";"M13.30";"M13";"Persistencia Java: JDBC, JPA, Hibernate e Spring Data";"CONCLUIDA_GERADA";"Aula pratica guiada";"Projections DTO interface e record";"340_M13_30_PROJECTIONS_DTO_INTERFACE_E_RECORD_OFICIAL.md";"Aula ja gerada em Markdown em docs/aulas. Fonte operacional: arquivo real auditado. Manter conteudo, nome, numeracao e sequencia.";"ARQUIVO_REAL_DOCS_AULAS_AUDITORIA_POS_474";"Nao reescrever, nao renomear, nao deslocar numeracao e nao usar como ponto de retomada, exceto para contexto."
"341";"M13.31";"M13";"Persistencia Java: JDBC, JPA, Hibernate e Spring Data";"CONCLUIDA_GERADA";"Aula pratica guiada";"Paginacao e ordenacao com JPA";"341_M13_31_PAGINACAO_E_ORDENACAO_COM_JPA_OFICIAL.md";"Aula ja gerada em Markdown em docs/aulas. Fonte operacional: arquivo real auditado. Manter conteudo, nome, numeracao e sequencia.";"ARQUIVO_REAL_DOCS_AULAS_AUDITORIA_POS_474";"Nao reescrever, nao renomear, nao deslocar numeracao e nao usar como ponto de retomada, exceto para contexto."
"342";"M13.32";"M13";"Persistencia Java: JDBC, JPA, Hibernate e Spring Data";"CONCLUIDA_GERADA";"Aula pratica guiada";"Lock otimista";"342_M13_32_LOCK_OTIMISTA_OFICIAL.md";"Aula ja gerada em Markdown em docs/aulas. Fonte operacional: arquivo real auditado. Manter conteudo, nome, numeracao e sequencia.";"ARQUIVO_REAL_DOCS_AULAS_AUDITORIA_POS_474";"Nao reescrever, nao renomear, nao deslocar numeracao e nao usar como ponto de retomada, exceto para contexto."
"343";"M13.33";"M13";"Persistencia Java: JDBC, JPA, Hibernate e Spring Data";"CONCLUIDA_GERADA";"Aula pratica guiada";"Lock pessimista";"343_M13_33_LOCK_PESSIMISTA_OFICIAL.md";"Aula ja gerada em Markdown em docs/aulas. Fonte operacional: arquivo real auditado. Manter conteudo, nome, numeracao e sequencia.";"ARQUIVO_REAL_DOCS_AULAS_AUDITORIA_POS_474";"Nao reescrever, nao renomear, nao deslocar numeracao e nao usar como ponto de retomada, exceto para contexto."
"344";"M13.34";"M13";"Persistencia Java: JDBC, JPA, Hibernate e Spring Data";"CONCLUIDA_GERADA";"Aula pratica guiada";"Auditoria CreatedAt UpdatedAt usuario";"344_M13_34_AUDITORIA_CREATEDAT_UPDATEDAT_USUARIO_OFICIAL.md";"Aula ja gerada em Markdown em docs/aulas. Fonte operacional: arquivo real auditado. Manter conteudo, nome, numeracao e sequencia.";"ARQUIVO_REAL_DOCS_AULAS_AUDITORIA_POS_474";"Nao reescrever, nao renomear, nao deslocar numeracao e nao usar como ponto de retomada, exceto para contexto."
"345";"M13.35";"M13";"Persistencia Java: JDBC, JPA, Hibernate e Spring Data";"CONCLUIDA_GERADA";"Aula pratica guiada";"Spring Data Repository conceitos";"345_M13_35_SPRING_DATA_REPOSITORY_CONCEITOS_OFICIAL.md";"Aula ja gerada em Markdown em docs/aulas. Fonte operacional: arquivo real auditado. Manter conteudo, nome, numeracao e sequencia.";"ARQUIVO_REAL_DOCS_AULAS_AUDITORIA_POS_474";"Nao reescrever, nao renomear, nao deslocar numeracao e nao usar como ponto de retomada, exceto para contexto."
"346";"M13.36";"M13";"Persistencia Java: JDBC, JPA, Hibernate e Spring Data";"CONCLUIDA_GERADA";"Aula pratica guiada";"Queries derivadas";"346_M13_36_QUERIES_DERIVADAS_OFICIAL.md";"Aula ja gerada em Markdown em docs/aulas. Fonte operacional: arquivo real auditado. Manter conteudo, nome, numeracao e sequencia.";"ARQUIVO_REAL_DOCS_AULAS_AUDITORIA_POS_474";"Nao reescrever, nao renomear, nao deslocar numeracao e nao usar como ponto de retomada, exceto para contexto."
"347";"M13.37";"M13";"Persistencia Java: JDBC, JPA, Hibernate e Spring Data";"CONCLUIDA_GERADA";"Aula pratica guiada";"Query annotation native query e JPQL";"347_M13_37_QUERY_ANNOTATION_NATIVE_QUERY_E_JPQL_OFICIAL.md";"Aula ja gerada em Markdown em docs/aulas. Fonte operacional: arquivo real auditado. Manter conteudo, nome, numeracao e sequencia.";"ARQUIVO_REAL_DOCS_AULAS_AUDITORIA_POS_474";"Nao reescrever, nao renomear, nao deslocar numeracao e nao usar como ponto de retomada, exceto para contexto."
"348";"M13.38";"M13";"Persistencia Java: JDBC, JPA, Hibernate e Spring Data";"CONCLUIDA_GERADA";"Aula pratica guiada";"Transacoes com Spring Data";"348_M13_38_TRANSACOES_COM_SPRING_DATA_OFICIAL.md";"Aula ja gerada em Markdown em docs/aulas. Fonte operacional: arquivo real auditado. Manter conteudo, nome, numeracao e sequencia.";"ARQUIVO_REAL_DOCS_AULAS_AUDITORIA_POS_474";"Nao reescrever, nao renomear, nao deslocar numeracao e nao usar como ponto de retomada, exceto para contexto."
"349";"M13.39";"M13";"Persistencia Java: JDBC, JPA, Hibernate e Spring Data";"CONCLUIDA_GERADA";"Aula pratica guiada";"Testes de Repository com Testcontainers";"349_M13_39_TESTES_DE_REPOSITORY_COM_TESTCONTAINERS_OFICIAL.md";"Aula ja gerada em Markdown em docs/aulas. Fonte operacional: arquivo real auditado. Manter conteudo, nome, numeracao e sequencia.";"ARQUIVO_REAL_DOCS_AULAS_AUDITORIA_POS_474";"Nao reescrever, nao renomear, nao deslocar numeracao e nao usar como ponto de retomada, exceto para contexto."
"350";"M13.40";"M13";"Persistencia Java: JDBC, JPA, Hibernate e Spring Data";"CONCLUIDA_GERADA";"Aula pratica guiada";"Migrations integradas com persistencia";"350_M13_40_MIGRATIONS_INTEGRADAS_COM_PERSISTENCIA_OFICIAL.md";"Aula ja gerada em Markdown em docs/aulas. Fonte operacional: arquivo real auditado. Manter conteudo, nome, numeracao e sequencia.";"ARQUIVO_REAL_DOCS_AULAS_AUDITORIA_POS_474";"Nao reescrever, nao renomear, nao deslocar numeracao e nao usar como ponto de retomada, exceto para contexto."
"351";"M13.41";"M13";"Persistencia Java: JDBC, JPA, Hibernate e Spring Data";"CONCLUIDA_GERADA";"Projeto pratico guiado";"Projeto persistencia OS parte 1";"351_M13_41_PROJETO_PERSISTENCIA_OS_PARTE_1_OFICIAL.md";"Aula ja gerada em Markdown em docs/aulas. Fonte operacional: arquivo real auditado. Manter conteudo, nome, numeracao e sequencia.";"ARQUIVO_REAL_DOCS_AULAS_AUDITORIA_POS_474";"Nao reescrever, nao renomear, nao deslocar numeracao e nao usar como ponto de retomada, exceto para contexto."
"352";"M13.42";"M13";"Persistencia Java: JDBC, JPA, Hibernate e Spring Data";"CONCLUIDA_GERADA";"Projeto pratico guiado";"Projeto persistencia OS parte 2";"352_M13_42_PROJETO_PERSISTENCIA_OS_PARTE_2_OFICIAL.md";"Aula ja gerada em Markdown em docs/aulas. Fonte operacional: arquivo real auditado. Manter conteudo, nome, numeracao e sequencia.";"ARQUIVO_REAL_DOCS_AULAS_AUDITORIA_POS_474";"Nao reescrever, nao renomear, nao deslocar numeracao e nao usar como ponto de retomada, exceto para contexto."
"353";"M13.43";"M13";"Persistencia Java: JDBC, JPA, Hibernate e Spring Data";"CONCLUIDA_GERADA";"Revisao tecnica";"Revisao tecnica JDBC JPA Hibernate Spring Data";"353_M13_43_REVISAO_TECNICA_JDBC_JPA_HIBERNATE_SPRING_DATA_OFICIAL.md";"Aula ja gerada em Markdown em docs/aulas. Fonte operacional: arquivo real auditado. Manter conteudo, nome, numeracao e sequencia.";"ARQUIVO_REAL_DOCS_AULAS_AUDITORIA_POS_474";"Nao reescrever, nao renomear, nao deslocar numeracao e nao usar como ponto de retomada, exceto para contexto."
"354";"M13.44";"M13";"Persistencia Java: JDBC, JPA, Hibernate e Spring Data";"CONCLUIDA_GERADA";"Avaliacao pratica";"Prova pratica persistencia";"354_M13_44_PROVA_PRATICA_PERSISTENCIA_OFICIAL.md";"Aula ja gerada em Markdown em docs/aulas. Fonte operacional: arquivo real auditado. Manter conteudo, nome, numeracao e sequencia.";"ARQUIVO_REAL_DOCS_AULAS_AUDITORIA_POS_474";"Nao reescrever, nao renomear, nao deslocar numeracao e nao usar como ponto de retomada, exceto para contexto."
"355";"M13.45";"M13";"Persistencia Java: JDBC, JPA, Hibernate e Spring Data";"CONCLUIDA_GERADA";"Fechamento de modulo";"Fechamento do Modulo 13 persistencia Java";"355_M13_45_FECHAMENTO_DO_MODULO_13_PERSISTENCIA_JAVA_OFICIAL.md";"Aula ja gerada em Markdown em docs/aulas. Fonte operacional: arquivo real auditado. Manter conteudo, nome, numeracao e sequencia.";"ARQUIVO_REAL_DOCS_AULAS_AUDITORIA_POS_474";"Nao reescrever, nao renomear, nao deslocar numeracao e nao usar como ponto de retomada, exceto para contexto."
"356";"M14.01";"M14";"Spring Boot, REST APIs e backend profissional";"CONCLUIDA_GERADA";"Aula pratica guiada";"Spring Boot visao geral";"356_M14_01_SPRING_BOOT_VISAO_GERAL_OFICIAL.md";"Aula ja gerada em Markdown em docs/aulas. Fonte operacional: arquivo real auditado. Manter conteudo, nome, numeracao e sequencia.";"ARQUIVO_REAL_DOCS_AULAS_AUDITORIA_POS_474";"Nao reescrever, nao renomear, nao deslocar numeracao e nao usar como ponto de retomada, exceto para contexto."
"357";"M14.02";"M14";"Spring Boot, REST APIs e backend profissional";"CONCLUIDA_GERADA";"Projeto pratico guiado";"Spring Initializr e estrutura do projeto";"357_M14_02_SPRING_INITIALIZR_E_ESTRUTURA_DO_PROJETO_OFICIAL.md";"Aula ja gerada em Markdown em docs/aulas. Fonte operacional: arquivo real auditado. Manter conteudo, nome, numeracao e sequencia.";"ARQUIVO_REAL_DOCS_AULAS_AUDITORIA_POS_474";"Nao reescrever, nao renomear, nao deslocar numeracao e nao usar como ponto de retomada, exceto para contexto."
"358";"M14.03";"M14";"Spring Boot, REST APIs e backend profissional";"CONCLUIDA_GERADA";"Aula pratica guiada";"Main Application e auto configuration";"358_M14_03_MAIN_APPLICATION_E_AUTO_CONFIGURATION_OFICIAL.md";"Aula ja gerada em Markdown em docs/aulas. Fonte operacional: arquivo real auditado. Manter conteudo, nome, numeracao e sequencia.";"ARQUIVO_REAL_DOCS_AULAS_AUDITORIA_POS_474";"Nao reescrever, nao renomear, nao deslocar numeracao e nao usar como ponto de retomada, exceto para contexto."
"359";"M14.04";"M14";"Spring Boot, REST APIs e backend profissional";"CONCLUIDA_GERADA";"Aula pratica guiada";"Application properties YAML e profiles";"359_M14_04_APPLICATION_PROPERTIES_YAML_E_PROFILES_OFICIAL.md";"Aula ja gerada em Markdown em docs/aulas. Fonte operacional: arquivo real auditado. Manter conteudo, nome, numeracao e sequencia.";"ARQUIVO_REAL_DOCS_AULAS_AUDITORIA_POS_474";"Nao reescrever, nao renomear, nao deslocar numeracao e nao usar como ponto de retomada, exceto para contexto."
"360";"M14.05";"M14";"Spring Boot, REST APIs e backend profissional";"CONCLUIDA_GERADA";"Aula pratica guiada";"Beans Component Service Repository Configuration";"360_M14_05_BEANS_COMPONENT_SERVICE_REPOSITORY_CONFIGURATION_OFICIAL.md";"Aula ja gerada em Markdown em docs/aulas. Fonte operacional: arquivo real auditado. Manter conteudo, nome, numeracao e sequencia.";"ARQUIVO_REAL_DOCS_AULAS_AUDITORIA_POS_474";"Nao reescrever, nao renomear, nao deslocar numeracao e nao usar como ponto de retomada, exceto para contexto."
"361";"M14.06";"M14";"Spring Boot, REST APIs e backend profissional";"CONCLUIDA_GERADA";"Aula pratica guiada";"Injecao de dependencia constructor injection";"361_M14_06_INJECAO_DE_DEPENDENCIA_CONSTRUCTOR_INJECTION_OFICIAL.md";"Aula ja gerada em Markdown em docs/aulas. Fonte operacional: arquivo real auditado. Manter conteudo, nome, numeracao e sequencia.";"ARQUIVO_REAL_DOCS_AULAS_AUDITORIA_POS_474";"Nao reescrever, nao renomear, nao deslocar numeracao e nao usar como ponto de retomada, exceto para contexto."
"362";"M14.07";"M14";"Spring Boot, REST APIs e backend profissional";"CONCLUIDA_GERADA";"Aula pratica guiada";"Ciclo de vida de beans";"362_M14_07_CICLO_DE_VIDA_DE_BEANS_OFICIAL.md";"Aula ja gerada em Markdown em docs/aulas. Fonte operacional: arquivo real auditado. Manter conteudo, nome, numeracao e sequencia.";"ARQUIVO_REAL_DOCS_AULAS_AUDITORIA_POS_474";"Nao reescrever, nao renomear, nao deslocar numeracao e nao usar como ponto de retomada, exceto para contexto."
"363";"M14.08";"M14";"Spring Boot, REST APIs e backend profissional";"CONCLUIDA_GERADA";"Aula pratica guiada";"Controller REST primeiros endpoints";"363_M14_08_CONTROLLER_REST_PRIMEIROS_ENDPOINTS_OFICIAL.md";"Aula ja gerada em Markdown em docs/aulas. Fonte operacional: arquivo real auditado. Manter conteudo, nome, numeracao e sequencia.";"ARQUIVO_REAL_DOCS_AULAS_AUDITORIA_POS_474";"Nao reescrever, nao renomear, nao deslocar numeracao e nao usar como ponto de retomada, exceto para contexto."
"364";"M14.09";"M14";"Spring Boot, REST APIs e backend profissional";"CONCLUIDA_GERADA";"Aula pratica guiada";"HTTP e REST de verdade";"364_M14_09_HTTP_E_REST_DE_VERDADE_OFICIAL.md";"Aula ja gerada em Markdown em docs/aulas. Fonte operacional: arquivo real auditado. Manter conteudo, nome, numeracao e sequencia.";"ARQUIVO_REAL_DOCS_AULAS_AUDITORIA_POS_474";"Nao reescrever, nao renomear, nao deslocar numeracao e nao usar como ponto de retomada, exceto para contexto."
"365";"M14.10";"M14";"Spring Boot, REST APIs e backend profissional";"CONCLUIDA_GERADA";"Aula pratica guiada";"Request body PathVariable RequestParam";"365_M14_10_REQUEST_BODY_PATHVARIABLE_REQUESTPARAM_OFICIAL.md";"Aula ja gerada em Markdown em docs/aulas. Fonte operacional: arquivo real auditado. Manter conteudo, nome, numeracao e sequencia.";"ARQUIVO_REAL_DOCS_AULAS_AUDITORIA_POS_474";"Nao reescrever, nao renomear, nao deslocar numeracao e nao usar como ponto de retomada, exceto para contexto."
"366";"M14.11";"M14";"Spring Boot, REST APIs e backend profissional";"CONCLUIDA_GERADA";"Aula pratica guiada";"ResponseEntity status headers body";"366_M14_11_RESPONSEENTITY_STATUS_HEADERS_BODY_OFICIAL.md";"Aula ja gerada em Markdown em docs/aulas. Fonte operacional: arquivo real auditado. Manter conteudo, nome, numeracao e sequencia.";"ARQUIVO_REAL_DOCS_AULAS_AUDITORIA_POS_474";"Nao reescrever, nao renomear, nao deslocar numeracao e nao usar como ponto de retomada, exceto para contexto."
"367";"M14.12";"M14";"Spring Boot, REST APIs e backend profissional";"CONCLUIDA_GERADA";"Aula pratica guiada";"DTO request response";"367_M14_12_DTO_REQUEST_RESPONSE_OFICIAL.md";"Aula ja gerada em Markdown em docs/aulas. Fonte operacional: arquivo real auditado. Manter conteudo, nome, numeracao e sequencia.";"ARQUIVO_REAL_DOCS_AULAS_AUDITORIA_POS_474";"Nao reescrever, nao renomear, nao deslocar numeracao e nao usar como ponto de retomada, exceto para contexto."
"368";"M14.13";"M14";"Spring Boot, REST APIs e backend profissional";"CONCLUIDA_GERADA";"Aula pratica guiada";"Mappers manuais";"368_M14_13_MAPPERS_MANUAIS_OFICIAL.md";"Aula ja gerada em Markdown em docs/aulas. Fonte operacional: arquivo real auditado. Manter conteudo, nome, numeracao e sequencia.";"ARQUIVO_REAL_DOCS_AULAS_AUDITORIA_POS_474";"Nao reescrever, nao renomear, nao deslocar numeracao e nao usar como ponto de retomada, exceto para contexto."
"369";"M14.14";"M14";"Spring Boot, REST APIs e backend profissional";"CONCLUIDA_GERADA";"Aula pratica guiada";"Bean Validation";"369_M14_14_BEAN_VALIDATION_OFICIAL.md";"Aula ja gerada em Markdown em docs/aulas. Fonte operacional: arquivo real auditado. Manter conteudo, nome, numeracao e sequencia.";"ARQUIVO_REAL_DOCS_AULAS_AUDITORIA_POS_474";"Nao reescrever, nao renomear, nao deslocar numeracao e nao usar como ponto de retomada, exceto para contexto."
"370";"M14.15";"M14";"Spring Boot, REST APIs e backend profissional";"CONCLUIDA_GERADA";"Aula pratica guiada";"Validacoes customizadas";"370_M14_15_VALIDACOES_CUSTOMIZADAS_OFICIAL.md";"Aula ja gerada em Markdown em docs/aulas. Fonte operacional: arquivo real auditado. Manter conteudo, nome, numeracao e sequencia.";"ARQUIVO_REAL_DOCS_AULAS_AUDITORIA_POS_474";"Nao reescrever, nao renomear, nao deslocar numeracao e nao usar como ponto de retomada, exceto para contexto."
"371";"M14.16";"M14";"Spring Boot, REST APIs e backend profissional";"CONCLUIDA_GERADA";"Aula pratica guiada";"Service layer use cases e transacoes";"371_M14_16_SERVICE_LAYER_USE_CASES_E_TRANSACOES_OFICIAL.md";"Aula ja gerada em Markdown em docs/aulas. Fonte operacional: arquivo real auditado. Manter conteudo, nome, numeracao e sequencia.";"ARQUIVO_REAL_DOCS_AULAS_AUDITORIA_POS_474";"Nao reescrever, nao renomear, nao deslocar numeracao e nao usar como ponto de retomada, exceto para contexto."
"372";"M14.17";"M14";"Spring Boot, REST APIs e backend profissional";"CONCLUIDA_GERADA";"Aula pratica guiada";"Repository layer Spring Data";"372_M14_17_REPOSITORY_LAYER_SPRING_DATA_OFICIAL.md";"Aula ja gerada em Markdown em docs/aulas. Fonte operacional: arquivo real auditado. Manter conteudo, nome, numeracao e sequencia.";"ARQUIVO_REAL_DOCS_AULAS_AUDITORIA_POS_474";"Nao reescrever, nao renomear, nao deslocar numeracao e nao usar como ponto de retomada, exceto para contexto."
"373";"M14.18";"M14";"Spring Boot, REST APIs e backend profissional";"CONCLUIDA_GERADA";"Aula pratica guiada";"Exception Handler global";"373_M14_18_EXCEPTION_HANDLER_GLOBAL_OFICIAL.md";"Aula ja gerada em Markdown em docs/aulas. Fonte operacional: arquivo real auditado. Manter conteudo, nome, numeracao e sequencia.";"ARQUIVO_REAL_DOCS_AULAS_AUDITORIA_POS_474";"Nao reescrever, nao renomear, nao deslocar numeracao e nao usar como ponto de retomada, exceto para contexto."
"374";"M14.19";"M14";"Spring Boot, REST APIs e backend profissional";"CONCLUIDA_GERADA";"Aula pratica guiada";"Problem Details e padrao de erro";"374_M14_19_PROBLEM_DETAILS_E_PADRAO_DE_ERRO_OFICIAL.md";"Aula ja gerada em Markdown em docs/aulas. Fonte operacional: arquivo real auditado. Manter conteudo, nome, numeracao e sequencia.";"ARQUIVO_REAL_DOCS_AULAS_AUDITORIA_POS_474";"Nao reescrever, nao renomear, nao deslocar numeracao e nao usar como ponto de retomada, exceto para contexto."
"375";"M14.20";"M14";"Spring Boot, REST APIs e backend profissional";"CONCLUIDA_GERADA";"Aula pratica guiada";"CRUD completo parte 1";"375_M14_20_CRUD_COMPLETO_PARTE_1_OFICIAL.md";"Aula ja gerada em Markdown em docs/aulas. Fonte operacional: arquivo real auditado. Manter conteudo, nome, numeracao e sequencia.";"ARQUIVO_REAL_DOCS_AULAS_AUDITORIA_POS_474";"Nao reescrever, nao renomear, nao deslocar numeracao e nao usar como ponto de retomada, exceto para contexto."
"376";"M14.21";"M14";"Spring Boot, REST APIs e backend profissional";"CONCLUIDA_GERADA";"Aula pratica guiada";"CRUD completo parte 2";"376_M14_21_CRUD_COMPLETO_PARTE_2_OFICIAL.md";"Aula ja gerada em Markdown em docs/aulas. Fonte operacional: arquivo real auditado. Manter conteudo, nome, numeracao e sequencia.";"ARQUIVO_REAL_DOCS_AULAS_AUDITORIA_POS_474";"Nao reescrever, nao renomear, nao deslocar numeracao e nao usar como ponto de retomada, exceto para contexto."
"377";"M14.22";"M14";"Spring Boot, REST APIs e backend profissional";"CONCLUIDA_GERADA";"Aula pratica guiada";"PUT vs PATCH";"377_M14_22_PUT_VS_PATCH_OFICIAL.md";"Aula ja gerada em Markdown em docs/aulas. Fonte operacional: arquivo real auditado. Manter conteudo, nome, numeracao e sequencia.";"ARQUIVO_REAL_DOCS_AULAS_AUDITORIA_POS_474";"Nao reescrever, nao renomear, nao deslocar numeracao e nao usar como ponto de retomada, exceto para contexto."
"378";"M14.23";"M14";"Spring Boot, REST APIs e backend profissional";"CONCLUIDA_GERADA";"Aula pratica guiada";"Paginacao e ordenacao em API";"378_M14_23_PAGINACAO_E_ORDENACAO_EM_API_OFICIAL.md";"Aula ja gerada em Markdown em docs/aulas. Fonte operacional: arquivo real auditado. Manter conteudo, nome, numeracao e sequencia.";"ARQUIVO_REAL_DOCS_AULAS_AUDITORIA_POS_474";"Nao reescrever, nao renomear, nao deslocar numeracao e nao usar como ponto de retomada, exceto para contexto."
"379";"M14.24";"M14";"Spring Boot, REST APIs e backend profissional";"CONCLUIDA_GERADA";"Aula pratica guiada";"Filtros dinamicos e Specifications";"379_M14_24_FILTROS_DINAMICOS_E_SPECIFICATIONS_OFICIAL.md";"Aula ja gerada em Markdown em docs/aulas. Fonte operacional: arquivo real auditado. Manter conteudo, nome, numeracao e sequencia.";"ARQUIVO_REAL_DOCS_AULAS_AUDITORIA_POS_474";"Nao reescrever, nao renomear, nao deslocar numeracao e nao usar como ponto de retomada, exceto para contexto."
"380";"M14.25";"M14";"Spring Boot, REST APIs e backend profissional";"CONCLUIDA_GERADA";"Aula pratica guiada";"OpenAPI Swagger";"380_M14_25_OPENAPI_SWAGGER_OFICIAL.md";"Aula ja gerada em Markdown em docs/aulas. Fonte operacional: arquivo real auditado. Manter conteudo, nome, numeracao e sequencia.";"ARQUIVO_REAL_DOCS_AULAS_AUDITORIA_POS_474";"Nao reescrever, nao renomear, nao deslocar numeracao e nao usar como ponto de retomada, exceto para contexto."
"381";"M14.26";"M14";"Spring Boot, REST APIs e backend profissional";"CONCLUIDA_GERADA";"Aula pratica guiada";"OpenAPI contract first e governanca de contrato";"381_M14_26_OPENAPI_CONTRACT_FIRST_E_GOVERNANCA_DE_CONTRATO_OFICIAL.md";"Aula ja gerada em Markdown em docs/aulas. Fonte operacional: arquivo real auditado. Manter conteudo, nome, numeracao e sequencia.";"ARQUIVO_REAL_DOCS_AULAS_AUDITORIA_POS_474";"Nao reescrever, nao renomear, nao deslocar numeracao e nao usar como ponto de retomada, exceto para contexto."
"382";"M14.27";"M14";"Spring Boot, REST APIs e backend profissional";"CONCLUIDA_GERADA";"Aula pratica guiada";"Versionamento de APIs compatibilidade e depreciacao";"382_M14_27_VERSIONAMENTO_DE_APIS_COMPATIBILIDADE_E_DEPRECIACAO_OFICIAL.md";"Aula ja gerada em Markdown em docs/aulas. Fonte operacional: arquivo real auditado. Manter conteudo, nome, numeracao e sequencia.";"ARQUIVO_REAL_DOCS_AULAS_AUDITORIA_POS_474";"Nao reescrever, nao renomear, nao deslocar numeracao e nao usar como ponto de retomada, exceto para contexto."
"383";"M14.28";"M14";"Spring Boot, REST APIs e backend profissional";"CONCLUIDA_GERADA";"Aula pratica guiada";"Profiles por ambiente e configuracao segura";"383_M14_28_PROFILES_POR_AMBIENTE_E_CONFIGURACAO_SEGURA_OFICIAL.md";"Aula ja gerada em Markdown em docs/aulas. Fonte operacional: arquivo real auditado. Manter conteudo, nome, numeracao e sequencia.";"ARQUIVO_REAL_DOCS_AULAS_AUDITORIA_POS_474";"Nao reescrever, nao renomear, nao deslocar numeracao e nao usar como ponto de retomada, exceto para contexto."
"384";"M14.29";"M14";"Spring Boot, REST APIs e backend profissional";"CONCLUIDA_GERADA";"Aula pratica guiada";"Logging em APIs";"384_M14_29_LOGGING_EM_APIS_OFICIAL.md";"Aula ja gerada em Markdown em docs/aulas. Fonte operacional: arquivo real auditado. Manter conteudo, nome, numeracao e sequencia.";"ARQUIVO_REAL_DOCS_AULAS_AUDITORIA_POS_474";"Nao reescrever, nao renomear, nao deslocar numeracao e nao usar como ponto de retomada, exceto para contexto."
"385";"M14.30";"M14";"Spring Boot, REST APIs e backend profissional";"CONCLUIDA_GERADA";"Aula pratica guiada";"Filters e interceptors";"385_M14_30_FILTERS_E_INTERCEPTORS_OFICIAL.md";"Aula ja gerada em Markdown em docs/aulas. Fonte operacional: arquivo real auditado. Manter conteudo, nome, numeracao e sequencia.";"ARQUIVO_REAL_DOCS_AULAS_AUDITORIA_POS_474";"Nao reescrever, nao renomear, nao deslocar numeracao e nao usar como ponto de retomada, exceto para contexto."
"386";"M14.31";"M14";"Spring Boot, REST APIs e backend profissional";"CONCLUIDA_GERADA";"Aula pratica guiada";"Eventos internos Spring";"386_M14_31_EVENTOS_INTERNOS_SPRING_OFICIAL.md";"Aula ja gerada em Markdown em docs/aulas. Fonte operacional: arquivo real auditado. Manter conteudo, nome, numeracao e sequencia.";"ARQUIVO_REAL_DOCS_AULAS_AUDITORIA_POS_474";"Nao reescrever, nao renomear, nao deslocar numeracao e nao usar como ponto de retomada, exceto para contexto."
"387";"M14.32";"M14";"Spring Boot, REST APIs e backend profissional";"CONCLUIDA_GERADA";"Aula pratica guiada";"Async no Spring";"387_M14_32_ASYNC_NO_SPRING_OFICIAL.md";"Aula ja gerada em Markdown em docs/aulas. Fonte operacional: arquivo real auditado. Manter conteudo, nome, numeracao e sequencia.";"ARQUIVO_REAL_DOCS_AULAS_AUDITORIA_POS_474";"Nao reescrever, nao renomear, nao deslocar numeracao e nao usar como ponto de retomada, exceto para contexto."
"388";"M14.33";"M14";"Spring Boot, REST APIs e backend profissional";"CONCLUIDA_GERADA";"Aula pratica guiada";"Cache com Spring Redis";"388_M14_33_CACHE_COM_SPRING_REDIS_OFICIAL.md";"Aula ja gerada em Markdown em docs/aulas. Fonte operacional: arquivo real auditado. Manter conteudo, nome, numeracao e sequencia.";"ARQUIVO_REAL_DOCS_AULAS_AUDITORIA_POS_474";"Nao reescrever, nao renomear, nao deslocar numeracao e nao usar como ponto de retomada, exceto para contexto."
"389";"M14.34";"M14";"Spring Boot, REST APIs e backend profissional";"CONCLUIDA_GERADA";"Aula pratica guiada";"Rate limiting";"389_M14_34_RATE_LIMITING_OFICIAL.md";"Aula ja gerada em Markdown em docs/aulas. Fonte operacional: arquivo real auditado. Manter conteudo, nome, numeracao e sequencia.";"ARQUIVO_REAL_DOCS_AULAS_AUDITORIA_POS_474";"Nao reescrever, nao renomear, nao deslocar numeracao e nao usar como ponto de retomada, exceto para contexto."
"390";"M14.35";"M14";"Spring Boot, REST APIs e backend profissional";"CONCLUIDA_GERADA";"Aula pratica guiada";"Upload download";"390_M14_35_UPLOAD_DOWNLOAD_OFICIAL.md";"Aula ja gerada em Markdown em docs/aulas. Fonte operacional: arquivo real auditado. Manter conteudo, nome, numeracao e sequencia.";"ARQUIVO_REAL_DOCS_AULAS_AUDITORIA_POS_474";"Nao reescrever, nao renomear, nao deslocar numeracao e nao usar como ponto de retomada, exceto para contexto."
"391";"M14.36";"M14";"Spring Boot, REST APIs e backend profissional";"CONCLUIDA_GERADA";"Aula pratica guiada";"Scheduler";"391_M14_36_SCHEDULER_OFICIAL.md";"Aula ja gerada em Markdown em docs/aulas. Fonte operacional: arquivo real auditado. Manter conteudo, nome, numeracao e sequencia.";"ARQUIVO_REAL_DOCS_AULAS_AUDITORIA_POS_474";"Nao reescrever, nao renomear, nao deslocar numeracao e nao usar como ponto de retomada, exceto para contexto."
"392";"M14.37";"M14";"Spring Boot, REST APIs e backend profissional";"CONCLUIDA_GERADA";"Aula pratica guiada";"Email e notificação simples";"392_M14_37_EMAIL_E_NOTIFICACAO_SIMPLES_OFICIAL.md";"Aula ja gerada em Markdown em docs/aulas. Fonte operacional: arquivo real auditado. Manter conteudo, nome, numeracao e sequencia.";"ARQUIVO_REAL_DOCS_AULAS_AUDITORIA_POS_474";"Nao reescrever, nao renomear, nao deslocar numeracao e nao usar como ponto de retomada, exceto para contexto."
"393";"M14.38";"M14";"Spring Boot, REST APIs e backend profissional";"CONCLUIDA_GERADA";"Aula pratica guiada";"Testes de controller com MockMvc";"393_M14_38_TESTES_DE_CONTROLLER_COM_MOCKMVC_OFICIAL.md";"Aula ja gerada em Markdown em docs/aulas. Fonte operacional: arquivo real auditado. Manter conteudo, nome, numeracao e sequencia.";"ARQUIVO_REAL_DOCS_AULAS_AUDITORIA_POS_474";"Nao reescrever, nao renomear, nao deslocar numeracao e nao usar como ponto de retomada, exceto para contexto."
"394";"M14.39";"M14";"Spring Boot, REST APIs e backend profissional";"CONCLUIDA_GERADA";"Aula pratica guiada";"Testes de service em Spring";"394_M14_39_TESTES_DE_SERVICE_EM_SPRING_OFICIAL.md";"Aula ja gerada em Markdown em docs/aulas. Fonte operacional: arquivo real auditado. Manter conteudo, nome, numeracao e sequencia.";"ARQUIVO_REAL_DOCS_AULAS_AUDITORIA_POS_474";"Nao reescrever, nao renomear, nao deslocar numeracao e nao usar como ponto de retomada, exceto para contexto."
"395";"M14.40";"M14";"Spring Boot, REST APIs e backend profissional";"CONCLUIDA_GERADA";"Aula pratica guiada";"Testes de integração Spring com Testcontainers";"395_M14_40_TESTES_DE_INTEGRACAO_SPRING_COM_TESTCONTAINERS_OFICIAL.md";"Aula ja gerada em Markdown em docs/aulas. Fonte operacional: arquivo real auditado. Manter conteudo, nome, numeracao e sequencia.";"ARQUIVO_REAL_DOCS_AULAS_AUDITORIA_POS_474";"Nao reescrever, nao renomear, nao deslocar numeracao e nao usar como ponto de retomada, exceto para contexto."
"396";"M14.41";"M14";"Spring Boot, REST APIs e backend profissional";"CONCLUIDA_GERADA";"Aula pratica guiada";"Testes de contrato introdução";"396_M14_41_TESTES_DE_CONTRATO_INTRODUCAO_OFICIAL.md";"Aula ja gerada em Markdown em docs/aulas. Fonte operacional: arquivo real auditado. Manter conteudo, nome, numeracao e sequencia.";"ARQUIVO_REAL_DOCS_AULAS_AUDITORIA_POS_474";"Nao reescrever, nao renomear, nao deslocar numeracao e nao usar como ponto de retomada, exceto para contexto."
"397";"M14.42";"M14";"Spring Boot, REST APIs e backend profissional";"CONCLUIDA_GERADA";"Aula pratica guiada";"Observabilidade inicial com Actuator";"397_M14_42_OBSERVABILIDADE_INICIAL_COM_ACTUATOR_OFICIAL.md";"Aula ja gerada em Markdown em docs/aulas. Fonte operacional: arquivo real auditado. Manter conteudo, nome, numeracao e sequencia.";"ARQUIVO_REAL_DOCS_AULAS_AUDITORIA_POS_474";"Nao reescrever, nao renomear, nao deslocar numeracao e nao usar como ponto de retomada, exceto para contexto."
"398";"M14.43";"M14";"Spring Boot, REST APIs e backend profissional";"PENDENTE_RECUPERACAO_ARQUIVO_AUSENTE";"Aula pratica guiada";"Health readiness liveness";"398_M14_43_HEALTH_READINESS_LIVENESS_OFICIAL.md";"Arquivo ausente em docs/aulas na auditoria pos-474. Deve ser reconstruido antes de gerar aula 475, usando a ponte da aula 397 e a abertura da aula 399: health, liveness, readiness, /livez, /readyz, ApplicationAvailability, grupos de health e probes operacionais, sem Kubernetes profundo.";"AUDITORIA_DOCS_AULAS_POS_474_GAP_REAL";"Primeiro recuperar esta aula faltante. Depois validar e somente entao continuar para a aula 475."
"399";"M14.44";"M14";"Spring Boot, REST APIs e backend profissional";"CONCLUIDA_GERADA";"Aula pratica guiada";"Dockerizando API Spring";"399_M14_44_DOCKERIZANDO_API_SPRING_OFICIAL.md";"Aula ja gerada em Markdown em docs/aulas. Fonte operacional: arquivo real auditado. Manter conteudo, nome, numeracao e sequencia.";"ARQUIVO_REAL_DOCS_AULAS_AUDITORIA_POS_474";"Nao reescrever, nao renomear, nao deslocar numeracao e nao usar como ponto de retomada, exceto para contexto."
"400";"M14.45";"M14";"Spring Boot, REST APIs e backend profissional";"CONCLUIDA_GERADA";"Aula pratica guiada";"Compose API PostgreSQL Redis";"400_M14_45_COMPOSE_API_POSTGRESQL_REDIS_OFICIAL.md";"Aula ja gerada em Markdown em docs/aulas. Fonte operacional: arquivo real auditado. Manter conteudo, nome, numeracao e sequencia.";"ARQUIVO_REAL_DOCS_AULAS_AUDITORIA_POS_474";"Nao reescrever, nao renomear, nao deslocar numeracao e nao usar como ponto de retomada, exceto para contexto."
"401";"M14.46";"M14";"Spring Boot, REST APIs e backend profissional";"CONCLUIDA_GERADA";"Aula pratica guiada";"Coleção Postman/Insomnia profissional";"401_M14_46_COLECAO_POSTMAN_INSOMNIA_PROFISSIONAL_OFICIAL.md";"Aula ja gerada em Markdown em docs/aulas. Fonte operacional: arquivo real auditado. Manter conteudo, nome, numeracao e sequencia.";"ARQUIVO_REAL_DOCS_AULAS_AUDITORIA_POS_474";"Nao reescrever, nao renomear, nao deslocar numeracao e nao usar como ponto de retomada, exceto para contexto."
"402";"M14.47";"M14";"Spring Boot, REST APIs e backend profissional";"CONCLUIDA_GERADA";"Aula pratica guiada";"Documentação técnica da API";"402_M14_47_DOCUMENTACAO_TECNICA_DA_API_OFICIAL.md";"Aula ja gerada em Markdown em docs/aulas. Fonte operacional: arquivo real auditado. Manter conteudo, nome, numeracao e sequencia.";"ARQUIVO_REAL_DOCS_AULAS_AUDITORIA_POS_474";"Nao reescrever, nao renomear, nao deslocar numeracao e nao usar como ponto de retomada, exceto para contexto."
"403";"M14.48";"M14";"Spring Boot, REST APIs e backend profissional";"CONCLUIDA_GERADA";"Aula pratica guiada";"Erros comuns em API REST";"403_M14_48_ERROS_COMUNS_EM_API_REST_OFICIAL.md";"Aula ja gerada em Markdown em docs/aulas. Fonte operacional: arquivo real auditado. Manter conteudo, nome, numeracao e sequencia.";"ARQUIVO_REAL_DOCS_AULAS_AUDITORIA_POS_474";"Nao reescrever, nao renomear, nao deslocar numeracao e nao usar como ponto de retomada, exceto para contexto."
"404";"M14.49";"M14";"Spring Boot, REST APIs e backend profissional";"CONCLUIDA_GERADA";"Aula pratica guiada";"Checklist de produção inicial";"404_M14_49_CHECKLIST_DE_PRODUCAO_INICIAL_OFICIAL.md";"Aula ja gerada em Markdown em docs/aulas. Fonte operacional: arquivo real auditado. Manter conteudo, nome, numeracao e sequencia.";"ARQUIVO_REAL_DOCS_AULAS_AUDITORIA_POS_474";"Nao reescrever, nao renomear, nao deslocar numeracao e nao usar como ponto de retomada, exceto para contexto."
"405";"M14.50";"M14";"Spring Boot, REST APIs e backend profissional";"CONCLUIDA_GERADA";"Projeto pratico guiado";"Projeto API OS parte 1 dominio e CRUD";"405_M14_50_PROJETO_API_OS_PARTE_1_DOMINIO_E_CRUD_OFICIAL.md";"Aula ja gerada em Markdown em docs/aulas. Fonte operacional: arquivo real auditado. Manter conteudo, nome, numeracao e sequencia.";"ARQUIVO_REAL_DOCS_AULAS_AUDITORIA_POS_474";"Nao reescrever, nao renomear, nao deslocar numeracao e nao usar como ponto de retomada, exceto para contexto."
"406";"M14.51";"M14";"Spring Boot, REST APIs e backend profissional";"CONCLUIDA_GERADA";"Projeto pratico guiado";"Projeto API OS parte 2 validacoes e erros";"406_M14_51_PROJETO_API_OS_PARTE_2_VALIDACOES_E_ERROS_OFICIAL.md";"Aula ja gerada em Markdown em docs/aulas. Fonte operacional: arquivo real auditado. Manter conteudo, nome, numeracao e sequencia.";"ARQUIVO_REAL_DOCS_AULAS_AUDITORIA_POS_474";"Nao reescrever, nao renomear, nao deslocar numeracao e nao usar como ponto de retomada, exceto para contexto."
"407";"M14.52";"M14";"Spring Boot, REST APIs e backend profissional";"CONCLUIDA_GERADA";"Projeto pratico guiado";"Projeto API OS parte 3 persistencia e filtros";"407_M14_52_PROJETO_API_OS_PARTE_3_PERSISTENCIA_E_FILTROS_OFICIAL.md";"Aula ja gerada em Markdown em docs/aulas. Fonte operacional: arquivo real auditado. Manter conteudo, nome, numeracao e sequencia.";"ARQUIVO_REAL_DOCS_AULAS_AUDITORIA_POS_474";"Nao reescrever, nao renomear, nao deslocar numeracao e nao usar como ponto de retomada, exceto para contexto."
"408";"M14.53";"M14";"Spring Boot, REST APIs e backend profissional";"CONCLUIDA_GERADA";"Projeto pratico guiado";"Projeto API OS parte 4 testes e documentacao";"408_M14_53_PROJETO_API_OS_PARTE_4_TESTES_E_DOCUMENTACAO_OFICIAL.md";"Aula ja gerada em Markdown em docs/aulas. Fonte operacional: arquivo real auditado. Manter conteudo, nome, numeracao e sequencia.";"ARQUIVO_REAL_DOCS_AULAS_AUDITORIA_POS_474";"Nao reescrever, nao renomear, nao deslocar numeracao e nao usar como ponto de retomada, exceto para contexto."
"409";"M14.54";"M14";"Spring Boot, REST APIs e backend profissional";"CONCLUIDA_GERADA";"Revisao tecnica";"Revisao tecnica Spring Boot APIs";"409_M14_54_REVISAO_TECNICA_SPRING_BOOT_APIS_OFICIAL.md";"Aula ja gerada em Markdown em docs/aulas. Fonte operacional: arquivo real auditado. Manter conteudo, nome, numeracao e sequencia.";"ARQUIVO_REAL_DOCS_AULAS_AUDITORIA_POS_474";"Nao reescrever, nao renomear, nao deslocar numeracao e nao usar como ponto de retomada, exceto para contexto."
"410";"M14.55";"M14";"Spring Boot, REST APIs e backend profissional";"CONCLUIDA_GERADA";"Fechamento de modulo";"Fechamento do Modulo 14 Spring Boot";"410_M14_55_FECHAMENTO_DO_MODULO_14_SPRING_BOOT_OFICIAL.md";"Aula ja gerada em Markdown em docs/aulas. Fonte operacional: arquivo real auditado. Manter conteudo, nome, numeracao e sequencia.";"ARQUIVO_REAL_DOCS_AULAS_AUDITORIA_POS_474";"Nao reescrever, nao renomear, nao deslocar numeracao e nao usar como ponto de retomada, exceto para contexto."
"411";"M15.01";"M15";"Seguranca de aplicacoes Java";"CONCLUIDA_GERADA";"Aula pratica guiada";"Fundamentos seguranca web";"411_M15_01_FUNDAMENTOS_SEGURANCA_WEB_OFICIAL.md";"Aula ja gerada em Markdown em docs/aulas. Fonte operacional: arquivo real auditado. Manter conteudo, nome, numeracao e sequencia.";"ARQUIVO_REAL_DOCS_AULAS_AUDITORIA_POS_474";"Nao reescrever, nao renomear, nao deslocar numeracao e nao usar como ponto de retomada, exceto para contexto."
"412";"M15.02";"M15";"Seguranca de aplicacoes Java";"CONCLUIDA_GERADA";"Aula pratica guiada";"Threat modeling inicial";"412_M15_02_THREAT_MODELING_INICIAL_OFICIAL.md";"Aula ja gerada em Markdown em docs/aulas. Fonte operacional: arquivo real auditado. Manter conteudo, nome, numeracao e sequencia.";"ARQUIVO_REAL_DOCS_AULAS_AUDITORIA_POS_474";"Nao reescrever, nao renomear, nao deslocar numeracao e nao usar como ponto de retomada, exceto para contexto."
"413";"M15.03";"M15";"Seguranca de aplicacoes Java";"CONCLUIDA_GERADA";"Aula pratica guiada";"OWASP Top 10 aplicado";"413_M15_03_OWASP_TOP_10_APLICADO_OFICIAL.md";"Aula ja gerada em Markdown em docs/aulas. Fonte operacional: arquivo real auditado. Manter conteudo, nome, numeracao e sequencia.";"ARQUIVO_REAL_DOCS_AULAS_AUDITORIA_POS_474";"Nao reescrever, nao renomear, nao deslocar numeracao e nao usar como ponto de retomada, exceto para contexto."
"414";"M15.04";"M15";"Seguranca de aplicacoes Java";"CONCLUIDA_GERADA";"Aula pratica guiada";"CORS profundo";"414_M15_04_CORS_PROFUNDO_OFICIAL.md";"Aula ja gerada em Markdown em docs/aulas. Fonte operacional: arquivo real auditado. Manter conteudo, nome, numeracao e sequencia.";"ARQUIVO_REAL_DOCS_AULAS_AUDITORIA_POS_474";"Nao reescrever, nao renomear, nao deslocar numeracao e nao usar como ponto de retomada, exceto para contexto."
"415";"M15.05";"M15";"Seguranca de aplicacoes Java";"CONCLUIDA_GERADA";"Aula pratica guiada";"CSRF quando importa em APIs";"415_M15_05_CSRF_QUANDO_IMPORTA_EM_APIS_OFICIAL.md";"Aula ja gerada em Markdown em docs/aulas. Fonte operacional: arquivo real auditado. Manter conteudo, nome, numeracao e sequencia.";"ARQUIVO_REAL_DOCS_AULAS_AUDITORIA_POS_474";"Nao reescrever, nao renomear, nao deslocar numeracao e nao usar como ponto de retomada, exceto para contexto."
"416";"M15.06";"M15";"Seguranca de aplicacoes Java";"CONCLUIDA_GERADA";"Aula pratica guiada";"Security headers";"416_M15_06_SECURITY_HEADERS_OFICIAL.md";"Aula ja gerada em Markdown em docs/aulas. Fonte operacional: arquivo real auditado. Manter conteudo, nome, numeracao e sequencia.";"ARQUIVO_REAL_DOCS_AULAS_AUDITORIA_POS_474";"Nao reescrever, nao renomear, nao deslocar numeracao e nao usar como ponto de retomada, exceto para contexto."
"417";"M15.07";"M15";"Seguranca de aplicacoes Java";"CONCLUIDA_GERADA";"Aula pratica guiada";"Hash de senha BCrypt Argon2 conceitual";"417_M15_07_HASH_DE_SENHA_BCRYPT_ARGON2_CONCEITUAL_OFICIAL.md";"Aula ja gerada em Markdown em docs/aulas. Fonte operacional: arquivo real auditado. Manter conteudo, nome, numeracao e sequencia.";"ARQUIVO_REAL_DOCS_AULAS_AUDITORIA_POS_474";"Nao reescrever, nao renomear, nao deslocar numeracao e nao usar como ponto de retomada, exceto para contexto."
"418";"M15.08";"M15";"Seguranca de aplicacoes Java";"CONCLUIDA_GERADA";"Aula pratica guiada";"Spring Security arquitetura";"418_M15_08_SPRING_SECURITY_ARQUITETURA_OFICIAL.md";"Aula ja gerada em Markdown em docs/aulas. Fonte operacional: arquivo real auditado. Manter conteudo, nome, numeracao e sequencia.";"ARQUIVO_REAL_DOCS_AULAS_AUDITORIA_POS_474";"Nao reescrever, nao renomear, nao deslocar numeracao e nao usar como ponto de retomada, exceto para contexto."
"419";"M15.09";"M15";"Seguranca de aplicacoes Java";"CONCLUIDA_GERADA";"Aula pratica guiada";"SecurityFilterChain";"419_M15_09_SECURITYFILTERCHAIN_OFICIAL.md";"Aula ja gerada em Markdown em docs/aulas. Fonte operacional: arquivo real auditado. Manter conteudo, nome, numeracao e sequencia.";"ARQUIVO_REAL_DOCS_AULAS_AUDITORIA_POS_474";"Nao reescrever, nao renomear, nao deslocar numeracao e nao usar como ponto de retomada, exceto para contexto."
"420";"M15.10";"M15";"Seguranca de aplicacoes Java";"CONCLUIDA_GERADA";"Aula pratica guiada";"Login basico usuario em memoria";"420_M15_10_LOGIN_BASICO_USUARIO_EM_MEMORIA_OFICIAL.md";"Aula ja gerada em Markdown em docs/aulas. Fonte operacional: arquivo real auditado. Manter conteudo, nome, numeracao e sequencia.";"ARQUIVO_REAL_DOCS_AULAS_AUDITORIA_POS_474";"Nao reescrever, nao renomear, nao deslocar numeracao e nao usar como ponto de retomada, exceto para contexto."
"421";"M15.11";"M15";"Seguranca de aplicacoes Java";"CONCLUIDA_GERADA";"Aula pratica guiada";"Autenticacao com banco";"421_M15_11_AUTENTICACAO_COM_BANCO_OFICIAL.md";"Aula ja gerada em Markdown em docs/aulas. Fonte operacional: arquivo real auditado. Manter conteudo, nome, numeracao e sequencia.";"ARQUIVO_REAL_DOCS_AULAS_AUDITORIA_POS_474";"Nao reescrever, nao renomear, nao deslocar numeracao e nao usar como ponto de retomada, exceto para contexto."
"422";"M15.12";"M15";"Seguranca de aplicacoes Java";"CONCLUIDA_GERADA";"Aula pratica guiada";"JWT conceitos header payload signature";"422_M15_12_JWT_CONCEITOS_HEADER_PAYLOAD_SIGNATURE_OFICIAL.md";"Aula ja gerada em Markdown em docs/aulas. Fonte operacional: arquivo real auditado. Manter conteudo, nome, numeracao e sequencia.";"ARQUIVO_REAL_DOCS_AULAS_AUDITORIA_POS_474";"Nao reescrever, nao renomear, nao deslocar numeracao e nao usar como ponto de retomada, exceto para contexto."
"423";"M15.13";"M15";"Seguranca de aplicacoes Java";"CONCLUIDA_GERADA";"Aula pratica guiada";"JWT implementacao login";"423_M15_13_JWT_IMPLEMENTACAO_LOGIN_OFICIAL.md";"Aula ja gerada em Markdown em docs/aulas. Fonte operacional: arquivo real auditado. Manter conteudo, nome, numeracao e sequencia.";"ARQUIVO_REAL_DOCS_AULAS_AUDITORIA_POS_474";"Nao reescrever, nao renomear, nao deslocar numeracao e nao usar como ponto de retomada, exceto para contexto."
"424";"M15.14";"M15";"Seguranca de aplicacoes Java";"CONCLUIDA_GERADA";"Aula pratica guiada";"Validacao de token e filtros";"424_M15_14_VALIDACAO_DE_TOKEN_E_FILTROS_OFICIAL.md";"Aula ja gerada em Markdown em docs/aulas. Fonte operacional: arquivo real auditado. Manter conteudo, nome, numeracao e sequencia.";"ARQUIVO_REAL_DOCS_AULAS_AUDITORIA_POS_474";"Nao reescrever, nao renomear, nao deslocar numeracao e nao usar como ponto de retomada, exceto para contexto."
"425";"M15.15";"M15";"Seguranca de aplicacoes Java";"CONCLUIDA_GERADA";"Aula pratica guiada";"Refresh token";"425_M15_15_REFRESH_TOKEN_OFICIAL.md";"Aula ja gerada em Markdown em docs/aulas. Fonte operacional: arquivo real auditado. Manter conteudo, nome, numeracao e sequencia.";"ARQUIVO_REAL_DOCS_AULAS_AUDITORIA_POS_474";"Nao reescrever, nao renomear, nao deslocar numeracao e nao usar como ponto de retomada, exceto para contexto."
"426";"M15.16";"M15";"Seguranca de aplicacoes Java";"CONCLUIDA_GERADA";"Aula pratica guiada";"Roles authorities e permissoes";"426_M15_16_ROLES_AUTHORITIES_E_PERMISSOES_OFICIAL.md";"Aula ja gerada em Markdown em docs/aulas. Fonte operacional: arquivo real auditado. Manter conteudo, nome, numeracao e sequencia.";"ARQUIVO_REAL_DOCS_AULAS_AUDITORIA_POS_474";"Nao reescrever, nao renomear, nao deslocar numeracao e nao usar como ponto de retomada, exceto para contexto."
"427";"M15.17";"M15";"Seguranca de aplicacoes Java";"CONCLUIDA_GERADA";"Aula pratica guiada";"Method Security";"427_M15_17_METHOD_SECURITY_OFICIAL.md";"Aula ja gerada em Markdown em docs/aulas. Fonte operacional: arquivo real auditado. Manter conteudo, nome, numeracao e sequencia.";"ARQUIVO_REAL_DOCS_AULAS_AUDITORIA_POS_474";"Nao reescrever, nao renomear, nao deslocar numeracao e nao usar como ponto de retomada, exceto para contexto."
"428";"M15.18";"M15";"Seguranca de aplicacoes Java";"CONCLUIDA_GERADA";"Aula pratica guiada";"Autorizacao por regra de negocio";"428_M15_18_AUTORIZACAO_POR_REGRA_DE_NEGOCIO_OFICIAL.md";"Aula ja gerada em Markdown em docs/aulas. Fonte operacional: arquivo real auditado. Manter conteudo, nome, numeracao e sequencia.";"ARQUIVO_REAL_DOCS_AULAS_AUDITORIA_POS_474";"Nao reescrever, nao renomear, nao deslocar numeracao e nao usar como ponto de retomada, exceto para contexto."
"429";"M15.19";"M15";"Seguranca de aplicacoes Java";"CONCLUIDA_GERADA";"Aula pratica guiada";"Erros de autenticacao e autorizacao";"429_M15_19_ERROS_DE_AUTENTICACAO_E_AUTORIZACAO_OFICIAL.md";"Aula ja gerada em Markdown em docs/aulas. Fonte operacional: arquivo real auditado. Manter conteudo, nome, numeracao e sequencia.";"ARQUIVO_REAL_DOCS_AULAS_AUDITORIA_POS_474";"Nao reescrever, nao renomear, nao deslocar numeracao e nao usar como ponto de retomada, exceto para contexto."
"430";"M15.20";"M15";"Seguranca de aplicacoes Java";"CONCLUIDA_GERADA";"Aula pratica guiada";"Auditoria de acoes sensiveis";"430_M15_20_AUDITORIA_DE_ACOES_SENSIVEIS_OFICIAL.md";"Aula ja gerada em Markdown em docs/aulas. Fonte operacional: arquivo real auditado. Manter conteudo, nome, numeracao e sequencia.";"ARQUIVO_REAL_DOCS_AULAS_AUDITORIA_POS_474";"Nao reescrever, nao renomear, nao deslocar numeracao e nao usar como ponto de retomada, exceto para contexto."
"431";"M15.21";"M15";"Seguranca de aplicacoes Java";"CONCLUIDA_GERADA";"Aula pratica guiada";"Secrets management";"431_M15_21_SECRETS_MANAGEMENT_OFICIAL.md";"Aula ja gerada em Markdown em docs/aulas. Fonte operacional: arquivo real auditado. Manter conteudo, nome, numeracao e sequencia.";"ARQUIVO_REAL_DOCS_AULAS_AUDITORIA_POS_474";"Nao reescrever, nao renomear, nao deslocar numeracao e nao usar como ponto de retomada, exceto para contexto."
"432";"M15.22";"M15";"Seguranca de aplicacoes Java";"CONCLUIDA_GERADA";"Aula pratica guiada";"OAuth2 fundamentos";"432_M15_22_OAUTH2_FUNDAMENTOS_OFICIAL.md";"Aula ja gerada em Markdown em docs/aulas. Fonte operacional: arquivo real auditado. Manter conteudo, nome, numeracao e sequencia.";"ARQUIVO_REAL_DOCS_AULAS_AUDITORIA_POS_474";"Nao reescrever, nao renomear, nao deslocar numeracao e nao usar como ponto de retomada, exceto para contexto."
"433";"M15.23";"M15";"Seguranca de aplicacoes Java";"CONCLUIDA_GERADA";"Aula pratica guiada";"OpenID Connect";"433_M15_23_OPENID_CONNECT_OFICIAL.md";"Aula ja gerada em Markdown em docs/aulas. Fonte operacional: arquivo real auditado. Manter conteudo, nome, numeracao e sequencia.";"ARQUIVO_REAL_DOCS_AULAS_AUDITORIA_POS_474";"Nao reescrever, nao renomear, nao deslocar numeracao e nao usar como ponto de retomada, exceto para contexto."
"434";"M15.24";"M15";"Seguranca de aplicacoes Java";"CONCLUIDA_GERADA";"Aula pratica guiada";"PKCE";"434_M15_24_PKCE_OFICIAL.md";"Aula ja gerada em Markdown em docs/aulas. Fonte operacional: arquivo real auditado. Manter conteudo, nome, numeracao e sequencia.";"ARQUIVO_REAL_DOCS_AULAS_AUDITORIA_POS_474";"Nao reescrever, nao renomear, nao deslocar numeracao e nao usar como ponto de retomada, exceto para contexto."
"435";"M15.25";"M15";"Seguranca de aplicacoes Java";"CONCLUIDA_GERADA";"Aula pratica guiada";"Keycloak ambiente local";"435_M15_25_KEYCLOAK_AMBIENTE_LOCAL_OFICIAL.md";"Aula ja gerada em Markdown em docs/aulas. Fonte operacional: arquivo real auditado. Manter conteudo, nome, numeracao e sequencia.";"ARQUIVO_REAL_DOCS_AULAS_AUDITORIA_POS_474";"Nao reescrever, nao renomear, nao deslocar numeracao e nao usar como ponto de retomada, exceto para contexto."
"436";"M15.26";"M15";"Seguranca de aplicacoes Java";"CONCLUIDA_GERADA";"Aula pratica guiada";"Login com Keycloak";"436_M15_26_LOGIN_COM_KEYCLOAK_OFICIAL.md";"Aula ja gerada em Markdown em docs/aulas. Fonte operacional: arquivo real auditado. Manter conteudo, nome, numeracao e sequencia.";"ARQUIVO_REAL_DOCS_AULAS_AUDITORIA_POS_474";"Nao reescrever, nao renomear, nao deslocar numeracao e nao usar como ponto de retomada, exceto para contexto."
"437";"M15.27";"M15";"Seguranca de aplicacoes Java";"CONCLUIDA_GERADA";"Aula pratica guiada";"Multi tenancy seguranca";"437_M15_27_MULTI_TENANCY_SEGURANCA_OFICIAL.md";"Aula ja gerada em Markdown em docs/aulas. Fonte operacional: arquivo real auditado. Manter conteudo, nome, numeracao e sequencia.";"ARQUIVO_REAL_DOCS_AULAS_AUDITORIA_POS_474";"Nao reescrever, nao renomear, nao deslocar numeracao e nao usar como ponto de retomada, exceto para contexto."
"438";"M15.28";"M15";"Seguranca de aplicacoes Java";"CONCLUIDA_GERADA";"Aula pratica guiada";"LGPD para backend";"438_M15_28_LGPD_PARA_BACKEND_OFICIAL.md";"Aula ja gerada em Markdown em docs/aulas. Fonte operacional: arquivo real auditado. Manter conteudo, nome, numeracao e sequencia.";"ARQUIVO_REAL_DOCS_AULAS_AUDITORIA_POS_474";"Nao reescrever, nao renomear, nao deslocar numeracao e nao usar como ponto de retomada, exceto para contexto."
"439";"M15.29";"M15";"Seguranca de aplicacoes Java";"CONCLUIDA_GERADA";"Aula pratica guiada";"Rate limiting seguranca";"439_M15_29_RATE_LIMITING_SEGURANCA_OFICIAL.md";"Aula ja gerada em Markdown em docs/aulas. Fonte operacional: arquivo real auditado. Manter conteudo, nome, numeracao e sequencia.";"ARQUIVO_REAL_DOCS_AULAS_AUDITORIA_POS_474";"Nao reescrever, nao renomear, nao deslocar numeracao e nao usar como ponto de retomada, exceto para contexto."
"440";"M15.30";"M15";"Seguranca de aplicacoes Java";"CONCLUIDA_GERADA";"Aula pratica guiada";"Protecao contra mass assignment";"440_M15_30_PROTECAO_CONTRA_MASS_ASSIGNMENT_OFICIAL.md";"Aula ja gerada em Markdown em docs/aulas. Fonte operacional: arquivo real auditado. Manter conteudo, nome, numeracao e sequencia.";"ARQUIVO_REAL_DOCS_AULAS_AUDITORIA_POS_474";"Nao reescrever, nao renomear, nao deslocar numeracao e nao usar como ponto de retomada, exceto para contexto."
"441";"M15.31";"M15";"Seguranca de aplicacoes Java";"CONCLUIDA_GERADA";"Aula pratica guiada";"Seguranca em DTOs e logs";"441_M15_31_SEGURANCA_EM_DTOS_E_LOGS_OFICIAL.md";"Aula ja gerada em Markdown em docs/aulas. Fonte operacional: arquivo real auditado. Manter conteudo, nome, numeracao e sequencia.";"ARQUIVO_REAL_DOCS_AULAS_AUDITORIA_POS_474";"Nao reescrever, nao renomear, nao deslocar numeracao e nao usar como ponto de retomada, exceto para contexto."
"442";"M15.32";"M15";"Seguranca de aplicacoes Java";"CONCLUIDA_GERADA";"Aula pratica guiada";"Vulnerabilidades em dependencias";"442_M15_32_VULNERABILIDADES_EM_DEPENDENCIAS_OFICIAL.md";"Aula ja gerada em Markdown em docs/aulas. Fonte operacional: arquivo real auditado. Manter conteudo, nome, numeracao e sequencia.";"ARQUIVO_REAL_DOCS_AULAS_AUDITORIA_POS_474";"Nao reescrever, nao renomear, nao deslocar numeracao e nao usar como ponto de retomada, exceto para contexto."
"443";"M15.33";"M15";"Seguranca de aplicacoes Java";"CONCLUIDA_GERADA";"Aula pratica guiada";"Testes de seguranca";"443_M15_33_TESTES_DE_SEGURANCA_OFICIAL.md";"Aula ja gerada em Markdown em docs/aulas. Fonte operacional: arquivo real auditado. Manter conteudo, nome, numeracao e sequencia.";"ARQUIVO_REAL_DOCS_AULAS_AUDITORIA_POS_474";"Nao reescrever, nao renomear, nao deslocar numeracao e nao usar como ponto de retomada, exceto para contexto."
"444";"M15.34";"M15";"Seguranca de aplicacoes Java";"CONCLUIDA_GERADA";"Aula pratica guiada";"Testes de autorizacao";"444_M15_34_TESTES_DE_AUTORIZACAO_OFICIAL.md";"Aula ja gerada em Markdown em docs/aulas. Fonte operacional: arquivo real auditado. Manter conteudo, nome, numeracao e sequencia.";"ARQUIVO_REAL_DOCS_AULAS_AUDITORIA_POS_474";"Nao reescrever, nao renomear, nao deslocar numeracao e nao usar como ponto de retomada, exceto para contexto."
"445";"M15.35";"M15";"Seguranca de aplicacoes Java";"CONCLUIDA_GERADA";"Aula pratica guiada";"Hardening de API";"445_M15_35_HARDENING_DE_API_OFICIAL.md";"Aula ja gerada em Markdown em docs/aulas. Fonte operacional: arquivo real auditado. Manter conteudo, nome, numeracao e sequencia.";"ARQUIVO_REAL_DOCS_AULAS_AUDITORIA_POS_474";"Nao reescrever, nao renomear, nao deslocar numeracao e nao usar como ponto de retomada, exceto para contexto."
"446";"M15.36";"M15";"Seguranca de aplicacoes Java";"CONCLUIDA_GERADA";"Aula pratica guiada";"Checklist seguranca em PR";"446_M15_36_CHECKLIST_SEGURANCA_EM_PR_OFICIAL.md";"Aula ja gerada em Markdown em docs/aulas. Fonte operacional: arquivo real auditado. Manter conteudo, nome, numeracao e sequencia.";"ARQUIVO_REAL_DOCS_AULAS_AUDITORIA_POS_474";"Nao reescrever, nao renomear, nao deslocar numeracao e nao usar como ponto de retomada, exceto para contexto."
"447";"M15.37";"M15";"Seguranca de aplicacoes Java";"CONCLUIDA_GERADA";"Projeto pratico guiado";"Projeto API segura parte 1";"447_M15_37_PROJETO_API_SEGURA_PARTE_1_OFICIAL.md";"Aula ja gerada em Markdown em docs/aulas. Fonte operacional: arquivo real auditado. Manter conteudo, nome, numeracao e sequencia.";"ARQUIVO_REAL_DOCS_AULAS_AUDITORIA_POS_474";"Nao reescrever, nao renomear, nao deslocar numeracao e nao usar como ponto de retomada, exceto para contexto."
"448";"M15.38";"M15";"Seguranca de aplicacoes Java";"CONCLUIDA_GERADA";"Projeto pratico guiado";"Projeto API segura parte 2";"448_M15_38_PROJETO_API_SEGURA_PARTE_2_OFICIAL.md";"Aula ja gerada em Markdown em docs/aulas. Fonte operacional: arquivo real auditado. Manter conteudo, nome, numeracao e sequencia.";"ARQUIVO_REAL_DOCS_AULAS_AUDITORIA_POS_474";"Nao reescrever, nao renomear, nao deslocar numeracao e nao usar como ponto de retomada, exceto para contexto."
"449";"M15.39";"M15";"Seguranca de aplicacoes Java";"CONCLUIDA_GERADA";"Projeto pratico guiado";"Projeto API segura parte 3";"449_M15_39_PROJETO_API_SEGURA_PARTE_3_OFICIAL.md";"Aula ja gerada em Markdown em docs/aulas. Fonte operacional: arquivo real auditado. Manter conteudo, nome, numeracao e sequencia.";"ARQUIVO_REAL_DOCS_AULAS_AUDITORIA_POS_474";"Nao reescrever, nao renomear, nao deslocar numeracao e nao usar como ponto de retomada, exceto para contexto."
"450";"M15.40";"M15";"Seguranca de aplicacoes Java";"CONCLUIDA_GERADA";"Revisao tecnica";"Revisao seguranca parte 1";"450_M15_40_REVISAO_SEGURANCA_PARTE_1_OFICIAL.md";"Aula ja gerada em Markdown em docs/aulas. Fonte operacional: arquivo real auditado. Manter conteudo, nome, numeracao e sequencia.";"ARQUIVO_REAL_DOCS_AULAS_AUDITORIA_POS_474";"Nao reescrever, nao renomear, nao deslocar numeracao e nao usar como ponto de retomada, exceto para contexto."
"451";"M15.41";"M15";"Seguranca de aplicacoes Java";"CONCLUIDA_GERADA";"Revisao tecnica";"Revisao seguranca parte 2";"451_M15_41_REVISAO_SEGURANCA_PARTE_2_OFICIAL.md";"Aula ja gerada em Markdown em docs/aulas. Fonte operacional: arquivo real auditado. Manter conteudo, nome, numeracao e sequencia.";"ARQUIVO_REAL_DOCS_AULAS_AUDITORIA_POS_474";"Nao reescrever, nao renomear, nao deslocar numeracao e nao usar como ponto de retomada, exceto para contexto."
"452";"M15.42";"M15";"Seguranca de aplicacoes Java";"CONCLUIDA_GERADA";"Avaliacao pratica";"Prova pratica seguranca";"452_M15_42_PROVA_PRATICA_SEGURANCA_OFICIAL.md";"Aula ja gerada em Markdown em docs/aulas. Fonte operacional: arquivo real auditado. Manter conteudo, nome, numeracao e sequencia.";"ARQUIVO_REAL_DOCS_AULAS_AUDITORIA_POS_474";"Nao reescrever, nao renomear, nao deslocar numeracao e nao usar como ponto de retomada, exceto para contexto."
"453";"M15.43";"M15";"Seguranca de aplicacoes Java";"CONCLUIDA_GERADA";"Aula pratica guiada";"Refatoracao final seguranca";"453_M15_43_REFATORACAO_FINAL_SEGURANCA_OFICIAL.md";"Aula ja gerada em Markdown em docs/aulas. Fonte operacional: arquivo real auditado. Manter conteudo, nome, numeracao e sequencia.";"ARQUIVO_REAL_DOCS_AULAS_AUDITORIA_POS_474";"Nao reescrever, nao renomear, nao deslocar numeracao e nao usar como ponto de retomada, exceto para contexto."
"454";"M15.44";"M15";"Seguranca de aplicacoes Java";"CONCLUIDA_GERADA";"Aula ensinavel";"Aula ensinavel seguranca";"454_M15_44_AULA_ENSINAVEL_SEGURANCA_OFICIAL.md";"Aula ja gerada em Markdown em docs/aulas. Fonte operacional: arquivo real auditado. Manter conteudo, nome, numeracao e sequencia.";"ARQUIVO_REAL_DOCS_AULAS_AUDITORIA_POS_474";"Nao reescrever, nao renomear, nao deslocar numeracao e nao usar como ponto de retomada, exceto para contexto."
"455";"M15.45";"M15";"Seguranca de aplicacoes Java";"CONCLUIDA_GERADA";"Fechamento de modulo";"Fechamento do Modulo 15";"455_M15_45_FECHAMENTO_DO_MODULO_15_OFICIAL.md";"Aula ja gerada em Markdown em docs/aulas. Fonte operacional: arquivo real auditado. Manter conteudo, nome, numeracao e sequencia.";"ARQUIVO_REAL_DOCS_AULAS_AUDITORIA_POS_474";"Nao reescrever, nao renomear, nao deslocar numeracao e nao usar como ponto de retomada, exceto para contexto."
"456";"M16.01";"M16";"Integracoes, mensageria, eventos e resiliencia";"CONCLUIDA_GERADA";"Aula pratica guiada";"Integracoes HTTP entre sistemas";"456_M16_01_INTEGRACOES_HTTP_ENTRE_SISTEMAS_OFICIAL.md";"Aula ja gerada em Markdown em docs/aulas. Fonte operacional: arquivo real auditado. Manter conteudo, nome, numeracao e sequencia.";"ARQUIVO_REAL_DOCS_AULAS_AUDITORIA_POS_474";"Nao reescrever, nao renomear, nao deslocar numeracao e nao usar como ponto de retomada, exceto para contexto."
"457";"M16.02";"M16";"Integracoes, mensageria, eventos e resiliencia";"CONCLUIDA_GERADA";"Aula pratica guiada";"RestClient";"457_M16_02_RESTCLIENT_OFICIAL.md";"Aula ja gerada em Markdown em docs/aulas. Fonte operacional: arquivo real auditado. Manter conteudo, nome, numeracao e sequencia.";"ARQUIVO_REAL_DOCS_AULAS_AUDITORIA_POS_474";"Nao reescrever, nao renomear, nao deslocar numeracao e nao usar como ponto de retomada, exceto para contexto."
"458";"M16.03";"M16";"Integracoes, mensageria, eventos e resiliencia";"CONCLUIDA_GERADA";"Aula pratica guiada";"WebClient";"458_M16_03_WEBCLIENT_OFICIAL.md";"Aula ja gerada em Markdown em docs/aulas. Fonte operacional: arquivo real auditado. Manter conteudo, nome, numeracao e sequencia.";"ARQUIVO_REAL_DOCS_AULAS_AUDITORIA_POS_474";"Nao reescrever, nao renomear, nao deslocar numeracao e nao usar como ponto de retomada, exceto para contexto."
"459";"M16.04";"M16";"Integracoes, mensageria, eventos e resiliencia";"CONCLUIDA_GERADA";"Aula pratica guiada";"Timeouts";"459_M16_04_TIMEOUTS_OFICIAL.md";"Aula ja gerada em Markdown em docs/aulas. Fonte operacional: arquivo real auditado. Manter conteudo, nome, numeracao e sequencia.";"ARQUIVO_REAL_DOCS_AULAS_AUDITORIA_POS_474";"Nao reescrever, nao renomear, nao deslocar numeracao e nao usar como ponto de retomada, exceto para contexto."
"460";"M16.05";"M16";"Integracoes, mensageria, eventos e resiliencia";"CONCLUIDA_GERADA";"Aula pratica guiada";"Retry com backoff";"460_M16_05_RETRY_COM_BACKOFF_OFICIAL.md";"Aula ja gerada em Markdown em docs/aulas. Fonte operacional: arquivo real auditado. Manter conteudo, nome, numeracao e sequencia.";"ARQUIVO_REAL_DOCS_AULAS_AUDITORIA_POS_474";"Nao reescrever, nao renomear, nao deslocar numeracao e nao usar como ponto de retomada, exceto para contexto."
"461";"M16.06";"M16";"Integracoes, mensageria, eventos e resiliencia";"CONCLUIDA_GERADA";"Aula pratica guiada";"Circuit breaker";"461_M16_06_CIRCUIT_BREAKER_OFICIAL.md";"Aula ja gerada em Markdown em docs/aulas. Fonte operacional: arquivo real auditado. Manter conteudo, nome, numeracao e sequencia.";"ARQUIVO_REAL_DOCS_AULAS_AUDITORIA_POS_474";"Nao reescrever, nao renomear, nao deslocar numeracao e nao usar como ponto de retomada, exceto para contexto."
"462";"M16.07";"M16";"Integracoes, mensageria, eventos e resiliencia";"CONCLUIDA_GERADA";"Aula pratica guiada";"Bulkhead e isolamento";"462_M16_07_BULKHEAD_E_ISOLAMENTO_OFICIAL.md";"Aula ja gerada em Markdown em docs/aulas. Fonte operacional: arquivo real auditado. Manter conteudo, nome, numeracao e sequencia.";"ARQUIVO_REAL_DOCS_AULAS_AUDITORIA_POS_474";"Nao reescrever, nao renomear, nao deslocar numeracao e nao usar como ponto de retomada, exceto para contexto."
"463";"M16.08";"M16";"Integracoes, mensageria, eventos e resiliencia";"CONCLUIDA_GERADA";"Aula pratica guiada";"Fallback";"463_M16_08_FALLBACK_OFICIAL.md";"Aula ja gerada em Markdown em docs/aulas. Fonte operacional: arquivo real auditado. Manter conteudo, nome, numeracao e sequencia.";"ARQUIVO_REAL_DOCS_AULAS_AUDITORIA_POS_474";"Nao reescrever, nao renomear, nao deslocar numeracao e nao usar como ponto de retomada, exceto para contexto."
"464";"M16.09";"M16";"Integracoes, mensageria, eventos e resiliencia";"CONCLUIDA_GERADA";"Aula pratica guiada";"Idempotencia em APIs";"464_M16_09_IDEMPOTENCIA_EM_APIS_OFICIAL.md";"Aula ja gerada em Markdown em docs/aulas. Fonte operacional: arquivo real auditado. Manter conteudo, nome, numeracao e sequencia.";"ARQUIVO_REAL_DOCS_AULAS_AUDITORIA_POS_474";"Nao reescrever, nao renomear, nao deslocar numeracao e nao usar como ponto de retomada, exceto para contexto."
"465";"M16.10";"M16";"Integracoes, mensageria, eventos e resiliencia";"CONCLUIDA_GERADA";"Aula pratica guiada";"Webhooks";"465_M16_10_WEBHOOKS_OFICIAL.md";"Aula ja gerada em Markdown em docs/aulas. Fonte operacional: arquivo real auditado. Manter conteudo, nome, numeracao e sequencia.";"ARQUIVO_REAL_DOCS_AULAS_AUDITORIA_POS_474";"Nao reescrever, nao renomear, nao deslocar numeracao e nao usar como ponto de retomada, exceto para contexto."
"466";"M16.11";"M16";"Integracoes, mensageria, eventos e resiliencia";"CONCLUIDA_GERADA";"Aula pratica guiada";"SOAP conceitual";"466_M16_11_SOAP_CONCEITUAL_OFICIAL.md";"Aula ja gerada em Markdown em docs/aulas. Fonte operacional: arquivo real auditado. Manter conteudo, nome, numeracao e sequencia.";"ARQUIVO_REAL_DOCS_AULAS_AUDITORIA_POS_474";"Nao reescrever, nao renomear, nao deslocar numeracao e nao usar como ponto de retomada, exceto para contexto."
"467";"M16.12";"M16";"Integracoes, mensageria, eventos e resiliencia";"CONCLUIDA_GERADA";"Aula pratica guiada";"XML";"467_M16_12_XML_OFICIAL.md";"Aula ja gerada em Markdown em docs/aulas. Fonte operacional: arquivo real auditado. Manter conteudo, nome, numeracao e sequencia.";"ARQUIVO_REAL_DOCS_AULAS_AUDITORIA_POS_474";"Nao reescrever, nao renomear, nao deslocar numeracao e nao usar como ponto de retomada, exceto para contexto."
"468";"M16.13";"M16";"Integracoes, mensageria, eventos e resiliencia";"CONCLUIDA_GERADA";"Aula pratica guiada";"CSV e arquivos de integracao";"468_M16_13_CSV_E_ARQUIVOS_DE_INTEGRACAO_OFICIAL.md";"Aula ja gerada em Markdown em docs/aulas. Fonte operacional: arquivo real auditado. Manter conteudo, nome, numeracao e sequencia.";"ARQUIVO_REAL_DOCS_AULAS_AUDITORIA_POS_474";"Nao reescrever, nao renomear, nao deslocar numeracao e nao usar como ponto de retomada, exceto para contexto."
"469";"M16.14";"M16";"Integracoes, mensageria, eventos e resiliencia";"CONCLUIDA_GERADA";"Aula pratica guiada";"SFTP";"469_M16_14_SFTP_OFICIAL.md";"Aula ja gerada em Markdown em docs/aulas. Fonte operacional: arquivo real auditado. Manter conteudo, nome, numeracao e sequencia.";"ARQUIVO_REAL_DOCS_AULAS_AUDITORIA_POS_474";"Nao reescrever, nao renomear, nao deslocar numeracao e nao usar como ponto de retomada, exceto para contexto."
"470";"M16.15";"M16";"Integracoes, mensageria, eventos e resiliencia";"CONCLUIDA_GERADA";"Aula pratica guiada";"Jobs batch";"470_M16_15_JOBS_BATCH_OFICIAL.md";"Aula ja gerada em Markdown em docs/aulas. Fonte operacional: arquivo real auditado. Manter conteudo, nome, numeracao e sequencia.";"ARQUIVO_REAL_DOCS_AULAS_AUDITORIA_POS_474";"Nao reescrever, nao renomear, nao deslocar numeracao e nao usar como ponto de retomada, exceto para contexto."
"471";"M16.16";"M16";"Integracoes, mensageria, eventos e resiliencia";"CONCLUIDA_GERADA";"Aula pratica guiada";"Upload download em integracoes";"471_M16_16_UPLOAD_DOWNLOAD_EM_INTEGRACOES_OFICIAL.md";"Aula ja gerada em Markdown em docs/aulas. Fonte operacional: arquivo real auditado. Manter conteudo, nome, numeracao e sequencia.";"ARQUIVO_REAL_DOCS_AULAS_AUDITORIA_POS_474";"Nao reescrever, nao renomear, nao deslocar numeracao e nao usar como ponto de retomada, exceto para contexto."
"472";"M16.17";"M16";"Integracoes, mensageria, eventos e resiliencia";"CONCLUIDA_GERADA";"Aula pratica guiada";"Contratos de integracao";"472_M16_17_CONTRATOS_DE_INTEGRACAO_OFICIAL.md";"Aula ja gerada em Markdown em docs/aulas. Fonte operacional: arquivo real auditado. Manter conteudo, nome, numeracao e sequencia.";"ARQUIVO_REAL_DOCS_AULAS_AUDITORIA_POS_474";"Nao reescrever, nao renomear, nao deslocar numeracao e nao usar como ponto de retomada, exceto para contexto."
"473";"M16.18";"M16";"Integracoes, mensageria, eventos e resiliencia";"CONCLUIDA_GERADA";"Aula pratica guiada";"WireMock aplicado";"473_M16_18_WIREMOCK_APLICADO_OFICIAL.md";"Aula ja gerada em Markdown em docs/aulas. Fonte operacional: arquivo real auditado. Manter conteudo, nome, numeracao e sequencia.";"ARQUIVO_REAL_DOCS_AULAS_AUDITORIA_POS_474";"Nao reescrever, nao renomear, nao deslocar numeracao e nao usar como ponto de retomada, exceto para contexto."
"474";"M16.19";"M16";"Integracoes, mensageria, eventos e resiliencia";"CONCLUIDA_GERADA";"Aula pratica guiada";"Testes de contrato";"474_M16_19_TESTES_DE_CONTRATO_OFICIAL.md";"Aula ja gerada em Markdown em docs/aulas. Fonte operacional: arquivo real auditado. Manter conteudo, nome, numeracao e sequencia.";"ARQUIVO_REAL_DOCS_AULAS_AUDITORIA_POS_474";"Nao reescrever, nao renomear, nao deslocar numeracao e nao usar como ponto de retomada, exceto para contexto."
"475";"M16.20";"M16";"Integracoes, mensageria, eventos e resiliencia";"PLANEJADA_RECONSTRUIDA";"Aula pratica guiada";"RabbitMQ fundamentos";"475_M16_20_RABBITMQ_FUNDAMENTOS_OFICIAL.md";"Aula planejada: RabbitMQ fundamentos. Preparar sistemas que conversam com outros sistemas: HTTP, arquivos, mensageria, eventos, resiliencia e contratos.";"GRADE_RECONSTRUIDA_ATUALIZADA_POS_474";"Gerar somente apos recuperar a aula 398 e validar a aula anterior imediata. Manter numeracao, modulo, laboratorio, escopo e ponte."
"476";"M16.21";"M16";"Integracoes, mensageria, eventos e resiliencia";"PLANEJADA_RECONSTRUIDA";"Aula pratica guiada";"Exchanges queues bindings";"476_M16_21_EXCHANGES_QUEUES_BINDINGS_OFICIAL.md";"Aula planejada: Exchanges queues bindings. Preparar sistemas que conversam com outros sistemas: HTTP, arquivos, mensageria, eventos, resiliencia e contratos.";"GRADE_RECONSTRUIDA_ATUALIZADA_POS_474";"Gerar somente apos recuperar a aula 398 e validar a aula anterior imediata. Manter numeracao, modulo, laboratorio, escopo e ponte."
"477";"M16.22";"M16";"Integracoes, mensageria, eventos e resiliencia";"PLANEJADA_RECONSTRUIDA";"Aula pratica guiada";"Producers consumers";"477_M16_22_PRODUCERS_CONSUMERS_OFICIAL.md";"Aula planejada: Producers consumers. Preparar sistemas que conversam com outros sistemas: HTTP, arquivos, mensageria, eventos, resiliencia e contratos.";"GRADE_RECONSTRUIDA_ATUALIZADA_POS_474";"Gerar somente apos recuperar a aula 398 e validar a aula anterior imediata. Manter numeracao, modulo, laboratorio, escopo e ponte."
"478";"M16.23";"M16";"Integracoes, mensageria, eventos e resiliencia";"PLANEJADA_RECONSTRUIDA";"Aula pratica guiada";"Retry e DLQ RabbitMQ";"478_M16_23_RETRY_E_DLQ_RABBITMQ_OFICIAL.md";"Aula planejada: Retry e DLQ RabbitMQ. Preparar sistemas que conversam com outros sistemas: HTTP, arquivos, mensageria, eventos, resiliencia e contratos.";"GRADE_RECONSTRUIDA_ATUALIZADA_POS_474";"Gerar somente apos recuperar a aula 398 e validar a aula anterior imediata. Manter numeracao, modulo, laboratorio, escopo e ponte."
"479";"M16.24";"M16";"Integracoes, mensageria, eventos e resiliencia";"PLANEJADA_RECONSTRUIDA";"Aula pratica guiada";"Kafka fundamentos";"479_M16_24_KAFKA_FUNDAMENTOS_OFICIAL.md";"Aula planejada: Kafka fundamentos. Preparar sistemas que conversam com outros sistemas: HTTP, arquivos, mensageria, eventos, resiliencia e contratos.";"GRADE_RECONSTRUIDA_ATUALIZADA_POS_474";"Gerar somente apos recuperar a aula 398 e validar a aula anterior imediata. Manter numeracao, modulo, laboratorio, escopo e ponte."
"480";"M16.25";"M16";"Integracoes, mensageria, eventos e resiliencia";"PLANEJADA_RECONSTRUIDA";"Aula pratica guiada";"Topics partitions offsets";"480_M16_25_TOPICS_PARTITIONS_OFFSETS_OFICIAL.md";"Aula planejada: Topics partitions offsets. Preparar sistemas que conversam com outros sistemas: HTTP, arquivos, mensageria, eventos, resiliencia e contratos.";"GRADE_RECONSTRUIDA_ATUALIZADA_POS_474";"Gerar somente apos recuperar a aula 398 e validar a aula anterior imediata. Manter numeracao, modulo, laboratorio, escopo e ponte."
"481";"M16.26";"M16";"Integracoes, mensageria, eventos e resiliencia";"PLANEJADA_RECONSTRUIDA";"Aula pratica guiada";"Consumers producers Kafka";"481_M16_26_CONSUMERS_PRODUCERS_KAFKA_OFICIAL.md";"Aula planejada: Consumers producers Kafka. Preparar sistemas que conversam com outros sistemas: HTTP, arquivos, mensageria, eventos, resiliencia e contratos.";"GRADE_RECONSTRUIDA_ATUALIZADA_POS_474";"Gerar somente apos recuperar a aula 398 e validar a aula anterior imediata. Manter numeracao, modulo, laboratorio, escopo e ponte."
"482";"M16.27";"M16";"Integracoes, mensageria, eventos e resiliencia";"PLANEJADA_RECONSTRUIDA";"Aula pratica guiada";"RabbitMQ vs Kafka";"482_M16_27_RABBITMQ_VS_KAFKA_OFICIAL.md";"Aula planejada: RabbitMQ vs Kafka. Preparar sistemas que conversam com outros sistemas: HTTP, arquivos, mensageria, eventos, resiliencia e contratos.";"GRADE_RECONSTRUIDA_ATUALIZADA_POS_474";"Gerar somente apos recuperar a aula 398 e validar a aula anterior imediata. Manter numeracao, modulo, laboratorio, escopo e ponte."
"483";"M16.28";"M16";"Integracoes, mensageria, eventos e resiliencia";"PLANEJADA_RECONSTRUIDA";"Aula pratica guiada";"Eventos de dominio";"483_M16_28_EVENTOS_DE_DOMINIO_OFICIAL.md";"Aula planejada: Eventos de dominio. Preparar sistemas que conversam com outros sistemas: HTTP, arquivos, mensageria, eventos, resiliencia e contratos.";"GRADE_RECONSTRUIDA_ATUALIZADA_POS_474";"Gerar somente apos recuperar a aula 398 e validar a aula anterior imediata. Manter numeracao, modulo, laboratorio, escopo e ponte."
"484";"M16.29";"M16";"Integracoes, mensageria, eventos e resiliencia";"PLANEJADA_RECONSTRUIDA";"Aula pratica guiada";"Schema evolution";"484_M16_29_SCHEMA_EVOLUTION_OFICIAL.md";"Aula planejada: Schema evolution. Preparar sistemas que conversam com outros sistemas: HTTP, arquivos, mensageria, eventos, resiliencia e contratos.";"GRADE_RECONSTRUIDA_ATUALIZADA_POS_474";"Gerar somente apos recuperar a aula 398 e validar a aula anterior imediata. Manter numeracao, modulo, laboratorio, escopo e ponte."
"485";"M16.30";"M16";"Integracoes, mensageria, eventos e resiliencia";"PLANEJADA_RECONSTRUIDA";"Aula pratica guiada";"Schema Registry conceitual";"485_M16_30_SCHEMA_REGISTRY_CONCEITUAL_OFICIAL.md";"Aula planejada: Schema Registry conceitual. Preparar sistemas que conversam com outros sistemas: HTTP, arquivos, mensageria, eventos, resiliencia e contratos.";"GRADE_RECONSTRUIDA_ATUALIZADA_POS_474";"Gerar somente apos recuperar a aula 398 e validar a aula anterior imediata. Manter numeracao, modulo, laboratorio, escopo e ponte."
"486";"M16.31";"M16";"Integracoes, mensageria, eventos e resiliencia";"PLANEJADA_RECONSTRUIDA";"Aula pratica guiada";"Poison message";"486_M16_31_POISON_MESSAGE_OFICIAL.md";"Aula planejada: Poison message. Preparar sistemas que conversam com outros sistemas: HTTP, arquivos, mensageria, eventos, resiliencia e contratos.";"GRADE_RECONSTRUIDA_ATUALIZADA_POS_474";"Gerar somente apos recuperar a aula 398 e validar a aula anterior imediata. Manter numeracao, modulo, laboratorio, escopo e ponte."
"487";"M16.32";"M16";"Integracoes, mensageria, eventos e resiliencia";"PLANEJADA_RECONSTRUIDA";"Aula pratica guiada";"Deduplicacao";"487_M16_32_DEDUPLICACAO_OFICIAL.md";"Aula planejada: Deduplicacao. Preparar sistemas que conversam com outros sistemas: HTTP, arquivos, mensageria, eventos, resiliencia e contratos.";"GRADE_RECONSTRUIDA_ATUALIZADA_POS_474";"Gerar somente apos recuperar a aula 398 e validar a aula anterior imediata. Manter numeracao, modulo, laboratorio, escopo e ponte."
"488";"M16.33";"M16";"Integracoes, mensageria, eventos e resiliencia";"PLANEJADA_RECONSTRUIDA";"Aula pratica guiada";"Outbox Pattern";"488_M16_33_OUTBOX_PATTERN_OFICIAL.md";"Aula planejada: Outbox Pattern. Preparar sistemas que conversam com outros sistemas: HTTP, arquivos, mensageria, eventos, resiliencia e contratos.";"GRADE_RECONSTRUIDA_ATUALIZADA_POS_474";"Gerar somente apos recuperar a aula 398 e validar a aula anterior imediata. Manter numeracao, modulo, laboratorio, escopo e ponte."
"489";"M16.34";"M16";"Integracoes, mensageria, eventos e resiliencia";"PLANEJADA_RECONSTRUIDA";"Aula pratica guiada";"Inbox Pattern";"489_M16_34_INBOX_PATTERN_OFICIAL.md";"Aula planejada: Inbox Pattern. Preparar sistemas que conversam com outros sistemas: HTTP, arquivos, mensageria, eventos, resiliencia e contratos.";"GRADE_RECONSTRUIDA_ATUALIZADA_POS_474";"Gerar somente apos recuperar a aula 398 e validar a aula anterior imediata. Manter numeracao, modulo, laboratorio, escopo e ponte."
"490";"M16.35";"M16";"Integracoes, mensageria, eventos e resiliencia";"PLANEJADA_RECONSTRUIDA";"Aula pratica guiada";"Saga conceitual";"490_M16_35_SAGA_CONCEITUAL_OFICIAL.md";"Aula planejada: Saga conceitual. Preparar sistemas que conversam com outros sistemas: HTTP, arquivos, mensageria, eventos, resiliencia e contratos.";"GRADE_RECONSTRUIDA_ATUALIZADA_POS_474";"Gerar somente apos recuperar a aula 398 e validar a aula anterior imediata. Manter numeracao, modulo, laboratorio, escopo e ponte."
"491";"M16.36";"M16";"Integracoes, mensageria, eventos e resiliencia";"PLANEJADA_RECONSTRUIDA";"Aula pratica guiada";"CDC conceitual";"491_M16_36_CDC_CONCEITUAL_OFICIAL.md";"Aula planejada: CDC conceitual. Preparar sistemas que conversam com outros sistemas: HTTP, arquivos, mensageria, eventos, resiliencia e contratos.";"GRADE_RECONSTRUIDA_ATUALIZADA_POS_474";"Gerar somente apos recuperar a aula 398 e validar a aula anterior imediata. Manter numeracao, modulo, laboratorio, escopo e ponte."
"492";"M16.37";"M16";"Integracoes, mensageria, eventos e resiliencia";"PLANEJADA_RECONSTRUIDA";"Aula pratica guiada";"Reprocessamento seguro";"492_M16_37_REPROCESSAMENTO_SEGURO_OFICIAL.md";"Aula planejada: Reprocessamento seguro. Preparar sistemas que conversam com outros sistemas: HTTP, arquivos, mensageria, eventos, resiliencia e contratos.";"GRADE_RECONSTRUIDA_ATUALIZADA_POS_474";"Gerar somente apos recuperar a aula 398 e validar a aula anterior imediata. Manter numeracao, modulo, laboratorio, escopo e ponte."
"493";"M16.38";"M16";"Integracoes, mensageria, eventos e resiliencia";"PLANEJADA_RECONSTRUIDA";"Aula pratica guiada";"Logs de correlacao em integracoes";"493_M16_38_LOGS_DE_CORRELACAO_EM_INTEGRACOES_OFICIAL.md";"Aula planejada: Logs de correlacao em integracoes. Preparar sistemas que conversam com outros sistemas: HTTP, arquivos, mensageria, eventos, resiliencia e contratos.";"GRADE_RECONSTRUIDA_ATUALIZADA_POS_474";"Gerar somente apos recuperar a aula 398 e validar a aula anterior imediata. Manter numeracao, modulo, laboratorio, escopo e ponte."
"494";"M16.39";"M16";"Integracoes, mensageria, eventos e resiliencia";"PLANEJADA_RECONSTRUIDA";"Aula pratica guiada";"Monitoramento de integracoes";"494_M16_39_MONITORAMENTO_DE_INTEGRACOES_OFICIAL.md";"Aula planejada: Monitoramento de integracoes. Preparar sistemas que conversam com outros sistemas: HTTP, arquivos, mensageria, eventos, resiliencia e contratos.";"GRADE_RECONSTRUIDA_ATUALIZADA_POS_474";"Gerar somente apos recuperar a aula 398 e validar a aula anterior imediata. Manter numeracao, modulo, laboratorio, escopo e ponte."
"495";"M16.40";"M16";"Integracoes, mensageria, eventos e resiliencia";"PLANEJADA_RECONSTRUIDA";"Aula pratica guiada";"Microsservicos vs monolito modular";"495_M16_40_MICROSSERVICOS_VS_MONOLITO_MODULAR_OFICIAL.md";"Aula planejada: Microsservicos vs monolito modular. Preparar sistemas que conversam com outros sistemas: HTTP, arquivos, mensageria, eventos, resiliencia e contratos.";"GRADE_RECONSTRUIDA_ATUALIZADA_POS_474";"Gerar somente apos recuperar a aula 398 e validar a aula anterior imediata. Manter numeracao, modulo, laboratorio, escopo e ponte."
"496";"M16.41";"M16";"Integracoes, mensageria, eventos e resiliencia";"PLANEJADA_RECONSTRUIDA";"Projeto pratico guiado";"Projeto mensageria OS parte 1";"496_M16_41_PROJETO_MENSAGERIA_OS_PARTE_1_OFICIAL.md";"Aula planejada: Projeto mensageria OS parte 1. Preparar sistemas que conversam com outros sistemas: HTTP, arquivos, mensageria, eventos, resiliencia e contratos.";"GRADE_RECONSTRUIDA_ATUALIZADA_POS_474";"Gerar somente apos recuperar a aula 398 e validar a aula anterior imediata. Manter numeracao, modulo, laboratorio, escopo e ponte."
"497";"M16.42";"M16";"Integracoes, mensageria, eventos e resiliencia";"PLANEJADA_RECONSTRUIDA";"Projeto pratico guiado";"Projeto mensageria OS parte 2";"497_M16_42_PROJETO_MENSAGERIA_OS_PARTE_2_OFICIAL.md";"Aula planejada: Projeto mensageria OS parte 2. Preparar sistemas que conversam com outros sistemas: HTTP, arquivos, mensageria, eventos, resiliencia e contratos.";"GRADE_RECONSTRUIDA_ATUALIZADA_POS_474";"Gerar somente apos recuperar a aula 398 e validar a aula anterior imediata. Manter numeracao, modulo, laboratorio, escopo e ponte."
"498";"M16.43";"M16";"Integracoes, mensageria, eventos e resiliencia";"PLANEJADA_RECONSTRUIDA";"Projeto pratico guiado";"Projeto mensageria OS parte 3";"498_M16_43_PROJETO_MENSAGERIA_OS_PARTE_3_OFICIAL.md";"Aula planejada: Projeto mensageria OS parte 3. Preparar sistemas que conversam com outros sistemas: HTTP, arquivos, mensageria, eventos, resiliencia e contratos.";"GRADE_RECONSTRUIDA_ATUALIZADA_POS_474";"Gerar somente apos recuperar a aula 398 e validar a aula anterior imediata. Manter numeracao, modulo, laboratorio, escopo e ponte."
"499";"M16.44";"M16";"Integracoes, mensageria, eventos e resiliencia";"PLANEJADA_RECONSTRUIDA";"Projeto pratico guiado";"Projeto integracao API externa fake";"499_M16_44_PROJETO_INTEGRACAO_API_EXTERNA_FAKE_OFICIAL.md";"Aula planejada: Projeto integracao API externa fake. Preparar sistemas que conversam com outros sistemas: HTTP, arquivos, mensageria, eventos, resiliencia e contratos.";"GRADE_RECONSTRUIDA_ATUALIZADA_POS_474";"Gerar somente apos recuperar a aula 398 e validar a aula anterior imediata. Manter numeracao, modulo, laboratorio, escopo e ponte."
"500";"M16.45";"M16";"Integracoes, mensageria, eventos e resiliencia";"PLANEJADA_RECONSTRUIDA";"Revisao tecnica";"Revisao integracoes parte 1";"500_M16_45_REVISAO_INTEGRACOES_PARTE_1_OFICIAL.md";"Aula planejada: Revisao integracoes parte 1. Preparar sistemas que conversam com outros sistemas: HTTP, arquivos, mensageria, eventos, resiliencia e contratos.";"GRADE_RECONSTRUIDA_ATUALIZADA_POS_474";"Gerar somente apos recuperar a aula 398 e validar a aula anterior imediata. Manter numeracao, modulo, laboratorio, escopo e ponte."
"501";"M16.46";"M16";"Integracoes, mensageria, eventos e resiliencia";"PLANEJADA_RECONSTRUIDA";"Revisao tecnica";"Revisao integracoes parte 2";"501_M16_46_REVISAO_INTEGRACOES_PARTE_2_OFICIAL.md";"Aula planejada: Revisao integracoes parte 2. Preparar sistemas que conversam com outros sistemas: HTTP, arquivos, mensageria, eventos, resiliencia e contratos.";"GRADE_RECONSTRUIDA_ATUALIZADA_POS_474";"Gerar somente apos recuperar a aula 398 e validar a aula anterior imediata. Manter numeracao, modulo, laboratorio, escopo e ponte."
"502";"M16.47";"M16";"Integracoes, mensageria, eventos e resiliencia";"PLANEJADA_RECONSTRUIDA";"Avaliacao pratica";"Prova pratica integracoes";"502_M16_47_PROVA_PRATICA_INTEGRACOES_OFICIAL.md";"Aula planejada: Prova pratica integracoes. Preparar sistemas que conversam com outros sistemas: HTTP, arquivos, mensageria, eventos, resiliencia e contratos.";"GRADE_RECONSTRUIDA_ATUALIZADA_POS_474";"Gerar somente apos recuperar a aula 398 e validar a aula anterior imediata. Manter numeracao, modulo, laboratorio, escopo e ponte."
"503";"M16.48";"M16";"Integracoes, mensageria, eventos e resiliencia";"PLANEJADA_RECONSTRUIDA";"Aula pratica guiada";"Refatoracao final integracoes";"503_M16_48_REFATORACAO_FINAL_INTEGRACOES_OFICIAL.md";"Aula planejada: Refatoracao final integracoes. Preparar sistemas que conversam com outros sistemas: HTTP, arquivos, mensageria, eventos, resiliencia e contratos.";"GRADE_RECONSTRUIDA_ATUALIZADA_POS_474";"Gerar somente apos recuperar a aula 398 e validar a aula anterior imediata. Manter numeracao, modulo, laboratorio, escopo e ponte."
"504";"M16.49";"M16";"Integracoes, mensageria, eventos e resiliencia";"PLANEJADA_RECONSTRUIDA";"Aula ensinavel";"Aula ensinavel integracoes";"504_M16_49_AULA_ENSINAVEL_INTEGRACOES_OFICIAL.md";"Aula planejada: Aula ensinavel integracoes. Preparar sistemas que conversam com outros sistemas: HTTP, arquivos, mensageria, eventos, resiliencia e contratos.";"GRADE_RECONSTRUIDA_ATUALIZADA_POS_474";"Gerar somente apos recuperar a aula 398 e validar a aula anterior imediata. Manter numeracao, modulo, laboratorio, escopo e ponte."
"505";"M16.50";"M16";"Integracoes, mensageria, eventos e resiliencia";"PLANEJADA_RECONSTRUIDA";"Fechamento de modulo";"Fechamento do Modulo 16";"505_M16_50_FECHAMENTO_DO_MODULO_16_OFICIAL.md";"Aula planejada: Fechamento do Modulo 16. Preparar sistemas que conversam com outros sistemas: HTTP, arquivos, mensageria, eventos, resiliencia e contratos.";"GRADE_RECONSTRUIDA_ATUALIZADA_POS_474";"Gerar somente apos recuperar a aula 398 e validar a aula anterior imediata. Manter numeracao, modulo, laboratorio, escopo e ponte."
"506";"M17.01";"M17";"DevOps, CI/CD, Kubernetes e Cloud";"PLANEJADA_RECONSTRUIDA";"Revisao tecnica";"Docker revisao para Spring Boot";"506_M17_01_DOCKER_REVISAO_PARA_SPRING_BOOT_OFICIAL.md";"Aula planejada: Docker revisao para Spring Boot. Levar a aplicacao para pipeline, container, Kubernetes, cloud e estrategias de release com seguranca operacional.";"GRADE_RECONSTRUIDA_ATUALIZADA_POS_474";"Gerar somente apos recuperar a aula 398 e validar a aula anterior imediata. Manter numeracao, modulo, laboratorio, escopo e ponte."
"507";"M17.02";"M17";"DevOps, CI/CD, Kubernetes e Cloud";"PLANEJADA_RECONSTRUIDA";"Aula pratica guiada";"Dockerfile multi stage avancado";"507_M17_02_DOCKERFILE_MULTI_STAGE_AVANCADO_OFICIAL.md";"Aula planejada: Dockerfile multi stage avancado. Levar a aplicacao para pipeline, container, Kubernetes, cloud e estrategias de release com seguranca operacional.";"GRADE_RECONSTRUIDA_ATUALIZADA_POS_474";"Gerar somente apos recuperar a aula 398 e validar a aula anterior imediata. Manter numeracao, modulo, laboratorio, escopo e ponte."
"508";"M17.03";"M17";"DevOps, CI/CD, Kubernetes e Cloud";"PLANEJADA_RECONSTRUIDA";"Aula pratica guiada";"Imagem segura e usuario nao root";"508_M17_03_IMAGEM_SEGURA_E_USUARIO_NAO_ROOT_OFICIAL.md";"Aula planejada: Imagem segura e usuario nao root. Levar a aplicacao para pipeline, container, Kubernetes, cloud e estrategias de release com seguranca operacional.";"GRADE_RECONSTRUIDA_ATUALIZADA_POS_474";"Gerar somente apos recuperar a aula 398 e validar a aula anterior imediata. Manter numeracao, modulo, laboratorio, escopo e ponte."
"509";"M17.04";"M17";"DevOps, CI/CD, Kubernetes e Cloud";"PLANEJADA_RECONSTRUIDA";"Aula pratica guiada";"Docker Compose para API completa";"509_M17_04_DOCKER_COMPOSE_PARA_API_COMPLETA_OFICIAL.md";"Aula planejada: Docker Compose para API completa. Levar a aplicacao para pipeline, container, Kubernetes, cloud e estrategias de release com seguranca operacional.";"GRADE_RECONSTRUIDA_ATUALIZADA_POS_474";"Gerar somente apos recuperar a aula 398 e validar a aula anterior imediata. Manter numeracao, modulo, laboratorio, escopo e ponte."
"510";"M17.05";"M17";"DevOps, CI/CD, Kubernetes e Cloud";"PLANEJADA_RECONSTRUIDA";"Aula pratica guiada";"Variaveis secrets e configuracao";"510_M17_05_VARIAVEIS_SECRETS_E_CONFIGURACAO_OFICIAL.md";"Aula planejada: Variaveis secrets e configuracao. Levar a aplicacao para pipeline, container, Kubernetes, cloud e estrategias de release com seguranca operacional.";"GRADE_RECONSTRUIDA_ATUALIZADA_POS_474";"Gerar somente apos recuperar a aula 398 e validar a aula anterior imediata. Manter numeracao, modulo, laboratorio, escopo e ponte."
"511";"M17.06";"M17";"DevOps, CI/CD, Kubernetes e Cloud";"PLANEJADA_RECONSTRUIDA";"Aula pratica guiada";"Healthcheck em containers";"511_M17_06_HEALTHCHECK_EM_CONTAINERS_OFICIAL.md";"Aula planejada: Healthcheck em containers. Levar a aplicacao para pipeline, container, Kubernetes, cloud e estrategias de release com seguranca operacional.";"GRADE_RECONSTRUIDA_ATUALIZADA_POS_474";"Gerar somente apos recuperar a aula 398 e validar a aula anterior imediata. Manter numeracao, modulo, laboratorio, escopo e ponte."
"512";"M17.07";"M17";"DevOps, CI/CD, Kubernetes e Cloud";"PLANEJADA_RECONSTRUIDA";"Aula pratica guiada";"Release strategy fundamentos";"512_M17_07_RELEASE_STRATEGY_FUNDAMENTOS_OFICIAL.md";"Aula planejada: Release strategy fundamentos. Levar a aplicacao para pipeline, container, Kubernetes, cloud e estrategias de release com seguranca operacional.";"GRADE_RECONSTRUIDA_ATUALIZADA_POS_474";"Gerar somente apos recuperar a aula 398 e validar a aula anterior imediata. Manter numeracao, modulo, laboratorio, escopo e ponte."
"513";"M17.08";"M17";"DevOps, CI/CD, Kubernetes e Cloud";"PLANEJADA_RECONSTRUIDA";"Aula pratica guiada";"Feature flags";"513_M17_08_FEATURE_FLAGS_OFICIAL.md";"Aula planejada: Feature flags. Levar a aplicacao para pipeline, container, Kubernetes, cloud e estrategias de release com seguranca operacional.";"GRADE_RECONSTRUIDA_ATUALIZADA_POS_474";"Gerar somente apos recuperar a aula 398 e validar a aula anterior imediata. Manter numeracao, modulo, laboratorio, escopo e ponte."
"514";"M17.09";"M17";"DevOps, CI/CD, Kubernetes e Cloud";"PLANEJADA_RECONSTRUIDA";"Aula pratica guiada";"Blue green deployment";"514_M17_09_BLUE_GREEN_DEPLOYMENT_OFICIAL.md";"Aula planejada: Blue green deployment. Levar a aplicacao para pipeline, container, Kubernetes, cloud e estrategias de release com seguranca operacional.";"GRADE_RECONSTRUIDA_ATUALIZADA_POS_474";"Gerar somente apos recuperar a aula 398 e validar a aula anterior imediata. Manter numeracao, modulo, laboratorio, escopo e ponte."
"515";"M17.10";"M17";"DevOps, CI/CD, Kubernetes e Cloud";"PLANEJADA_RECONSTRUIDA";"Aula pratica guiada";"Canary deployment";"515_M17_10_CANARY_DEPLOYMENT_OFICIAL.md";"Aula planejada: Canary deployment. Levar a aplicacao para pipeline, container, Kubernetes, cloud e estrategias de release com seguranca operacional.";"GRADE_RECONSTRUIDA_ATUALIZADA_POS_474";"Gerar somente apos recuperar a aula 398 e validar a aula anterior imediata. Manter numeracao, modulo, laboratorio, escopo e ponte."
"516";"M17.11";"M17";"DevOps, CI/CD, Kubernetes e Cloud";"PLANEJADA_RECONSTRUIDA";"Aula pratica guiada";"Rollback seguro";"516_M17_11_ROLLBACK_SEGURO_OFICIAL.md";"Aula planejada: Rollback seguro. Levar a aplicacao para pipeline, container, Kubernetes, cloud e estrategias de release com seguranca operacional.";"GRADE_RECONSTRUIDA_ATUALIZADA_POS_474";"Gerar somente apos recuperar a aula 398 e validar a aula anterior imediata. Manter numeracao, modulo, laboratorio, escopo e ponte."
"517";"M17.12";"M17";"DevOps, CI/CD, Kubernetes e Cloud";"PLANEJADA_RECONSTRUIDA";"Aula pratica guiada";"Deploy com migracao sem downtime";"517_M17_12_DEPLOY_COM_MIGRACAO_SEM_DOWNTIME_OFICIAL.md";"Aula planejada: Deploy com migracao sem downtime. Levar a aplicacao para pipeline, container, Kubernetes, cloud e estrategias de release com seguranca operacional.";"GRADE_RECONSTRUIDA_ATUALIZADA_POS_474";"Gerar somente apos recuperar a aula 398 e validar a aula anterior imediata. Manter numeracao, modulo, laboratorio, escopo e ponte."
"518";"M17.13";"M17";"DevOps, CI/CD, Kubernetes e Cloud";"PLANEJADA_RECONSTRUIDA";"Aula pratica guiada";"CI CD profissional visao geral";"518_M17_13_CI_CD_PROFISSIONAL_VISAO_GERAL_OFICIAL.md";"Aula planejada: CI CD profissional visao geral. Levar a aplicacao para pipeline, container, Kubernetes, cloud e estrategias de release com seguranca operacional.";"GRADE_RECONSTRUIDA_ATUALIZADA_POS_474";"Gerar somente apos recuperar a aula 398 e validar a aula anterior imediata. Manter numeracao, modulo, laboratorio, escopo e ponte."
"519";"M17.14";"M17";"DevOps, CI/CD, Kubernetes e Cloud";"PLANEJADA_RECONSTRUIDA";"Aula pratica guiada";"GitHub Actions workflows";"519_M17_14_GITHUB_ACTIONS_WORKFLOWS_OFICIAL.md";"Aula planejada: GitHub Actions workflows. Levar a aplicacao para pipeline, container, Kubernetes, cloud e estrategias de release com seguranca operacional.";"GRADE_RECONSTRUIDA_ATUALIZADA_POS_474";"Gerar somente apos recuperar a aula 398 e validar a aula anterior imediata. Manter numeracao, modulo, laboratorio, escopo e ponte."
"520";"M17.15";"M17";"DevOps, CI/CD, Kubernetes e Cloud";"PLANEJADA_RECONSTRUIDA";"Aula pratica guiada";"Pipeline Maven";"520_M17_15_PIPELINE_MAVEN_OFICIAL.md";"Aula planejada: Pipeline Maven. Levar a aplicacao para pipeline, container, Kubernetes, cloud e estrategias de release com seguranca operacional.";"GRADE_RECONSTRUIDA_ATUALIZADA_POS_474";"Gerar somente apos recuperar a aula 398 e validar a aula anterior imediata. Manter numeracao, modulo, laboratorio, escopo e ponte."
"521";"M17.16";"M17";"DevOps, CI/CD, Kubernetes e Cloud";"PLANEJADA_RECONSTRUIDA";"Aula pratica guiada";"Pipeline testes cobertura quality gate";"521_M17_16_PIPELINE_TESTES_COBERTURA_QUALITY_GATE_OFICIAL.md";"Aula planejada: Pipeline testes cobertura quality gate. Levar a aplicacao para pipeline, container, Kubernetes, cloud e estrategias de release com seguranca operacional.";"GRADE_RECONSTRUIDA_ATUALIZADA_POS_474";"Gerar somente apos recuperar a aula 398 e validar a aula anterior imediata. Manter numeracao, modulo, laboratorio, escopo e ponte."
"522";"M17.17";"M17";"DevOps, CI/CD, Kubernetes e Cloud";"PLANEJADA_RECONSTRUIDA";"Aula pratica guiada";"Pipeline Docker build push";"522_M17_17_PIPELINE_DOCKER_BUILD_PUSH_OFICIAL.md";"Aula planejada: Pipeline Docker build push. Levar a aplicacao para pipeline, container, Kubernetes, cloud e estrategias de release com seguranca operacional.";"GRADE_RECONSTRUIDA_ATUALIZADA_POS_474";"Gerar somente apos recuperar a aula 398 e validar a aula anterior imediata. Manter numeracao, modulo, laboratorio, escopo e ponte."
"523";"M17.18";"M17";"DevOps, CI/CD, Kubernetes e Cloud";"PLANEJADA_RECONSTRUIDA";"Aula pratica guiada";"Registry GitHub Container Registry";"523_M17_18_REGISTRY_GITHUB_CONTAINER_REGISTRY_OFICIAL.md";"Aula planejada: Registry GitHub Container Registry. Levar a aplicacao para pipeline, container, Kubernetes, cloud e estrategias de release com seguranca operacional.";"GRADE_RECONSTRUIDA_ATUALIZADA_POS_474";"Gerar somente apos recuperar a aula 398 e validar a aula anterior imediata. Manter numeracao, modulo, laboratorio, escopo e ponte."
"524";"M17.19";"M17";"DevOps, CI/CD, Kubernetes e Cloud";"PLANEJADA_RECONSTRUIDA";"Aula pratica guiada";"Secrets em pipeline";"524_M17_19_SECRETS_EM_PIPELINE_OFICIAL.md";"Aula planejada: Secrets em pipeline. Levar a aplicacao para pipeline, container, Kubernetes, cloud e estrategias de release com seguranca operacional.";"GRADE_RECONSTRUIDA_ATUALIZADA_POS_474";"Gerar somente apos recuperar a aula 398 e validar a aula anterior imediata. Manter numeracao, modulo, laboratorio, escopo e ponte."
"525";"M17.20";"M17";"DevOps, CI/CD, Kubernetes e Cloud";"PLANEJADA_RECONSTRUIDA";"Aula pratica guiada";"Ambientes dev hml prod";"525_M17_20_AMBIENTES_DEV_HML_PROD_OFICIAL.md";"Aula planejada: Ambientes dev hml prod. Levar a aplicacao para pipeline, container, Kubernetes, cloud e estrategias de release com seguranca operacional.";"GRADE_RECONSTRUIDA_ATUALIZADA_POS_474";"Gerar somente apos recuperar a aula 398 e validar a aula anterior imediata. Manter numeracao, modulo, laboratorio, escopo e ponte."
"526";"M17.21";"M17";"DevOps, CI/CD, Kubernetes e Cloud";"PLANEJADA_RECONSTRUIDA";"Aula pratica guiada";"Infraestrutura como codigo conceitual";"526_M17_21_INFRAESTRUTURA_COMO_CODIGO_CONCEITUAL_OFICIAL.md";"Aula planejada: Infraestrutura como codigo conceitual. Levar a aplicacao para pipeline, container, Kubernetes, cloud e estrategias de release com seguranca operacional.";"GRADE_RECONSTRUIDA_ATUALIZADA_POS_474";"Gerar somente apos recuperar a aula 398 e validar a aula anterior imediata. Manter numeracao, modulo, laboratorio, escopo e ponte."
"527";"M17.22";"M17";"DevOps, CI/CD, Kubernetes e Cloud";"PLANEJADA_RECONSTRUIDA";"Aula pratica guiada";"Kubernetes fundamentos";"527_M17_22_KUBERNETES_FUNDAMENTOS_OFICIAL.md";"Aula planejada: Kubernetes fundamentos. Levar a aplicacao para pipeline, container, Kubernetes, cloud e estrategias de release com seguranca operacional.";"GRADE_RECONSTRUIDA_ATUALIZADA_POS_474";"Gerar somente apos recuperar a aula 398 e validar a aula anterior imediata. Manter numeracao, modulo, laboratorio, escopo e ponte."
"528";"M17.23";"M17";"DevOps, CI/CD, Kubernetes e Cloud";"PLANEJADA_RECONSTRUIDA";"Aula pratica guiada";"Pod Deployment Service";"528_M17_23_POD_DEPLOYMENT_SERVICE_OFICIAL.md";"Aula planejada: Pod Deployment Service. Levar a aplicacao para pipeline, container, Kubernetes, cloud e estrategias de release com seguranca operacional.";"GRADE_RECONSTRUIDA_ATUALIZADA_POS_474";"Gerar somente apos recuperar a aula 398 e validar a aula anterior imediata. Manter numeracao, modulo, laboratorio, escopo e ponte."
"529";"M17.24";"M17";"DevOps, CI/CD, Kubernetes e Cloud";"PLANEJADA_RECONSTRUIDA";"Aula pratica guiada";"ConfigMap Secret";"529_M17_24_CONFIGMAP_SECRET_OFICIAL.md";"Aula planejada: ConfigMap Secret. Levar a aplicacao para pipeline, container, Kubernetes, cloud e estrategias de release com seguranca operacional.";"GRADE_RECONSTRUIDA_ATUALIZADA_POS_474";"Gerar somente apos recuperar a aula 398 e validar a aula anterior imediata. Manter numeracao, modulo, laboratorio, escopo e ponte."
"530";"M17.25";"M17";"DevOps, CI/CD, Kubernetes e Cloud";"PLANEJADA_RECONSTRUIDA";"Aula pratica guiada";"Probes liveness readiness startup";"530_M17_25_PROBES_LIVENESS_READINESS_STARTUP_OFICIAL.md";"Aula planejada: Probes liveness readiness startup. Levar a aplicacao para pipeline, container, Kubernetes, cloud e estrategias de release com seguranca operacional.";"GRADE_RECONSTRUIDA_ATUALIZADA_POS_474";"Gerar somente apos recuperar a aula 398 e validar a aula anterior imediata. Manter numeracao, modulo, laboratorio, escopo e ponte."
"531";"M17.26";"M17";"DevOps, CI/CD, Kubernetes e Cloud";"PLANEJADA_RECONSTRUIDA";"Aula pratica guiada";"Requests limits";"531_M17_26_REQUESTS_LIMITS_OFICIAL.md";"Aula planejada: Requests limits. Levar a aplicacao para pipeline, container, Kubernetes, cloud e estrategias de release com seguranca operacional.";"GRADE_RECONSTRUIDA_ATUALIZADA_POS_474";"Gerar somente apos recuperar a aula 398 e validar a aula anterior imediata. Manter numeracao, modulo, laboratorio, escopo e ponte."
"532";"M17.27";"M17";"DevOps, CI/CD, Kubernetes e Cloud";"PLANEJADA_RECONSTRUIDA";"Aula pratica guiada";"Ingress";"532_M17_27_INGRESS_OFICIAL.md";"Aula planejada: Ingress. Levar a aplicacao para pipeline, container, Kubernetes, cloud e estrategias de release com seguranca operacional.";"GRADE_RECONSTRUIDA_ATUALIZADA_POS_474";"Gerar somente apos recuperar a aula 398 e validar a aula anterior imediata. Manter numeracao, modulo, laboratorio, escopo e ponte."
"533";"M17.28";"M17";"DevOps, CI/CD, Kubernetes e Cloud";"PLANEJADA_RECONSTRUIDA";"Aula pratica guiada";"HPA";"533_M17_28_HPA_OFICIAL.md";"Aula planejada: HPA. Levar a aplicacao para pipeline, container, Kubernetes, cloud e estrategias de release com seguranca operacional.";"GRADE_RECONSTRUIDA_ATUALIZADA_POS_474";"Gerar somente apos recuperar a aula 398 e validar a aula anterior imediata. Manter numeracao, modulo, laboratorio, escopo e ponte."
"534";"M17.29";"M17";"DevOps, CI/CD, Kubernetes e Cloud";"PLANEJADA_RECONSTRUIDA";"Aula pratica guiada";"Volumes Kubernetes";"534_M17_29_VOLUMES_KUBERNETES_OFICIAL.md";"Aula planejada: Volumes Kubernetes. Levar a aplicacao para pipeline, container, Kubernetes, cloud e estrategias de release com seguranca operacional.";"GRADE_RECONSTRUIDA_ATUALIZADA_POS_474";"Gerar somente apos recuperar a aula 398 e validar a aula anterior imediata. Manter numeracao, modulo, laboratorio, escopo e ponte."
"535";"M17.30";"M17";"DevOps, CI/CD, Kubernetes e Cloud";"PLANEJADA_RECONSTRUIDA";"Aula pratica guiada";"Helm conceitual";"535_M17_30_HELM_CONCEITUAL_OFICIAL.md";"Aula planejada: Helm conceitual. Levar a aplicacao para pipeline, container, Kubernetes, cloud e estrategias de release com seguranca operacional.";"GRADE_RECONSTRUIDA_ATUALIZADA_POS_474";"Gerar somente apos recuperar a aula 398 e validar a aula anterior imediata. Manter numeracao, modulo, laboratorio, escopo e ponte."
"536";"M17.31";"M17";"DevOps, CI/CD, Kubernetes e Cloud";"PLANEJADA_RECONSTRUIDA";"Aula pratica guiada";"Namespace RBAC conceitual";"536_M17_31_NAMESPACE_RBAC_CONCEITUAL_OFICIAL.md";"Aula planejada: Namespace RBAC conceitual. Levar a aplicacao para pipeline, container, Kubernetes, cloud e estrategias de release com seguranca operacional.";"GRADE_RECONSTRUIDA_ATUALIZADA_POS_474";"Gerar somente apos recuperar a aula 398 e validar a aula anterior imediata. Manter numeracao, modulo, laboratorio, escopo e ponte."
"537";"M17.32";"M17";"DevOps, CI/CD, Kubernetes e Cloud";"PLANEJADA_RECONSTRUIDA";"Aula pratica guiada";"Cloud conceitos para backend";"537_M17_32_CLOUD_CONCEITOS_PARA_BACKEND_OFICIAL.md";"Aula planejada: Cloud conceitos para backend. Levar a aplicacao para pipeline, container, Kubernetes, cloud e estrategias de release com seguranca operacional.";"GRADE_RECONSTRUIDA_ATUALIZADA_POS_474";"Gerar somente apos recuperar a aula 398 e validar a aula anterior imediata. Manter numeracao, modulo, laboratorio, escopo e ponte."
"538";"M17.33";"M17";"DevOps, CI/CD, Kubernetes e Cloud";"PLANEJADA_RECONSTRUIDA";"Aula pratica guiada";"AWS visao backend";"538_M17_33_AWS_VISAO_BACKEND_OFICIAL.md";"Aula planejada: AWS visao backend. Levar a aplicacao para pipeline, container, Kubernetes, cloud e estrategias de release com seguranca operacional.";"GRADE_RECONSTRUIDA_ATUALIZADA_POS_474";"Gerar somente apos recuperar a aula 398 e validar a aula anterior imediata. Manter numeracao, modulo, laboratorio, escopo e ponte."
"539";"M17.34";"M17";"DevOps, CI/CD, Kubernetes e Cloud";"PLANEJADA_RECONSTRUIDA";"Aula pratica guiada";"RDS PostgreSQL";"539_M17_34_RDS_POSTGRESQL_OFICIAL.md";"Aula planejada: RDS PostgreSQL. Levar a aplicacao para pipeline, container, Kubernetes, cloud e estrategias de release com seguranca operacional.";"GRADE_RECONSTRUIDA_ATUALIZADA_POS_474";"Gerar somente apos recuperar a aula 398 e validar a aula anterior imediata. Manter numeracao, modulo, laboratorio, escopo e ponte."
"540";"M17.35";"M17";"DevOps, CI/CD, Kubernetes e Cloud";"PLANEJADA_RECONSTRUIDA";"Aula pratica guiada";"SQS SNS";"540_M17_35_SQS_SNS_OFICIAL.md";"Aula planejada: SQS SNS. Levar a aplicacao para pipeline, container, Kubernetes, cloud e estrategias de release com seguranca operacional.";"GRADE_RECONSTRUIDA_ATUALIZADA_POS_474";"Gerar somente apos recuperar a aula 398 e validar a aula anterior imediata. Manter numeracao, modulo, laboratorio, escopo e ponte."
"541";"M17.36";"M17";"DevOps, CI/CD, Kubernetes e Cloud";"PLANEJADA_RECONSTRUIDA";"Aula pratica guiada";"Redis gerenciado conceitual";"541_M17_36_REDIS_GERENCIADO_CONCEITUAL_OFICIAL.md";"Aula planejada: Redis gerenciado conceitual. Levar a aplicacao para pipeline, container, Kubernetes, cloud e estrategias de release com seguranca operacional.";"GRADE_RECONSTRUIDA_ATUALIZADA_POS_474";"Gerar somente apos recuperar a aula 398 e validar a aula anterior imediata. Manter numeracao, modulo, laboratorio, escopo e ponte."
"542";"M17.37";"M17";"DevOps, CI/CD, Kubernetes e Cloud";"PLANEJADA_RECONSTRUIDA";"Aula pratica guiada";"Object Storage S3 conceitual";"542_M17_37_OBJECT_STORAGE_S3_CONCEITUAL_OFICIAL.md";"Aula planejada: Object Storage S3 conceitual. Levar a aplicacao para pipeline, container, Kubernetes, cloud e estrategias de release com seguranca operacional.";"GRADE_RECONSTRUIDA_ATUALIZADA_POS_474";"Gerar somente apos recuperar a aula 398 e validar a aula anterior imediata. Manter numeracao, modulo, laboratorio, escopo e ponte."
"543";"M17.38";"M17";"DevOps, CI/CD, Kubernetes e Cloud";"PLANEJADA_RECONSTRUIDA";"Aula pratica guiada";"Custos cloud";"543_M17_38_CUSTOS_CLOUD_OFICIAL.md";"Aula planejada: Custos cloud. Levar a aplicacao para pipeline, container, Kubernetes, cloud e estrategias de release com seguranca operacional.";"GRADE_RECONSTRUIDA_ATUALIZADA_POS_474";"Gerar somente apos recuperar a aula 398 e validar a aula anterior imediata. Manter numeracao, modulo, laboratorio, escopo e ponte."
"544";"M17.39";"M17";"DevOps, CI/CD, Kubernetes e Cloud";"PLANEJADA_RECONSTRUIDA";"Aula pratica guiada";"Observacoes de seguranca cloud";"544_M17_39_OBSERVACOES_DE_SEGURANCA_CLOUD_OFICIAL.md";"Aula planejada: Observacoes de seguranca cloud. Levar a aplicacao para pipeline, container, Kubernetes, cloud e estrategias de release com seguranca operacional.";"GRADE_RECONSTRUIDA_ATUALIZADA_POS_474";"Gerar somente apos recuperar a aula 398 e validar a aula anterior imediata. Manter numeracao, modulo, laboratorio, escopo e ponte."
"545";"M17.40";"M17";"DevOps, CI/CD, Kubernetes e Cloud";"PLANEJADA_RECONSTRUIDA";"Aula pratica guiada";"Deploy em ambiente simples";"545_M17_40_DEPLOY_EM_AMBIENTE_SIMPLES_OFICIAL.md";"Aula planejada: Deploy em ambiente simples. Levar a aplicacao para pipeline, container, Kubernetes, cloud e estrategias de release com seguranca operacional.";"GRADE_RECONSTRUIDA_ATUALIZADA_POS_474";"Gerar somente apos recuperar a aula 398 e validar a aula anterior imediata. Manter numeracao, modulo, laboratorio, escopo e ponte."
"546";"M17.41";"M17";"DevOps, CI/CD, Kubernetes e Cloud";"PLANEJADA_RECONSTRUIDA";"Projeto pratico guiado";"Projeto API pronta para deploy parte 1";"546_M17_41_PROJETO_API_PRONTA_PARA_DEPLOY_PARTE_1_OFICIAL.md";"Aula planejada: Projeto API pronta para deploy parte 1. Levar a aplicacao para pipeline, container, Kubernetes, cloud e estrategias de release com seguranca operacional.";"GRADE_RECONSTRUIDA_ATUALIZADA_POS_474";"Gerar somente apos recuperar a aula 398 e validar a aula anterior imediata. Manter numeracao, modulo, laboratorio, escopo e ponte."
"547";"M17.42";"M17";"DevOps, CI/CD, Kubernetes e Cloud";"PLANEJADA_RECONSTRUIDA";"Projeto pratico guiado";"Projeto API pronta para deploy parte 2";"547_M17_42_PROJETO_API_PRONTA_PARA_DEPLOY_PARTE_2_OFICIAL.md";"Aula planejada: Projeto API pronta para deploy parte 2. Levar a aplicacao para pipeline, container, Kubernetes, cloud e estrategias de release com seguranca operacional.";"GRADE_RECONSTRUIDA_ATUALIZADA_POS_474";"Gerar somente apos recuperar a aula 398 e validar a aula anterior imediata. Manter numeracao, modulo, laboratorio, escopo e ponte."
"548";"M17.43";"M17";"DevOps, CI/CD, Kubernetes e Cloud";"PLANEJADA_RECONSTRUIDA";"Projeto pratico guiado";"Projeto API pronta para deploy parte 3";"548_M17_43_PROJETO_API_PRONTA_PARA_DEPLOY_PARTE_3_OFICIAL.md";"Aula planejada: Projeto API pronta para deploy parte 3. Levar a aplicacao para pipeline, container, Kubernetes, cloud e estrategias de release com seguranca operacional.";"GRADE_RECONSTRUIDA_ATUALIZADA_POS_474";"Gerar somente apos recuperar a aula 398 e validar a aula anterior imediata. Manter numeracao, modulo, laboratorio, escopo e ponte."
"549";"M17.44";"M17";"DevOps, CI/CD, Kubernetes e Cloud";"PLANEJADA_RECONSTRUIDA";"Revisao tecnica";"Revisao DevOps parte 1";"549_M17_44_REVISAO_DEVOPS_PARTE_1_OFICIAL.md";"Aula planejada: Revisao DevOps parte 1. Levar a aplicacao para pipeline, container, Kubernetes, cloud e estrategias de release com seguranca operacional.";"GRADE_RECONSTRUIDA_ATUALIZADA_POS_474";"Gerar somente apos recuperar a aula 398 e validar a aula anterior imediata. Manter numeracao, modulo, laboratorio, escopo e ponte."
"550";"M17.45";"M17";"DevOps, CI/CD, Kubernetes e Cloud";"PLANEJADA_RECONSTRUIDA";"Revisao tecnica";"Revisao DevOps parte 2";"550_M17_45_REVISAO_DEVOPS_PARTE_2_OFICIAL.md";"Aula planejada: Revisao DevOps parte 2. Levar a aplicacao para pipeline, container, Kubernetes, cloud e estrategias de release com seguranca operacional.";"GRADE_RECONSTRUIDA_ATUALIZADA_POS_474";"Gerar somente apos recuperar a aula 398 e validar a aula anterior imediata. Manter numeracao, modulo, laboratorio, escopo e ponte."
"551";"M17.46";"M17";"DevOps, CI/CD, Kubernetes e Cloud";"PLANEJADA_RECONSTRUIDA";"Avaliacao pratica";"Prova pratica DevOps";"551_M17_46_PROVA_PRATICA_DEVOPS_OFICIAL.md";"Aula planejada: Prova pratica DevOps. Levar a aplicacao para pipeline, container, Kubernetes, cloud e estrategias de release com seguranca operacional.";"GRADE_RECONSTRUIDA_ATUALIZADA_POS_474";"Gerar somente apos recuperar a aula 398 e validar a aula anterior imediata. Manter numeracao, modulo, laboratorio, escopo e ponte."
"552";"M17.47";"M17";"DevOps, CI/CD, Kubernetes e Cloud";"PLANEJADA_RECONSTRUIDA";"Aula pratica guiada";"Refatoracao final DevOps";"552_M17_47_REFATORACAO_FINAL_DEVOPS_OFICIAL.md";"Aula planejada: Refatoracao final DevOps. Levar a aplicacao para pipeline, container, Kubernetes, cloud e estrategias de release com seguranca operacional.";"GRADE_RECONSTRUIDA_ATUALIZADA_POS_474";"Gerar somente apos recuperar a aula 398 e validar a aula anterior imediata. Manter numeracao, modulo, laboratorio, escopo e ponte."
"553";"M17.48";"M17";"DevOps, CI/CD, Kubernetes e Cloud";"PLANEJADA_RECONSTRUIDA";"Aula ensinavel";"Aula ensinavel DevOps";"553_M17_48_AULA_ENSINAVEL_DEVOPS_OFICIAL.md";"Aula planejada: Aula ensinavel DevOps. Levar a aplicacao para pipeline, container, Kubernetes, cloud e estrategias de release com seguranca operacional.";"GRADE_RECONSTRUIDA_ATUALIZADA_POS_474";"Gerar somente apos recuperar a aula 398 e validar a aula anterior imediata. Manter numeracao, modulo, laboratorio, escopo e ponte."
"554";"M17.49";"M17";"DevOps, CI/CD, Kubernetes e Cloud";"PLANEJADA_RECONSTRUIDA";"Aula pratica guiada";"Checklist operacional de deploy";"554_M17_49_CHECKLIST_OPERACIONAL_DE_DEPLOY_OFICIAL.md";"Aula planejada: Checklist operacional de deploy. Levar a aplicacao para pipeline, container, Kubernetes, cloud e estrategias de release com seguranca operacional.";"GRADE_RECONSTRUIDA_ATUALIZADA_POS_474";"Gerar somente apos recuperar a aula 398 e validar a aula anterior imediata. Manter numeracao, modulo, laboratorio, escopo e ponte."
"555";"M17.50";"M17";"DevOps, CI/CD, Kubernetes e Cloud";"PLANEJADA_RECONSTRUIDA";"Fechamento de modulo";"Fechamento do Modulo 17";"555_M17_50_FECHAMENTO_DO_MODULO_17_OFICIAL.md";"Aula planejada: Fechamento do Modulo 17. Levar a aplicacao para pipeline, container, Kubernetes, cloud e estrategias de release com seguranca operacional.";"GRADE_RECONSTRUIDA_ATUALIZADA_POS_474";"Gerar somente apos recuperar a aula 398 e validar a aula anterior imediata. Manter numeracao, modulo, laboratorio, escopo e ponte."
"556";"M18.01";"M18";"Observabilidade, performance, concorrencia e producao";"PLANEJADA_RECONSTRUIDA";"Aula pratica guiada";"Logs estruturados";"556_M18_01_LOGS_ESTRUTURADOS_OFICIAL.md";"Aula planejada: Logs estruturados. Operar e diagnosticar sistemas em producao com logs, metricas, tracing, performance, concorrencia e runbooks.";"GRADE_RECONSTRUIDA_ATUALIZADA_POS_474";"Gerar somente apos recuperar a aula 398 e validar a aula anterior imediata. Manter numeracao, modulo, laboratorio, escopo e ponte."
"557";"M18.02";"M18";"Observabilidade, performance, concorrencia e producao";"PLANEJADA_RECONSTRUIDA";"Aula pratica guiada";"Correlation ID trace ID";"557_M18_02_CORRELATION_ID_TRACE_ID_OFICIAL.md";"Aula planejada: Correlation ID trace ID. Operar e diagnosticar sistemas em producao com logs, metricas, tracing, performance, concorrencia e runbooks.";"GRADE_RECONSTRUIDA_ATUALIZADA_POS_474";"Gerar somente apos recuperar a aula 398 e validar a aula anterior imediata. Manter numeracao, modulo, laboratorio, escopo e ponte."
"558";"M18.03";"M18";"Observabilidade, performance, concorrencia e producao";"PLANEJADA_RECONSTRUIDA";"Aula pratica guiada";"Actuator";"558_M18_03_ACTUATOR_OFICIAL.md";"Aula planejada: Actuator. Operar e diagnosticar sistemas em producao com logs, metricas, tracing, performance, concorrencia e runbooks.";"GRADE_RECONSTRUIDA_ATUALIZADA_POS_474";"Gerar somente apos recuperar a aula 398 e validar a aula anterior imediata. Manter numeracao, modulo, laboratorio, escopo e ponte."
"559";"M18.04";"M18";"Observabilidade, performance, concorrencia e producao";"PLANEJADA_RECONSTRUIDA";"Aula pratica guiada";"Micrometer";"559_M18_04_MICROMETER_OFICIAL.md";"Aula planejada: Micrometer. Operar e diagnosticar sistemas em producao com logs, metricas, tracing, performance, concorrencia e runbooks.";"GRADE_RECONSTRUIDA_ATUALIZADA_POS_474";"Gerar somente apos recuperar a aula 398 e validar a aula anterior imediata. Manter numeracao, modulo, laboratorio, escopo e ponte."
"560";"M18.05";"M18";"Observabilidade, performance, concorrencia e producao";"PLANEJADA_RECONSTRUIDA";"Aula pratica guiada";"Golden signals";"560_M18_05_GOLDEN_SIGNALS_OFICIAL.md";"Aula planejada: Golden signals. Operar e diagnosticar sistemas em producao com logs, metricas, tracing, performance, concorrencia e runbooks.";"GRADE_RECONSTRUIDA_ATUALIZADA_POS_474";"Gerar somente apos recuperar a aula 398 e validar a aula anterior imediata. Manter numeracao, modulo, laboratorio, escopo e ponte."
"561";"M18.06";"M18";"Observabilidade, performance, concorrencia e producao";"PLANEJADA_RECONSTRUIDA";"Aula pratica guiada";"SLI SLO SLA";"561_M18_06_SLI_SLO_SLA_OFICIAL.md";"Aula planejada: SLI SLO SLA. Operar e diagnosticar sistemas em producao com logs, metricas, tracing, performance, concorrencia e runbooks.";"GRADE_RECONSTRUIDA_ATUALIZADA_POS_474";"Gerar somente apos recuperar a aula 398 e validar a aula anterior imediata. Manter numeracao, modulo, laboratorio, escopo e ponte."
"562";"M18.07";"M18";"Observabilidade, performance, concorrencia e producao";"PLANEJADA_RECONSTRUIDA";"Aula pratica guiada";"Prometheus";"562_M18_07_PROMETHEUS_OFICIAL.md";"Aula planejada: Prometheus. Operar e diagnosticar sistemas em producao com logs, metricas, tracing, performance, concorrencia e runbooks.";"GRADE_RECONSTRUIDA_ATUALIZADA_POS_474";"Gerar somente apos recuperar a aula 398 e validar a aula anterior imediata. Manter numeracao, modulo, laboratorio, escopo e ponte."
"563";"M18.08";"M18";"Observabilidade, performance, concorrencia e producao";"PLANEJADA_RECONSTRUIDA";"Aula pratica guiada";"Grafana";"563_M18_08_GRAFANA_OFICIAL.md";"Aula planejada: Grafana. Operar e diagnosticar sistemas em producao com logs, metricas, tracing, performance, concorrencia e runbooks.";"GRADE_RECONSTRUIDA_ATUALIZADA_POS_474";"Gerar somente apos recuperar a aula 398 e validar a aula anterior imediata. Manter numeracao, modulo, laboratorio, escopo e ponte."
"564";"M18.09";"M18";"Observabilidade, performance, concorrencia e producao";"PLANEJADA_RECONSTRUIDA";"Aula pratica guiada";"OpenTelemetry";"564_M18_09_OPENTELEMETRY_OFICIAL.md";"Aula planejada: OpenTelemetry. Operar e diagnosticar sistemas em producao com logs, metricas, tracing, performance, concorrencia e runbooks.";"GRADE_RECONSTRUIDA_ATUALIZADA_POS_474";"Gerar somente apos recuperar a aula 398 e validar a aula anterior imediata. Manter numeracao, modulo, laboratorio, escopo e ponte."
"565";"M18.10";"M18";"Observabilidade, performance, concorrencia e producao";"PLANEJADA_RECONSTRUIDA";"Aula pratica guiada";"Tracing distribuido";"565_M18_10_TRACING_DISTRIBUIDO_OFICIAL.md";"Aula planejada: Tracing distribuido. Operar e diagnosticar sistemas em producao com logs, metricas, tracing, performance, concorrencia e runbooks.";"GRADE_RECONSTRUIDA_ATUALIZADA_POS_474";"Gerar somente apos recuperar a aula 398 e validar a aula anterior imediata. Manter numeracao, modulo, laboratorio, escopo e ponte."
"566";"M18.11";"M18";"Observabilidade, performance, concorrencia e producao";"PLANEJADA_RECONSTRUIDA";"Aula pratica guiada";"Alertas";"566_M18_11_ALERTAS_OFICIAL.md";"Aula planejada: Alertas. Operar e diagnosticar sistemas em producao com logs, metricas, tracing, performance, concorrencia e runbooks.";"GRADE_RECONSTRUIDA_ATUALIZADA_POS_474";"Gerar somente apos recuperar a aula 398 e validar a aula anterior imediata. Manter numeracao, modulo, laboratorio, escopo e ponte."
"567";"M18.12";"M18";"Observabilidade, performance, concorrencia e producao";"PLANEJADA_RECONSTRUIDA";"Aula pratica guiada";"Runbooks";"567_M18_12_RUNBOOKS_OFICIAL.md";"Aula planejada: Runbooks. Operar e diagnosticar sistemas em producao com logs, metricas, tracing, performance, concorrencia e runbooks.";"GRADE_RECONSTRUIDA_ATUALIZADA_POS_474";"Gerar somente apos recuperar a aula 398 e validar a aula anterior imediata. Manter numeracao, modulo, laboratorio, escopo e ponte."
"568";"M18.13";"M18";"Observabilidade, performance, concorrencia e producao";"PLANEJADA_RECONSTRUIDA";"Aula pratica guiada";"Postmortem";"568_M18_13_POSTMORTEM_OFICIAL.md";"Aula planejada: Postmortem. Operar e diagnosticar sistemas em producao com logs, metricas, tracing, performance, concorrencia e runbooks.";"GRADE_RECONSTRUIDA_ATUALIZADA_POS_474";"Gerar somente apos recuperar a aula 398 e validar a aula anterior imediata. Manter numeracao, modulo, laboratorio, escopo e ponte."
"569";"M18.14";"M18";"Observabilidade, performance, concorrencia e producao";"PLANEJADA_RECONSTRUIDA";"Aula pratica guiada";"Troubleshooting por logs";"569_M18_14_TROUBLESHOOTING_POR_LOGS_OFICIAL.md";"Aula planejada: Troubleshooting por logs. Operar e diagnosticar sistemas em producao com logs, metricas, tracing, performance, concorrencia e runbooks.";"GRADE_RECONSTRUIDA_ATUALIZADA_POS_474";"Gerar somente apos recuperar a aula 398 e validar a aula anterior imediata. Manter numeracao, modulo, laboratorio, escopo e ponte."
"570";"M18.15";"M18";"Observabilidade, performance, concorrencia e producao";"PLANEJADA_RECONSTRUIDA";"Aula pratica guiada";"Thread dump";"570_M18_15_THREAD_DUMP_OFICIAL.md";"Aula planejada: Thread dump. Operar e diagnosticar sistemas em producao com logs, metricas, tracing, performance, concorrencia e runbooks.";"GRADE_RECONSTRUIDA_ATUALIZADA_POS_474";"Gerar somente apos recuperar a aula 398 e validar a aula anterior imediata. Manter numeracao, modulo, laboratorio, escopo e ponte."
"571";"M18.16";"M18";"Observabilidade, performance, concorrencia e producao";"PLANEJADA_RECONSTRUIDA";"Aula pratica guiada";"Heap dump";"571_M18_16_HEAP_DUMP_OFICIAL.md";"Aula planejada: Heap dump. Operar e diagnosticar sistemas em producao com logs, metricas, tracing, performance, concorrencia e runbooks.";"GRADE_RECONSTRUIDA_ATUALIZADA_POS_474";"Gerar somente apos recuperar a aula 398 e validar a aula anterior imediata. Manter numeracao, modulo, laboratorio, escopo e ponte."
"572";"M18.17";"M18";"Observabilidade, performance, concorrencia e producao";"PLANEJADA_RECONSTRUIDA";"Aula pratica guiada";"GC logs";"572_M18_17_GC_LOGS_OFICIAL.md";"Aula planejada: GC logs. Operar e diagnosticar sistemas em producao com logs, metricas, tracing, performance, concorrencia e runbooks.";"GRADE_RECONSTRUIDA_ATUALIZADA_POS_474";"Gerar somente apos recuperar a aula 398 e validar a aula anterior imediata. Manter numeracao, modulo, laboratorio, escopo e ponte."
"573";"M18.18";"M18";"Observabilidade, performance, concorrencia e producao";"PLANEJADA_RECONSTRUIDA";"Aula pratica guiada";"JVM tuning basico";"573_M18_18_JVM_TUNING_BASICO_OFICIAL.md";"Aula planejada: JVM tuning basico. Operar e diagnosticar sistemas em producao com logs, metricas, tracing, performance, concorrencia e runbooks.";"GRADE_RECONSTRUIDA_ATUALIZADA_POS_474";"Gerar somente apos recuperar a aula 398 e validar a aula anterior imediata. Manter numeracao, modulo, laboratorio, escopo e ponte."
"574";"M18.19";"M18";"Observabilidade, performance, concorrencia e producao";"PLANEJADA_RECONSTRUIDA";"Aula pratica guiada";"Profiling com JFR";"574_M18_19_PROFILING_COM_JFR_OFICIAL.md";"Aula planejada: Profiling com JFR. Operar e diagnosticar sistemas em producao com logs, metricas, tracing, performance, concorrencia e runbooks.";"GRADE_RECONSTRUIDA_ATUALIZADA_POS_474";"Gerar somente apos recuperar a aula 398 e validar a aula anterior imediata. Manter numeracao, modulo, laboratorio, escopo e ponte."
"575";"M18.20";"M18";"Observabilidade, performance, concorrencia e producao";"PLANEJADA_RECONSTRUIDA";"Aula pratica guiada";"JMC analise de gargalos";"575_M18_20_JMC_ANALISE_DE_GARGALOS_OFICIAL.md";"Aula planejada: JMC analise de gargalos. Operar e diagnosticar sistemas em producao com logs, metricas, tracing, performance, concorrencia e runbooks.";"GRADE_RECONSTRUIDA_ATUALIZADA_POS_474";"Gerar somente apos recuperar a aula 398 e validar a aula anterior imediata. Manter numeracao, modulo, laboratorio, escopo e ponte."
"576";"M18.21";"M18";"Observabilidade, performance, concorrencia e producao";"PLANEJADA_RECONSTRUIDA";"Aula pratica guiada";"Capacity planning";"576_M18_21_CAPACITY_PLANNING_OFICIAL.md";"Aula planejada: Capacity planning. Operar e diagnosticar sistemas em producao com logs, metricas, tracing, performance, concorrencia e runbooks.";"GRADE_RECONSTRUIDA_ATUALIZADA_POS_474";"Gerar somente apos recuperar a aula 398 e validar a aula anterior imediata. Manter numeracao, modulo, laboratorio, escopo e ponte."
"577";"M18.22";"M18";"Observabilidade, performance, concorrencia e producao";"PLANEJADA_RECONSTRUIDA";"Aula pratica guiada";"Orcamento de performance";"577_M18_22_ORCAMENTO_DE_PERFORMANCE_OFICIAL.md";"Aula planejada: Orcamento de performance. Operar e diagnosticar sistemas em producao com logs, metricas, tracing, performance, concorrencia e runbooks.";"GRADE_RECONSTRUIDA_ATUALIZADA_POS_474";"Gerar somente apos recuperar a aula 398 e validar a aula anterior imediata. Manter numeracao, modulo, laboratorio, escopo e ponte."
"578";"M18.23";"M18";"Observabilidade, performance, concorrencia e producao";"PLANEJADA_RECONSTRUIDA";"Aula pratica guiada";"Leitura de saturacao";"578_M18_23_LEITURA_DE_SATURACAO_OFICIAL.md";"Aula planejada: Leitura de saturacao. Operar e diagnosticar sistemas em producao com logs, metricas, tracing, performance, concorrencia e runbooks.";"GRADE_RECONSTRUIDA_ATUALIZADA_POS_474";"Gerar somente apos recuperar a aula 398 e validar a aula anterior imediata. Manter numeracao, modulo, laboratorio, escopo e ponte."
"579";"M18.24";"M18";"Observabilidade, performance, concorrencia e producao";"PLANEJADA_RECONSTRUIDA";"Aula pratica guiada";"Performance de API";"579_M18_24_PERFORMANCE_DE_API_OFICIAL.md";"Aula planejada: Performance de API. Operar e diagnosticar sistemas em producao com logs, metricas, tracing, performance, concorrencia e runbooks.";"GRADE_RECONSTRUIDA_ATUALIZADA_POS_474";"Gerar somente apos recuperar a aula 398 e validar a aula anterior imediata. Manter numeracao, modulo, laboratorio, escopo e ponte."
"580";"M18.25";"M18";"Observabilidade, performance, concorrencia e producao";"PLANEJADA_RECONSTRUIDA";"Aula pratica guiada";"Performance de banco";"580_M18_25_PERFORMANCE_DE_BANCO_OFICIAL.md";"Aula planejada: Performance de banco. Operar e diagnosticar sistemas em producao com logs, metricas, tracing, performance, concorrencia e runbooks.";"GRADE_RECONSTRUIDA_ATUALIZADA_POS_474";"Gerar somente apos recuperar a aula 398 e validar a aula anterior imediata. Manter numeracao, modulo, laboratorio, escopo e ponte."
"581";"M18.26";"M18";"Observabilidade, performance, concorrencia e producao";"PLANEJADA_RECONSTRUIDA";"Aula pratica guiada";"HikariCP tuning";"581_M18_26_HIKARICP_TUNING_OFICIAL.md";"Aula planejada: HikariCP tuning. Operar e diagnosticar sistemas em producao com logs, metricas, tracing, performance, concorrencia e runbooks.";"GRADE_RECONSTRUIDA_ATUALIZADA_POS_474";"Gerar somente apos recuperar a aula 398 e validar a aula anterior imediata. Manter numeracao, modulo, laboratorio, escopo e ponte."
"582";"M18.27";"M18";"Observabilidade, performance, concorrencia e producao";"PLANEJADA_RECONSTRUIDA";"Aula pratica guiada";"Cache local Caffeine";"582_M18_27_CACHE_LOCAL_CAFFEINE_OFICIAL.md";"Aula planejada: Cache local Caffeine. Operar e diagnosticar sistemas em producao com logs, metricas, tracing, performance, concorrencia e runbooks.";"GRADE_RECONSTRUIDA_ATUALIZADA_POS_474";"Gerar somente apos recuperar a aula 398 e validar a aula anterior imediata. Manter numeracao, modulo, laboratorio, escopo e ponte."
"583";"M18.28";"M18";"Observabilidade, performance, concorrencia e producao";"PLANEJADA_RECONSTRUIDA";"Aula pratica guiada";"Cache distribuido Redis";"583_M18_28_CACHE_DISTRIBUIDO_REDIS_OFICIAL.md";"Aula planejada: Cache distribuido Redis. Operar e diagnosticar sistemas em producao com logs, metricas, tracing, performance, concorrencia e runbooks.";"GRADE_RECONSTRUIDA_ATUALIZADA_POS_474";"Gerar somente apos recuperar a aula 398 e validar a aula anterior imediata. Manter numeracao, modulo, laboratorio, escopo e ponte."
"584";"M18.29";"M18";"Observabilidade, performance, concorrencia e producao";"PLANEJADA_RECONSTRUIDA";"Aula pratica guiada";"Cache invalidation";"584_M18_29_CACHE_INVALIDATION_OFICIAL.md";"Aula planejada: Cache invalidation. Operar e diagnosticar sistemas em producao com logs, metricas, tracing, performance, concorrencia e runbooks.";"GRADE_RECONSTRUIDA_ATUALIZADA_POS_474";"Gerar somente apos recuperar a aula 398 e validar a aula anterior imediata. Manter numeracao, modulo, laboratorio, escopo e ponte."
"585";"M18.30";"M18";"Observabilidade, performance, concorrencia e producao";"PLANEJADA_RECONSTRUIDA";"Aula pratica guiada";"Load testing K6 ou Gatling conceitual";"585_M18_30_LOAD_TESTING_K6_OU_GATLING_CONCEITUAL_OFICIAL.md";"Aula planejada: Load testing K6 ou Gatling conceitual. Operar e diagnosticar sistemas em producao com logs, metricas, tracing, performance, concorrencia e runbooks.";"GRADE_RECONSTRUIDA_ATUALIZADA_POS_474";"Gerar somente apos recuperar a aula 398 e validar a aula anterior imediata. Manter numeracao, modulo, laboratorio, escopo e ponte."
"586";"M18.31";"M18";"Observabilidade, performance, concorrencia e producao";"PLANEJADA_RECONSTRUIDA";"Aula pratica guiada";"Teste de stress carga pico";"586_M18_31_TESTE_DE_STRESS_CARGA_PICO_OFICIAL.md";"Aula planejada: Teste de stress carga pico. Operar e diagnosticar sistemas em producao com logs, metricas, tracing, performance, concorrencia e runbooks.";"GRADE_RECONSTRUIDA_ATUALIZADA_POS_474";"Gerar somente apos recuperar a aula 398 e validar a aula anterior imediata. Manter numeracao, modulo, laboratorio, escopo e ponte."
"587";"M18.32";"M18";"Observabilidade, performance, concorrencia e producao";"PLANEJADA_RECONSTRUIDA";"Aula pratica guiada";"Concorrencia Java classica";"587_M18_32_CONCORRENCIA_JAVA_CLASSICA_OFICIAL.md";"Aula planejada: Concorrencia Java classica. Operar e diagnosticar sistemas em producao com logs, metricas, tracing, performance, concorrencia e runbooks.";"GRADE_RECONSTRUIDA_ATUALIZADA_POS_474";"Gerar somente apos recuperar a aula 398 e validar a aula anterior imediata. Manter numeracao, modulo, laboratorio, escopo e ponte."
"588";"M18.33";"M18";"Observabilidade, performance, concorrencia e producao";"PLANEJADA_RECONSTRUIDA";"Aula pratica guiada";"Threads e Runnable";"588_M18_33_THREADS_E_RUNNABLE_OFICIAL.md";"Aula planejada: Threads e Runnable. Operar e diagnosticar sistemas em producao com logs, metricas, tracing, performance, concorrencia e runbooks.";"GRADE_RECONSTRUIDA_ATUALIZADA_POS_474";"Gerar somente apos recuperar a aula 398 e validar a aula anterior imediata. Manter numeracao, modulo, laboratorio, escopo e ponte."
"589";"M18.34";"M18";"Observabilidade, performance, concorrencia e producao";"PLANEJADA_RECONSTRUIDA";"Aula pratica guiada";"ExecutorService pools";"589_M18_34_EXECUTORSERVICE_POOLS_OFICIAL.md";"Aula planejada: ExecutorService pools. Operar e diagnosticar sistemas em producao com logs, metricas, tracing, performance, concorrencia e runbooks.";"GRADE_RECONSTRUIDA_ATUALIZADA_POS_474";"Gerar somente apos recuperar a aula 398 e validar a aula anterior imediata. Manter numeracao, modulo, laboratorio, escopo e ponte."
"590";"M18.35";"M18";"Observabilidade, performance, concorrencia e producao";"PLANEJADA_RECONSTRUIDA";"Aula pratica guiada";"CompletableFuture";"590_M18_35_COMPLETABLEFUTURE_OFICIAL.md";"Aula planejada: CompletableFuture. Operar e diagnosticar sistemas em producao com logs, metricas, tracing, performance, concorrencia e runbooks.";"GRADE_RECONSTRUIDA_ATUALIZADA_POS_474";"Gerar somente apos recuperar a aula 398 e validar a aula anterior imediata. Manter numeracao, modulo, laboratorio, escopo e ponte."
"591";"M18.36";"M18";"Observabilidade, performance, concorrencia e producao";"PLANEJADA_RECONSTRUIDA";"Aula pratica guiada";"Virtual threads";"591_M18_36_VIRTUAL_THREADS_OFICIAL.md";"Aula planejada: Virtual threads. Operar e diagnosticar sistemas em producao com logs, metricas, tracing, performance, concorrencia e runbooks.";"GRADE_RECONSTRUIDA_ATUALIZADA_POS_474";"Gerar somente apos recuperar a aula 398 e validar a aula anterior imediata. Manter numeracao, modulo, laboratorio, escopo e ponte."
"592";"M18.37";"M18";"Observabilidade, performance, concorrencia e producao";"PLANEJADA_RECONSTRUIDA";"Aula pratica guiada";"Sincronizacao locks atomic";"592_M18_37_SINCRONIZACAO_LOCKS_ATOMIC_OFICIAL.md";"Aula planejada: Sincronizacao locks atomic. Operar e diagnosticar sistemas em producao com logs, metricas, tracing, performance, concorrencia e runbooks.";"GRADE_RECONSTRUIDA_ATUALIZADA_POS_474";"Gerar somente apos recuperar a aula 398 e validar a aula anterior imediata. Manter numeracao, modulo, laboratorio, escopo e ponte."
"593";"M18.38";"M18";"Observabilidade, performance, concorrencia e producao";"PLANEJADA_RECONSTRUIDA";"Aula pratica guiada";"Race condition";"593_M18_38_RACE_CONDITION_OFICIAL.md";"Aula planejada: Race condition. Operar e diagnosticar sistemas em producao com logs, metricas, tracing, performance, concorrencia e runbooks.";"GRADE_RECONSTRUIDA_ATUALIZADA_POS_474";"Gerar somente apos recuperar a aula 398 e validar a aula anterior imediata. Manter numeracao, modulo, laboratorio, escopo e ponte."
"594";"M18.39";"M18";"Observabilidade, performance, concorrencia e producao";"PLANEJADA_RECONSTRUIDA";"Aula pratica guiada";"Deadlocks em Java";"594_M18_39_DEADLOCKS_EM_JAVA_OFICIAL.md";"Aula planejada: Deadlocks em Java. Operar e diagnosticar sistemas em producao com logs, metricas, tracing, performance, concorrencia e runbooks.";"GRADE_RECONSTRUIDA_ATUALIZADA_POS_474";"Gerar somente apos recuperar a aula 398 e validar a aula anterior imediata. Manter numeracao, modulo, laboratorio, escopo e ponte."
"595";"M18.40";"M18";"Observabilidade, performance, concorrencia e producao";"PLANEJADA_RECONSTRUIDA";"Aula pratica guiada";"Backpressure conceitual";"595_M18_40_BACKPRESSURE_CONCEITUAL_OFICIAL.md";"Aula planejada: Backpressure conceitual. Operar e diagnosticar sistemas em producao com logs, metricas, tracing, performance, concorrencia e runbooks.";"GRADE_RECONSTRUIDA_ATUALIZADA_POS_474";"Gerar somente apos recuperar a aula 398 e validar a aula anterior imediata. Manter numeracao, modulo, laboratorio, escopo e ponte."
"596";"M18.41";"M18";"Observabilidade, performance, concorrencia e producao";"PLANEJADA_RECONSTRUIDA";"Aula pratica guiada";"Timeouts em producao";"596_M18_41_TIMEOUTS_EM_PRODUCAO_OFICIAL.md";"Aula planejada: Timeouts em producao. Operar e diagnosticar sistemas em producao com logs, metricas, tracing, performance, concorrencia e runbooks.";"GRADE_RECONSTRUIDA_ATUALIZADA_POS_474";"Gerar somente apos recuperar a aula 398 e validar a aula anterior imediata. Manter numeracao, modulo, laboratorio, escopo e ponte."
"597";"M18.42";"M18";"Observabilidade, performance, concorrencia e producao";"PLANEJADA_RECONSTRUIDA";"Aula pratica guiada";"Memory leak diagnostico";"597_M18_42_MEMORY_LEAK_DIAGNOSTICO_OFICIAL.md";"Aula planejada: Memory leak diagnostico. Operar e diagnosticar sistemas em producao com logs, metricas, tracing, performance, concorrencia e runbooks.";"GRADE_RECONSTRUIDA_ATUALIZADA_POS_474";"Gerar somente apos recuperar a aula 398 e validar a aula anterior imediata. Manter numeracao, modulo, laboratorio, escopo e ponte."
"598";"M18.43";"M18";"Observabilidade, performance, concorrencia e producao";"PLANEJADA_RECONSTRUIDA";"Aula pratica guiada";"CPU high diagnostico";"598_M18_43_CPU_HIGH_DIAGNOSTICO_OFICIAL.md";"Aula planejada: CPU high diagnostico. Operar e diagnosticar sistemas em producao com logs, metricas, tracing, performance, concorrencia e runbooks.";"GRADE_RECONSTRUIDA_ATUALIZADA_POS_474";"Gerar somente apos recuperar a aula 398 e validar a aula anterior imediata. Manter numeracao, modulo, laboratorio, escopo e ponte."
"599";"M18.44";"M18";"Observabilidade, performance, concorrencia e producao";"PLANEJADA_RECONSTRUIDA";"Aula pratica guiada";"Banco lento diagnostico";"599_M18_44_BANCO_LENTO_DIAGNOSTICO_OFICIAL.md";"Aula planejada: Banco lento diagnostico. Operar e diagnosticar sistemas em producao com logs, metricas, tracing, performance, concorrencia e runbooks.";"GRADE_RECONSTRUIDA_ATUALIZADA_POS_474";"Gerar somente apos recuperar a aula 398 e validar a aula anterior imediata. Manter numeracao, modulo, laboratorio, escopo e ponte."
"600";"M18.45";"M18";"Observabilidade, performance, concorrencia e producao";"PLANEJADA_RECONSTRUIDA";"Aula pratica guiada";"Runbook de incidente";"600_M18_45_RUNBOOK_DE_INCIDENTE_OFICIAL.md";"Aula planejada: Runbook de incidente. Operar e diagnosticar sistemas em producao com logs, metricas, tracing, performance, concorrencia e runbooks.";"GRADE_RECONSTRUIDA_ATUALIZADA_POS_474";"Gerar somente apos recuperar a aula 398 e validar a aula anterior imediata. Manter numeracao, modulo, laboratorio, escopo e ponte."
"601";"M18.46";"M18";"Observabilidade, performance, concorrencia e producao";"PLANEJADA_RECONSTRUIDA";"Projeto pratico guiado";"Projeto API observavel parte 1";"601_M18_46_PROJETO_API_OBSERVAVEL_PARTE_1_OFICIAL.md";"Aula planejada: Projeto API observavel parte 1. Operar e diagnosticar sistemas em producao com logs, metricas, tracing, performance, concorrencia e runbooks.";"GRADE_RECONSTRUIDA_ATUALIZADA_POS_474";"Gerar somente apos recuperar a aula 398 e validar a aula anterior imediata. Manter numeracao, modulo, laboratorio, escopo e ponte."
"602";"M18.47";"M18";"Observabilidade, performance, concorrencia e producao";"PLANEJADA_RECONSTRUIDA";"Projeto pratico guiado";"Projeto API observavel parte 2";"602_M18_47_PROJETO_API_OBSERVAVEL_PARTE_2_OFICIAL.md";"Aula planejada: Projeto API observavel parte 2. Operar e diagnosticar sistemas em producao com logs, metricas, tracing, performance, concorrencia e runbooks.";"GRADE_RECONSTRUIDA_ATUALIZADA_POS_474";"Gerar somente apos recuperar a aula 398 e validar a aula anterior imediata. Manter numeracao, modulo, laboratorio, escopo e ponte."
"603";"M18.48";"M18";"Observabilidade, performance, concorrencia e producao";"PLANEJADA_RECONSTRUIDA";"Projeto pratico guiado";"Projeto API observavel parte 3 otimizacao";"603_M18_48_PROJETO_API_OBSERVAVEL_PARTE_3_OTIMIZACAO_OFICIAL.md";"Aula planejada: Projeto API observavel parte 3 otimizacao. Operar e diagnosticar sistemas em producao com logs, metricas, tracing, performance, concorrencia e runbooks.";"GRADE_RECONSTRUIDA_ATUALIZADA_POS_474";"Gerar somente apos recuperar a aula 398 e validar a aula anterior imediata. Manter numeracao, modulo, laboratorio, escopo e ponte."
"604";"M18.49";"M18";"Observabilidade, performance, concorrencia e producao";"PLANEJADA_RECONSTRUIDA";"Revisao tecnica";"Revisao producao parte 1";"604_M18_49_REVISAO_PRODUCAO_PARTE_1_OFICIAL.md";"Aula planejada: Revisao producao parte 1. Operar e diagnosticar sistemas em producao com logs, metricas, tracing, performance, concorrencia e runbooks.";"GRADE_RECONSTRUIDA_ATUALIZADA_POS_474";"Gerar somente apos recuperar a aula 398 e validar a aula anterior imediata. Manter numeracao, modulo, laboratorio, escopo e ponte."
"605";"M18.50";"M18";"Observabilidade, performance, concorrencia e producao";"PLANEJADA_RECONSTRUIDA";"Revisao tecnica";"Revisao producao parte 2";"605_M18_50_REVISAO_PRODUCAO_PARTE_2_OFICIAL.md";"Aula planejada: Revisao producao parte 2. Operar e diagnosticar sistemas em producao com logs, metricas, tracing, performance, concorrencia e runbooks.";"GRADE_RECONSTRUIDA_ATUALIZADA_POS_474";"Gerar somente apos recuperar a aula 398 e validar a aula anterior imediata. Manter numeracao, modulo, laboratorio, escopo e ponte."
"606";"M18.51";"M18";"Observabilidade, performance, concorrencia e producao";"PLANEJADA_RECONSTRUIDA";"Avaliacao pratica";"Prova pratica producao";"606_M18_51_PROVA_PRATICA_PRODUCAO_OFICIAL.md";"Aula planejada: Prova pratica producao. Operar e diagnosticar sistemas em producao com logs, metricas, tracing, performance, concorrencia e runbooks.";"GRADE_RECONSTRUIDA_ATUALIZADA_POS_474";"Gerar somente apos recuperar a aula 398 e validar a aula anterior imediata. Manter numeracao, modulo, laboratorio, escopo e ponte."
"607";"M18.52";"M18";"Observabilidade, performance, concorrencia e producao";"PLANEJADA_RECONSTRUIDA";"Aula pratica guiada";"Refatoracao final producao";"607_M18_52_REFATORACAO_FINAL_PRODUCAO_OFICIAL.md";"Aula planejada: Refatoracao final producao. Operar e diagnosticar sistemas em producao com logs, metricas, tracing, performance, concorrencia e runbooks.";"GRADE_RECONSTRUIDA_ATUALIZADA_POS_474";"Gerar somente apos recuperar a aula 398 e validar a aula anterior imediata. Manter numeracao, modulo, laboratorio, escopo e ponte."
"608";"M18.53";"M18";"Observabilidade, performance, concorrencia e producao";"PLANEJADA_RECONSTRUIDA";"Aula ensinavel";"Aula ensinavel producao";"608_M18_53_AULA_ENSINAVEL_PRODUCAO_OFICIAL.md";"Aula planejada: Aula ensinavel producao. Operar e diagnosticar sistemas em producao com logs, metricas, tracing, performance, concorrencia e runbooks.";"GRADE_RECONSTRUIDA_ATUALIZADA_POS_474";"Gerar somente apos recuperar a aula 398 e validar a aula anterior imediata. Manter numeracao, modulo, laboratorio, escopo e ponte."
"609";"M18.54";"M18";"Observabilidade, performance, concorrencia e producao";"PLANEJADA_RECONSTRUIDA";"Aula pratica guiada";"Checklist SRE para Backend Java";"609_M18_54_CHECKLIST_SRE_PARA_BACKEND_JAVA_OFICIAL.md";"Aula planejada: Checklist SRE para Backend Java. Operar e diagnosticar sistemas em producao com logs, metricas, tracing, performance, concorrencia e runbooks.";"GRADE_RECONSTRUIDA_ATUALIZADA_POS_474";"Gerar somente apos recuperar a aula 398 e validar a aula anterior imediata. Manter numeracao, modulo, laboratorio, escopo e ponte."
"610";"M18.55";"M18";"Observabilidade, performance, concorrencia e producao";"PLANEJADA_RECONSTRUIDA";"Fechamento de modulo";"Fechamento do Modulo 18";"610_M18_55_FECHAMENTO_DO_MODULO_18_OFICIAL.md";"Aula planejada: Fechamento do Modulo 18. Operar e diagnosticar sistemas em producao com logs, metricas, tracing, performance, concorrencia e runbooks.";"GRADE_RECONSTRUIDA_ATUALIZADA_POS_474";"Gerar somente apos recuperar a aula 398 e validar a aula anterior imediata. Manter numeracao, modulo, laboratorio, escopo e ponte."
"611";"M19.01";"M19";"Arquitetura, DDD, sistemas distribuidos e lideranca tecnica";"PLANEJADA_RECONSTRUIDA";"Aula pratica guiada";"Arquitetura em camadas";"611_M19_01_ARQUITETURA_EM_CAMADAS_OFICIAL.md";"Aula planejada: Arquitetura em camadas. Formar raciocinio de engenharia e arquitetura: fronteiras, DDD, sistemas distribuidos, trade-offs e lideranca tecnica.";"GRADE_RECONSTRUIDA_ATUALIZADA_POS_474";"Gerar somente apos recuperar a aula 398 e validar a aula anterior imediata. Manter numeracao, modulo, laboratorio, escopo e ponte."
"612";"M19.02";"M19";"Arquitetura, DDD, sistemas distribuidos e lideranca tecnica";"PLANEJADA_RECONSTRUIDA";"Aula pratica guiada";"Clean Architecture";"612_M19_02_CLEAN_ARCHITECTURE_OFICIAL.md";"Aula planejada: Clean Architecture. Formar raciocinio de engenharia e arquitetura: fronteiras, DDD, sistemas distribuidos, trade-offs e lideranca tecnica.";"GRADE_RECONSTRUIDA_ATUALIZADA_POS_474";"Gerar somente apos recuperar a aula 398 e validar a aula anterior imediata. Manter numeracao, modulo, laboratorio, escopo e ponte."
"613";"M19.03";"M19";"Arquitetura, DDD, sistemas distribuidos e lideranca tecnica";"PLANEJADA_RECONSTRUIDA";"Aula pratica guiada";"Arquitetura Hexagonal";"613_M19_03_ARQUITETURA_HEXAGONAL_OFICIAL.md";"Aula planejada: Arquitetura Hexagonal. Formar raciocinio de engenharia e arquitetura: fronteiras, DDD, sistemas distribuidos, trade-offs e lideranca tecnica.";"GRADE_RECONSTRUIDA_ATUALIZADA_POS_474";"Gerar somente apos recuperar a aula 398 e validar a aula anterior imediata. Manter numeracao, modulo, laboratorio, escopo e ponte."
"614";"M19.04";"M19";"Arquitetura, DDD, sistemas distribuidos e lideranca tecnica";"PLANEJADA_RECONSTRUIDA";"Aula pratica guiada";"Ports and Adapters";"614_M19_04_PORTS_AND_ADAPTERS_OFICIAL.md";"Aula planejada: Ports and Adapters. Formar raciocinio de engenharia e arquitetura: fronteiras, DDD, sistemas distribuidos, trade-offs e lideranca tecnica.";"GRADE_RECONSTRUIDA_ATUALIZADA_POS_474";"Gerar somente apos recuperar a aula 398 e validar a aula anterior imediata. Manter numeracao, modulo, laboratorio, escopo e ponte."
"615";"M19.05";"M19";"Arquitetura, DDD, sistemas distribuidos e lideranca tecnica";"PLANEJADA_RECONSTRUIDA";"Aula pratica guiada";"Monolito modular";"615_M19_05_MONOLITO_MODULAR_OFICIAL.md";"Aula planejada: Monolito modular. Formar raciocinio de engenharia e arquitetura: fronteiras, DDD, sistemas distribuidos, trade-offs e lideranca tecnica.";"GRADE_RECONSTRUIDA_ATUALIZADA_POS_474";"Gerar somente apos recuperar a aula 398 e validar a aula anterior imediata. Manter numeracao, modulo, laboratorio, escopo e ponte."
"616";"M19.06";"M19";"Arquitetura, DDD, sistemas distribuidos e lideranca tecnica";"PLANEJADA_RECONSTRUIDA";"Aula pratica guiada";"Modularizacao em Java";"616_M19_06_MODULARIZACAO_EM_JAVA_OFICIAL.md";"Aula planejada: Modularizacao em Java. Formar raciocinio de engenharia e arquitetura: fronteiras, DDD, sistemas distribuidos, trade-offs e lideranca tecnica.";"GRADE_RECONSTRUIDA_ATUALIZADA_POS_474";"Gerar somente apos recuperar a aula 398 e validar a aula anterior imediata. Manter numeracao, modulo, laboratorio, escopo e ponte."
"617";"M19.07";"M19";"Arquitetura, DDD, sistemas distribuidos e lideranca tecnica";"PLANEJADA_RECONSTRUIDA";"Aula pratica guiada";"DDD fundamentos";"617_M19_07_DDD_FUNDAMENTOS_OFICIAL.md";"Aula planejada: DDD fundamentos. Formar raciocinio de engenharia e arquitetura: fronteiras, DDD, sistemas distribuidos, trade-offs e lideranca tecnica.";"GRADE_RECONSTRUIDA_ATUALIZADA_POS_474";"Gerar somente apos recuperar a aula 398 e validar a aula anterior imediata. Manter numeracao, modulo, laboratorio, escopo e ponte."
"618";"M19.08";"M19";"Arquitetura, DDD, sistemas distribuidos e lideranca tecnica";"PLANEJADA_RECONSTRUIDA";"Aula pratica guiada";"DDD estrategico";"618_M19_08_DDD_ESTRATEGICO_OFICIAL.md";"Aula planejada: DDD estrategico. Formar raciocinio de engenharia e arquitetura: fronteiras, DDD, sistemas distribuidos, trade-offs e lideranca tecnica.";"GRADE_RECONSTRUIDA_ATUALIZADA_POS_474";"Gerar somente apos recuperar a aula 398 e validar a aula anterior imediata. Manter numeracao, modulo, laboratorio, escopo e ponte."
"619";"M19.09";"M19";"Arquitetura, DDD, sistemas distribuidos e lideranca tecnica";"PLANEJADA_RECONSTRUIDA";"Aula pratica guiada";"DDD tatico";"619_M19_09_DDD_TATICO_OFICIAL.md";"Aula planejada: DDD tatico. Formar raciocinio de engenharia e arquitetura: fronteiras, DDD, sistemas distribuidos, trade-offs e lideranca tecnica.";"GRADE_RECONSTRUIDA_ATUALIZADA_POS_474";"Gerar somente apos recuperar a aula 398 e validar a aula anterior imediata. Manter numeracao, modulo, laboratorio, escopo e ponte."
"620";"M19.10";"M19";"Arquitetura, DDD, sistemas distribuidos e lideranca tecnica";"PLANEJADA_RECONSTRUIDA";"Aula pratica guiada";"Ubiquitous Language";"620_M19_10_UBIQUITOUS_LANGUAGE_OFICIAL.md";"Aula planejada: Ubiquitous Language. Formar raciocinio de engenharia e arquitetura: fronteiras, DDD, sistemas distribuidos, trade-offs e lideranca tecnica.";"GRADE_RECONSTRUIDA_ATUALIZADA_POS_474";"Gerar somente apos recuperar a aula 398 e validar a aula anterior imediata. Manter numeracao, modulo, laboratorio, escopo e ponte."
"621";"M19.11";"M19";"Arquitetura, DDD, sistemas distribuidos e lideranca tecnica";"PLANEJADA_RECONSTRUIDA";"Aula pratica guiada";"Bounded Context";"621_M19_11_BOUNDED_CONTEXT_OFICIAL.md";"Aula planejada: Bounded Context. Formar raciocinio de engenharia e arquitetura: fronteiras, DDD, sistemas distribuidos, trade-offs e lideranca tecnica.";"GRADE_RECONSTRUIDA_ATUALIZADA_POS_474";"Gerar somente apos recuperar a aula 398 e validar a aula anterior imediata. Manter numeracao, modulo, laboratorio, escopo e ponte."
"622";"M19.12";"M19";"Arquitetura, DDD, sistemas distribuidos e lideranca tecnica";"PLANEJADA_RECONSTRUIDA";"Aula pratica guiada";"Context Map";"622_M19_12_CONTEXT_MAP_OFICIAL.md";"Aula planejada: Context Map. Formar raciocinio de engenharia e arquitetura: fronteiras, DDD, sistemas distribuidos, trade-offs e lideranca tecnica.";"GRADE_RECONSTRUIDA_ATUALIZADA_POS_474";"Gerar somente apos recuperar a aula 398 e validar a aula anterior imediata. Manter numeracao, modulo, laboratorio, escopo e ponte."
"623";"M19.13";"M19";"Arquitetura, DDD, sistemas distribuidos e lideranca tecnica";"PLANEJADA_RECONSTRUIDA";"Aula pratica guiada";"Anti Corruption Layer";"623_M19_13_ANTI_CORRUPTION_LAYER_OFICIAL.md";"Aula planejada: Anti Corruption Layer. Formar raciocinio de engenharia e arquitetura: fronteiras, DDD, sistemas distribuidos, trade-offs e lideranca tecnica.";"GRADE_RECONSTRUIDA_ATUALIZADA_POS_474";"Gerar somente apos recuperar a aula 398 e validar a aula anterior imediata. Manter numeracao, modulo, laboratorio, escopo e ponte."
"624";"M19.14";"M19";"Arquitetura, DDD, sistemas distribuidos e lideranca tecnica";"PLANEJADA_RECONSTRUIDA";"Aula pratica guiada";"Entity Value Object revisitados";"624_M19_14_ENTITY_VALUE_OBJECT_REVISITADOS_OFICIAL.md";"Aula planejada: Entity Value Object revisitados. Formar raciocinio de engenharia e arquitetura: fronteiras, DDD, sistemas distribuidos, trade-offs e lideranca tecnica.";"GRADE_RECONSTRUIDA_ATUALIZADA_POS_474";"Gerar somente apos recuperar a aula 398 e validar a aula anterior imediata. Manter numeracao, modulo, laboratorio, escopo e ponte."
"625";"M19.15";"M19";"Arquitetura, DDD, sistemas distribuidos e lideranca tecnica";"PLANEJADA_RECONSTRUIDA";"Aula pratica guiada";"Aggregate Aggregate Root";"625_M19_15_AGGREGATE_AGGREGATE_ROOT_OFICIAL.md";"Aula planejada: Aggregate Aggregate Root. Formar raciocinio de engenharia e arquitetura: fronteiras, DDD, sistemas distribuidos, trade-offs e lideranca tecnica.";"GRADE_RECONSTRUIDA_ATUALIZADA_POS_474";"Gerar somente apos recuperar a aula 398 e validar a aula anterior imediata. Manter numeracao, modulo, laboratorio, escopo e ponte."
"626";"M19.16";"M19";"Arquitetura, DDD, sistemas distribuidos e lideranca tecnica";"PLANEJADA_RECONSTRUIDA";"Aula pratica guiada";"Repository em DDD";"626_M19_16_REPOSITORY_EM_DDD_OFICIAL.md";"Aula planejada: Repository em DDD. Formar raciocinio de engenharia e arquitetura: fronteiras, DDD, sistemas distribuidos, trade-offs e lideranca tecnica.";"GRADE_RECONSTRUIDA_ATUALIZADA_POS_474";"Gerar somente apos recuperar a aula 398 e validar a aula anterior imediata. Manter numeracao, modulo, laboratorio, escopo e ponte."
"627";"M19.17";"M19";"Arquitetura, DDD, sistemas distribuidos e lideranca tecnica";"PLANEJADA_RECONSTRUIDA";"Aula pratica guiada";"Domain Service";"627_M19_17_DOMAIN_SERVICE_OFICIAL.md";"Aula planejada: Domain Service. Formar raciocinio de engenharia e arquitetura: fronteiras, DDD, sistemas distribuidos, trade-offs e lideranca tecnica.";"GRADE_RECONSTRUIDA_ATUALIZADA_POS_474";"Gerar somente apos recuperar a aula 398 e validar a aula anterior imediata. Manter numeracao, modulo, laboratorio, escopo e ponte."
"628";"M19.18";"M19";"Arquitetura, DDD, sistemas distribuidos e lideranca tecnica";"PLANEJADA_RECONSTRUIDA";"Aula pratica guiada";"Application Service Use Case";"628_M19_18_APPLICATION_SERVICE_USE_CASE_OFICIAL.md";"Aula planejada: Application Service Use Case. Formar raciocinio de engenharia e arquitetura: fronteiras, DDD, sistemas distribuidos, trade-offs e lideranca tecnica.";"GRADE_RECONSTRUIDA_ATUALIZADA_POS_474";"Gerar somente apos recuperar a aula 398 e validar a aula anterior imediata. Manter numeracao, modulo, laboratorio, escopo e ponte."
"629";"M19.19";"M19";"Arquitetura, DDD, sistemas distribuidos e lideranca tecnica";"PLANEJADA_RECONSTRUIDA";"Aula pratica guiada";"Domain Events";"629_M19_19_DOMAIN_EVENTS_OFICIAL.md";"Aula planejada: Domain Events. Formar raciocinio de engenharia e arquitetura: fronteiras, DDD, sistemas distribuidos, trade-offs e lideranca tecnica.";"GRADE_RECONSTRUIDA_ATUALIZADA_POS_474";"Gerar somente apos recuperar a aula 398 e validar a aula anterior imediata. Manter numeracao, modulo, laboratorio, escopo e ponte."
"630";"M19.20";"M19";"Arquitetura, DDD, sistemas distribuidos e lideranca tecnica";"PLANEJADA_RECONSTRUIDA";"Aula pratica guiada";"Event Storming";"630_M19_20_EVENT_STORMING_OFICIAL.md";"Aula planejada: Event Storming. Formar raciocinio de engenharia e arquitetura: fronteiras, DDD, sistemas distribuidos, trade-offs e lideranca tecnica.";"GRADE_RECONSTRUIDA_ATUALIZADA_POS_474";"Gerar somente apos recuperar a aula 398 e validar a aula anterior imediata. Manter numeracao, modulo, laboratorio, escopo e ponte."
"631";"M19.21";"M19";"Arquitetura, DDD, sistemas distribuidos e lideranca tecnica";"PLANEJADA_RECONSTRUIDA";"Aula pratica guiada";"CQRS";"631_M19_21_CQRS_OFICIAL.md";"Aula planejada: CQRS. Formar raciocinio de engenharia e arquitetura: fronteiras, DDD, sistemas distribuidos, trade-offs e lideranca tecnica.";"GRADE_RECONSTRUIDA_ATUALIZADA_POS_474";"Gerar somente apos recuperar a aula 398 e validar a aula anterior imediata. Manter numeracao, modulo, laboratorio, escopo e ponte."
"632";"M19.22";"M19";"Arquitetura, DDD, sistemas distribuidos e lideranca tecnica";"PLANEJADA_RECONSTRUIDA";"Aula pratica guiada";"Event Sourcing conceitual";"632_M19_22_EVENT_SOURCING_CONCEITUAL_OFICIAL.md";"Aula planejada: Event Sourcing conceitual. Formar raciocinio de engenharia e arquitetura: fronteiras, DDD, sistemas distribuidos, trade-offs e lideranca tecnica.";"GRADE_RECONSTRUIDA_ATUALIZADA_POS_474";"Gerar somente apos recuperar a aula 398 e validar a aula anterior imediata. Manter numeracao, modulo, laboratorio, escopo e ponte."
"633";"M19.23";"M19";"Arquitetura, DDD, sistemas distribuidos e lideranca tecnica";"PLANEJADA_RECONSTRUIDA";"Aula pratica guiada";"Arquitetura orientada a eventos";"633_M19_23_ARQUITETURA_ORIENTADA_A_EVENTOS_OFICIAL.md";"Aula planejada: Arquitetura orientada a eventos. Formar raciocinio de engenharia e arquitetura: fronteiras, DDD, sistemas distribuidos, trade-offs e lideranca tecnica.";"GRADE_RECONSTRUIDA_ATUALIZADA_POS_474";"Gerar somente apos recuperar a aula 398 e validar a aula anterior imediata. Manter numeracao, modulo, laboratorio, escopo e ponte."
"634";"M19.24";"M19";"Arquitetura, DDD, sistemas distribuidos e lideranca tecnica";"PLANEJADA_RECONSTRUIDA";"Aula pratica guiada";"Consistencia eventual";"634_M19_24_CONSISTENCIA_EVENTUAL_OFICIAL.md";"Aula planejada: Consistencia eventual. Formar raciocinio de engenharia e arquitetura: fronteiras, DDD, sistemas distribuidos, trade-offs e lideranca tecnica.";"GRADE_RECONSTRUIDA_ATUALIZADA_POS_474";"Gerar somente apos recuperar a aula 398 e validar a aula anterior imediata. Manter numeracao, modulo, laboratorio, escopo e ponte."
"635";"M19.25";"M19";"Arquitetura, DDD, sistemas distribuidos e lideranca tecnica";"PLANEJADA_RECONSTRUIDA";"Aula pratica guiada";"CAP";"635_M19_25_CAP_OFICIAL.md";"Aula planejada: CAP. Formar raciocinio de engenharia e arquitetura: fronteiras, DDD, sistemas distribuidos, trade-offs e lideranca tecnica.";"GRADE_RECONSTRUIDA_ATUALIZADA_POS_474";"Gerar somente apos recuperar a aula 398 e validar a aula anterior imediata. Manter numeracao, modulo, laboratorio, escopo e ponte."
"636";"M19.26";"M19";"Arquitetura, DDD, sistemas distribuidos e lideranca tecnica";"PLANEJADA_RECONSTRUIDA";"Aula pratica guiada";"PACELC";"636_M19_26_PACELC_OFICIAL.md";"Aula planejada: PACELC. Formar raciocinio de engenharia e arquitetura: fronteiras, DDD, sistemas distribuidos, trade-offs e lideranca tecnica.";"GRADE_RECONSTRUIDA_ATUALIZADA_POS_474";"Gerar somente apos recuperar a aula 398 e validar a aula anterior imediata. Manter numeracao, modulo, laboratorio, escopo e ponte."
"637";"M19.27";"M19";"Arquitetura, DDD, sistemas distribuidos e lideranca tecnica";"PLANEJADA_RECONSTRUIDA";"Aula pratica guiada";"Idempotencia avancada";"637_M19_27_IDEMPOTENCIA_AVANCADA_OFICIAL.md";"Aula planejada: Idempotencia avancada. Formar raciocinio de engenharia e arquitetura: fronteiras, DDD, sistemas distribuidos, trade-offs e lideranca tecnica.";"GRADE_RECONSTRUIDA_ATUALIZADA_POS_474";"Gerar somente apos recuperar a aula 398 e validar a aula anterior imediata. Manter numeracao, modulo, laboratorio, escopo e ponte."
"638";"M19.28";"M19";"Arquitetura, DDD, sistemas distribuidos e lideranca tecnica";"PLANEJADA_RECONSTRUIDA";"Aula pratica guiada";"Multi tenancy arquitetura";"638_M19_28_MULTI_TENANCY_ARQUITETURA_OFICIAL.md";"Aula planejada: Multi tenancy arquitetura. Formar raciocinio de engenharia e arquitetura: fronteiras, DDD, sistemas distribuidos, trade-offs e lideranca tecnica.";"GRADE_RECONSTRUIDA_ATUALIZADA_POS_474";"Gerar somente apos recuperar a aula 398 e validar a aula anterior imediata. Manter numeracao, modulo, laboratorio, escopo e ponte."
"639";"M19.29";"M19";"Arquitetura, DDD, sistemas distribuidos e lideranca tecnica";"PLANEJADA_RECONSTRUIDA";"Aula pratica guiada";"Escalabilidade horizontal vertical";"639_M19_29_ESCALABILIDADE_HORIZONTAL_VERTICAL_OFICIAL.md";"Aula planejada: Escalabilidade horizontal vertical. Formar raciocinio de engenharia e arquitetura: fronteiras, DDD, sistemas distribuidos, trade-offs e lideranca tecnica.";"GRADE_RECONSTRUIDA_ATUALIZADA_POS_474";"Gerar somente apos recuperar a aula 398 e validar a aula anterior imediata. Manter numeracao, modulo, laboratorio, escopo e ponte."
"640";"M19.30";"M19";"Arquitetura, DDD, sistemas distribuidos e lideranca tecnica";"PLANEJADA_RECONSTRUIDA";"Aula pratica guiada";"Resiliencia arquitetural";"640_M19_30_RESILIENCIA_ARQUITETURAL_OFICIAL.md";"Aula planejada: Resiliencia arquitetural. Formar raciocinio de engenharia e arquitetura: fronteiras, DDD, sistemas distribuidos, trade-offs e lideranca tecnica.";"GRADE_RECONSTRUIDA_ATUALIZADA_POS_474";"Gerar somente apos recuperar a aula 398 e validar a aula anterior imediata. Manter numeracao, modulo, laboratorio, escopo e ponte."
"641";"M19.31";"M19";"Arquitetura, DDD, sistemas distribuidos e lideranca tecnica";"PLANEJADA_RECONSTRUIDA";"Aula pratica guiada";"Design de sistemas parte 1";"641_M19_31_DESIGN_DE_SISTEMAS_PARTE_1_OFICIAL.md";"Aula planejada: Design de sistemas parte 1. Formar raciocinio de engenharia e arquitetura: fronteiras, DDD, sistemas distribuidos, trade-offs e lideranca tecnica.";"GRADE_RECONSTRUIDA_ATUALIZADA_POS_474";"Gerar somente apos recuperar a aula 398 e validar a aula anterior imediata. Manter numeracao, modulo, laboratorio, escopo e ponte."
"642";"M19.32";"M19";"Arquitetura, DDD, sistemas distribuidos e lideranca tecnica";"PLANEJADA_RECONSTRUIDA";"Aula pratica guiada";"Design de sistemas parte 2";"642_M19_32_DESIGN_DE_SISTEMAS_PARTE_2_OFICIAL.md";"Aula planejada: Design de sistemas parte 2. Formar raciocinio de engenharia e arquitetura: fronteiras, DDD, sistemas distribuidos, trade-offs e lideranca tecnica.";"GRADE_RECONSTRUIDA_ATUALIZADA_POS_474";"Gerar somente apos recuperar a aula 398 e validar a aula anterior imediata. Manter numeracao, modulo, laboratorio, escopo e ponte."
"643";"M19.33";"M19";"Arquitetura, DDD, sistemas distribuidos e lideranca tecnica";"PLANEJADA_RECONSTRUIDA";"Aula pratica guiada";"Trade offs tecnicos";"643_M19_33_TRADE_OFFS_TECNICOS_OFICIAL.md";"Aula planejada: Trade offs tecnicos. Formar raciocinio de engenharia e arquitetura: fronteiras, DDD, sistemas distribuidos, trade-offs e lideranca tecnica.";"GRADE_RECONSTRUIDA_ATUALIZADA_POS_474";"Gerar somente apos recuperar a aula 398 e validar a aula anterior imediata. Manter numeracao, modulo, laboratorio, escopo e ponte."
"644";"M19.34";"M19";"Arquitetura, DDD, sistemas distribuidos e lideranca tecnica";"PLANEJADA_RECONSTRUIDA";"Aula pratica guiada";"ADR";"644_M19_34_ADR_OFICIAL.md";"Aula planejada: ADR. Formar raciocinio de engenharia e arquitetura: fronteiras, DDD, sistemas distribuidos, trade-offs e lideranca tecnica.";"GRADE_RECONSTRUIDA_ATUALIZADA_POS_474";"Gerar somente apos recuperar a aula 398 e validar a aula anterior imediata. Manter numeracao, modulo, laboratorio, escopo e ponte."
"645";"M19.35";"M19";"Arquitetura, DDD, sistemas distribuidos e lideranca tecnica";"PLANEJADA_RECONSTRUIDA";"Aula pratica guiada";"RFC tecnico";"645_M19_35_RFC_TECNICO_OFICIAL.md";"Aula planejada: RFC tecnico. Formar raciocinio de engenharia e arquitetura: fronteiras, DDD, sistemas distribuidos, trade-offs e lideranca tecnica.";"GRADE_RECONSTRUIDA_ATUALIZADA_POS_474";"Gerar somente apos recuperar a aula 398 e validar a aula anterior imediata. Manter numeracao, modulo, laboratorio, escopo e ponte."
"646";"M19.36";"M19";"Arquitetura, DDD, sistemas distribuidos e lideranca tecnica";"PLANEJADA_RECONSTRUIDA";"Aula pratica guiada";"C4 Model";"646_M19_36_C4_MODEL_OFICIAL.md";"Aula planejada: C4 Model. Formar raciocinio de engenharia e arquitetura: fronteiras, DDD, sistemas distribuidos, trade-offs e lideranca tecnica.";"GRADE_RECONSTRUIDA_ATUALIZADA_POS_474";"Gerar somente apos recuperar a aula 398 e validar a aula anterior imediata. Manter numeracao, modulo, laboratorio, escopo e ponte."
"647";"M19.37";"M19";"Arquitetura, DDD, sistemas distribuidos e lideranca tecnica";"PLANEJADA_RECONSTRUIDA";"Aula pratica guiada";"Fitness functions arquiteturais";"647_M19_37_FITNESS_FUNCTIONS_ARQUITETURAIS_OFICIAL.md";"Aula planejada: Fitness functions arquiteturais. Formar raciocinio de engenharia e arquitetura: fronteiras, DDD, sistemas distribuidos, trade-offs e lideranca tecnica.";"GRADE_RECONSTRUIDA_ATUALIZADA_POS_474";"Gerar somente apos recuperar a aula 398 e validar a aula anterior imediata. Manter numeracao, modulo, laboratorio, escopo e ponte."
"648";"M19.38";"M19";"Arquitetura, DDD, sistemas distribuidos e lideranca tecnica";"PLANEJADA_RECONSTRUIDA";"Aula pratica guiada";"ArchUnit avancado";"648_M19_38_ARCHUNIT_AVANCADO_OFICIAL.md";"Aula planejada: ArchUnit avancado. Formar raciocinio de engenharia e arquitetura: fronteiras, DDD, sistemas distribuidos, trade-offs e lideranca tecnica.";"GRADE_RECONSTRUIDA_ATUALIZADA_POS_474";"Gerar somente apos recuperar a aula 398 e validar a aula anterior imediata. Manter numeracao, modulo, laboratorio, escopo e ponte."
"649";"M19.39";"M19";"Arquitetura, DDD, sistemas distribuidos e lideranca tecnica";"PLANEJADA_RECONSTRUIDA";"Aula pratica guiada";"Evolucao controlada da arquitetura";"649_M19_39_EVOLUCAO_CONTROLADA_DA_ARQUITETURA_OFICIAL.md";"Aula planejada: Evolucao controlada da arquitetura. Formar raciocinio de engenharia e arquitetura: fronteiras, DDD, sistemas distribuidos, trade-offs e lideranca tecnica.";"GRADE_RECONSTRUIDA_ATUALIZADA_POS_474";"Gerar somente apos recuperar a aula 398 e validar a aula anterior imediata. Manter numeracao, modulo, laboratorio, escopo e ponte."
"650";"M19.40";"M19";"Arquitetura, DDD, sistemas distribuidos e lideranca tecnica";"PLANEJADA_RECONSTRUIDA";"Aula pratica guiada";"Modernizacao de legado";"650_M19_40_MODERNIZACAO_DE_LEGADO_OFICIAL.md";"Aula planejada: Modernizacao de legado. Formar raciocinio de engenharia e arquitetura: fronteiras, DDD, sistemas distribuidos, trade-offs e lideranca tecnica.";"GRADE_RECONSTRUIDA_ATUALIZADA_POS_474";"Gerar somente apos recuperar a aula 398 e validar a aula anterior imediata. Manter numeracao, modulo, laboratorio, escopo e ponte."
"651";"M19.41";"M19";"Arquitetura, DDD, sistemas distribuidos e lideranca tecnica";"PLANEJADA_RECONSTRUIDA";"Aula pratica guiada";"Strangler Fig";"651_M19_41_STRANGLER_FIG_OFICIAL.md";"Aula planejada: Strangler Fig. Formar raciocinio de engenharia e arquitetura: fronteiras, DDD, sistemas distribuidos, trade-offs e lideranca tecnica.";"GRADE_RECONSTRUIDA_ATUALIZADA_POS_474";"Gerar somente apos recuperar a aula 398 e validar a aula anterior imediata. Manter numeracao, modulo, laboratorio, escopo e ponte."
"652";"M19.42";"M19";"Arquitetura, DDD, sistemas distribuidos e lideranca tecnica";"PLANEJADA_RECONSTRUIDA";"Aula pratica guiada";"Microservicos com criterio";"652_M19_42_MICROSERVICOS_COM_CRITERIO_OFICIAL.md";"Aula planejada: Microservicos com criterio. Formar raciocinio de engenharia e arquitetura: fronteiras, DDD, sistemas distribuidos, trade-offs e lideranca tecnica.";"GRADE_RECONSTRUIDA_ATUALIZADA_POS_474";"Gerar somente apos recuperar a aula 398 e validar a aula anterior imediata. Manter numeracao, modulo, laboratorio, escopo e ponte."
"653";"M19.43";"M19";"Arquitetura, DDD, sistemas distribuidos e lideranca tecnica";"PLANEJADA_RECONSTRUIDA";"Aula pratica guiada";"Anti patterns de microservicos";"653_M19_43_ANTI_PATTERNS_DE_MICROSERVICOS_OFICIAL.md";"Aula planejada: Anti patterns de microservicos. Formar raciocinio de engenharia e arquitetura: fronteiras, DDD, sistemas distribuidos, trade-offs e lideranca tecnica.";"GRADE_RECONSTRUIDA_ATUALIZADA_POS_474";"Gerar somente apos recuperar a aula 398 e validar a aula anterior imediata. Manter numeracao, modulo, laboratorio, escopo e ponte."
"654";"M19.44";"M19";"Arquitetura, DDD, sistemas distribuidos e lideranca tecnica";"PLANEJADA_RECONSTRUIDA";"Aula pratica guiada";"Transacoes distribuidas e Saga revisitada";"654_M19_44_TRANSACOES_DISTRIBUIDAS_E_SAGA_REVISITADA_OFICIAL.md";"Aula planejada: Transacoes distribuidas e Saga revisitada. Formar raciocinio de engenharia e arquitetura: fronteiras, DDD, sistemas distribuidos, trade-offs e lideranca tecnica.";"GRADE_RECONSTRUIDA_ATUALIZADA_POS_474";"Gerar somente apos recuperar a aula 398 e validar a aula anterior imediata. Manter numeracao, modulo, laboratorio, escopo e ponte."
"655";"M19.45";"M19";"Arquitetura, DDD, sistemas distribuidos e lideranca tecnica";"PLANEJADA_RECONSTRUIDA";"Aula pratica guiada";"Observabilidade como decisao arquitetural";"655_M19_45_OBSERVABILIDADE_COMO_DECISAO_ARQUITETURAL_OFICIAL.md";"Aula planejada: Observabilidade como decisao arquitetural. Formar raciocinio de engenharia e arquitetura: fronteiras, DDD, sistemas distribuidos, trade-offs e lideranca tecnica.";"GRADE_RECONSTRUIDA_ATUALIZADA_POS_474";"Gerar somente apos recuperar a aula 398 e validar a aula anterior imediata. Manter numeracao, modulo, laboratorio, escopo e ponte."
"656";"M19.46";"M19";"Arquitetura, DDD, sistemas distribuidos e lideranca tecnica";"PLANEJADA_RECONSTRUIDA";"Aula pratica guiada";"Seguranca como decisao arquitetural";"656_M19_46_SEGURANCA_COMO_DECISAO_ARQUITETURAL_OFICIAL.md";"Aula planejada: Seguranca como decisao arquitetural. Formar raciocinio de engenharia e arquitetura: fronteiras, DDD, sistemas distribuidos, trade-offs e lideranca tecnica.";"GRADE_RECONSTRUIDA_ATUALIZADA_POS_474";"Gerar somente apos recuperar a aula 398 e validar a aula anterior imediata. Manter numeracao, modulo, laboratorio, escopo e ponte."
"657";"M19.47";"M19";"Arquitetura, DDD, sistemas distribuidos e lideranca tecnica";"PLANEJADA_RECONSTRUIDA";"Aula pratica guiada";"Performance como decisao arquitetural";"657_M19_47_PERFORMANCE_COMO_DECISAO_ARQUITETURAL_OFICIAL.md";"Aula planejada: Performance como decisao arquitetural. Formar raciocinio de engenharia e arquitetura: fronteiras, DDD, sistemas distribuidos, trade-offs e lideranca tecnica.";"GRADE_RECONSTRUIDA_ATUALIZADA_POS_474";"Gerar somente apos recuperar a aula 398 e validar a aula anterior imediata. Manter numeracao, modulo, laboratorio, escopo e ponte."
"658";"M19.48";"M19";"Arquitetura, DDD, sistemas distribuidos e lideranca tecnica";"PLANEJADA_RECONSTRUIDA";"Aula pratica guiada";"Code review arquitetural";"658_M19_48_CODE_REVIEW_ARQUITETURAL_OFICIAL.md";"Aula planejada: Code review arquitetural. Formar raciocinio de engenharia e arquitetura: fronteiras, DDD, sistemas distribuidos, trade-offs e lideranca tecnica.";"GRADE_RECONSTRUIDA_ATUALIZADA_POS_474";"Gerar somente apos recuperar a aula 398 e validar a aula anterior imediata. Manter numeracao, modulo, laboratorio, escopo e ponte."
"659";"M19.49";"M19";"Arquitetura, DDD, sistemas distribuidos e lideranca tecnica";"PLANEJADA_RECONSTRUIDA";"Aula pratica guiada";"Lideranca tecnica";"659_M19_49_LIDERANCA_TECNICA_OFICIAL.md";"Aula planejada: Lideranca tecnica. Formar raciocinio de engenharia e arquitetura: fronteiras, DDD, sistemas distribuidos, trade-offs e lideranca tecnica.";"GRADE_RECONSTRUIDA_ATUALIZADA_POS_474";"Gerar somente apos recuperar a aula 398 e validar a aula anterior imediata. Manter numeracao, modulo, laboratorio, escopo e ponte."
"660";"M19.50";"M19";"Arquitetura, DDD, sistemas distribuidos e lideranca tecnica";"PLANEJADA_RECONSTRUIDA";"Aula pratica guiada";"Mentoria e comunicacao tecnica";"660_M19_50_MENTORIA_E_COMUNICACAO_TECNICA_OFICIAL.md";"Aula planejada: Mentoria e comunicacao tecnica. Formar raciocinio de engenharia e arquitetura: fronteiras, DDD, sistemas distribuidos, trade-offs e lideranca tecnica.";"GRADE_RECONSTRUIDA_ATUALIZADA_POS_474";"Gerar somente apos recuperar a aula 398 e validar a aula anterior imediata. Manter numeracao, modulo, laboratorio, escopo e ponte."
"661";"M19.51";"M19";"Arquitetura, DDD, sistemas distribuidos e lideranca tecnica";"PLANEJADA_RECONSTRUIDA";"Aula pratica guiada";"Arquitetura corporativa brasileira";"661_M19_51_ARQUITETURA_CORPORATIVA_BRASILEIRA_OFICIAL.md";"Aula planejada: Arquitetura corporativa brasileira. Formar raciocinio de engenharia e arquitetura: fronteiras, DDD, sistemas distribuidos, trade-offs e lideranca tecnica.";"GRADE_RECONSTRUIDA_ATUALIZADA_POS_474";"Gerar somente apos recuperar a aula 398 e validar a aula anterior imediata. Manter numeracao, modulo, laboratorio, escopo e ponte."
"662";"M19.52";"M19";"Arquitetura, DDD, sistemas distribuidos e lideranca tecnica";"PLANEJADA_RECONSTRUIDA";"Aula pratica guiada";"Governanca tecnica leve";"662_M19_52_GOVERNANCA_TECNICA_LEVE_OFICIAL.md";"Aula planejada: Governanca tecnica leve. Formar raciocinio de engenharia e arquitetura: fronteiras, DDD, sistemas distribuidos, trade-offs e lideranca tecnica.";"GRADE_RECONSTRUIDA_ATUALIZADA_POS_474";"Gerar somente apos recuperar a aula 398 e validar a aula anterior imediata. Manter numeracao, modulo, laboratorio, escopo e ponte."
"663";"M19.53";"M19";"Arquitetura, DDD, sistemas distribuidos e lideranca tecnica";"PLANEJADA_RECONSTRUIDA";"Aula pratica guiada";"Documentacao arquitetural viva";"663_M19_53_DOCUMENTACAO_ARQUITETURAL_VIVA_OFICIAL.md";"Aula planejada: Documentacao arquitetural viva. Formar raciocinio de engenharia e arquitetura: fronteiras, DDD, sistemas distribuidos, trade-offs e lideranca tecnica.";"GRADE_RECONSTRUIDA_ATUALIZADA_POS_474";"Gerar somente apos recuperar a aula 398 e validar a aula anterior imediata. Manter numeracao, modulo, laboratorio, escopo e ponte."
"664";"M19.54";"M19";"Arquitetura, DDD, sistemas distribuidos e lideranca tecnica";"PLANEJADA_RECONSTRUIDA";"Projeto pratico guiado";"Projeto arquitetura OS parte 1";"664_M19_54_PROJETO_ARQUITETURA_OS_PARTE_1_OFICIAL.md";"Aula planejada: Projeto arquitetura OS parte 1. Formar raciocinio de engenharia e arquitetura: fronteiras, DDD, sistemas distribuidos, trade-offs e lideranca tecnica.";"GRADE_RECONSTRUIDA_ATUALIZADA_POS_474";"Gerar somente apos recuperar a aula 398 e validar a aula anterior imediata. Manter numeracao, modulo, laboratorio, escopo e ponte."
"665";"M19.55";"M19";"Arquitetura, DDD, sistemas distribuidos e lideranca tecnica";"PLANEJADA_RECONSTRUIDA";"Projeto pratico guiado";"Projeto arquitetura OS parte 2";"665_M19_55_PROJETO_ARQUITETURA_OS_PARTE_2_OFICIAL.md";"Aula planejada: Projeto arquitetura OS parte 2. Formar raciocinio de engenharia e arquitetura: fronteiras, DDD, sistemas distribuidos, trade-offs e lideranca tecnica.";"GRADE_RECONSTRUIDA_ATUALIZADA_POS_474";"Gerar somente apos recuperar a aula 398 e validar a aula anterior imediata. Manter numeracao, modulo, laboratorio, escopo e ponte."
"666";"M19.56";"M19";"Arquitetura, DDD, sistemas distribuidos e lideranca tecnica";"PLANEJADA_RECONSTRUIDA";"Revisao tecnica";"Revisao arquitetura parte 1";"666_M19_56_REVISAO_ARQUITETURA_PARTE_1_OFICIAL.md";"Aula planejada: Revisao arquitetura parte 1. Formar raciocinio de engenharia e arquitetura: fronteiras, DDD, sistemas distribuidos, trade-offs e lideranca tecnica.";"GRADE_RECONSTRUIDA_ATUALIZADA_POS_474";"Gerar somente apos recuperar a aula 398 e validar a aula anterior imediata. Manter numeracao, modulo, laboratorio, escopo e ponte."
"667";"M19.57";"M19";"Arquitetura, DDD, sistemas distribuidos e lideranca tecnica";"PLANEJADA_RECONSTRUIDA";"Revisao tecnica";"Revisao arquitetura parte 2";"667_M19_57_REVISAO_ARQUITETURA_PARTE_2_OFICIAL.md";"Aula planejada: Revisao arquitetura parte 2. Formar raciocinio de engenharia e arquitetura: fronteiras, DDD, sistemas distribuidos, trade-offs e lideranca tecnica.";"GRADE_RECONSTRUIDA_ATUALIZADA_POS_474";"Gerar somente apos recuperar a aula 398 e validar a aula anterior imediata. Manter numeracao, modulo, laboratorio, escopo e ponte."
"668";"M19.58";"M19";"Arquitetura, DDD, sistemas distribuidos e lideranca tecnica";"PLANEJADA_RECONSTRUIDA";"Avaliacao pratica";"Prova pratica arquitetura";"668_M19_58_PROVA_PRATICA_ARQUITETURA_OFICIAL.md";"Aula planejada: Prova pratica arquitetura. Formar raciocinio de engenharia e arquitetura: fronteiras, DDD, sistemas distribuidos, trade-offs e lideranca tecnica.";"GRADE_RECONSTRUIDA_ATUALIZADA_POS_474";"Gerar somente apos recuperar a aula 398 e validar a aula anterior imediata. Manter numeracao, modulo, laboratorio, escopo e ponte."
"669";"M19.59";"M19";"Arquitetura, DDD, sistemas distribuidos e lideranca tecnica";"PLANEJADA_RECONSTRUIDA";"Aula pratica guiada";"Checklist de arquiteto Java";"669_M19_59_CHECKLIST_DE_ARQUITETO_JAVA_OFICIAL.md";"Aula planejada: Checklist de arquiteto Java. Formar raciocinio de engenharia e arquitetura: fronteiras, DDD, sistemas distribuidos, trade-offs e lideranca tecnica.";"GRADE_RECONSTRUIDA_ATUALIZADA_POS_474";"Gerar somente apos recuperar a aula 398 e validar a aula anterior imediata. Manter numeracao, modulo, laboratorio, escopo e ponte."
"670";"M19.60";"M19";"Arquitetura, DDD, sistemas distribuidos e lideranca tecnica";"PLANEJADA_RECONSTRUIDA";"Fechamento de modulo";"Fechamento do Modulo 19";"670_M19_60_FECHAMENTO_DO_MODULO_19_OFICIAL.md";"Aula planejada: Fechamento do Modulo 19. Formar raciocinio de engenharia e arquitetura: fronteiras, DDD, sistemas distribuidos, trade-offs e lideranca tecnica.";"GRADE_RECONSTRUIDA_ATUALIZADA_POS_474";"Gerar somente apos recuperar a aula 398 e validar a aula anterior imediata. Manter numeracao, modulo, laboratorio, escopo e ponte."
"671";"M20.01";"M20";"Projeto final, carreira, entrevistas e defesa tecnica";"PLANEJADA_RECONSTRUIDA";"Projeto pratico guiado";"Definicao projeto final";"671_M20_01_DEFINICAO_PROJETO_FINAL_OFICIAL.md";"Aula planejada: Definicao projeto final. Consolidar tudo em projeto final defensavel, portfolio, entrevistas, narrativa tecnica e banca final.";"GRADE_RECONSTRUIDA_ATUALIZADA_POS_474";"Gerar somente apos recuperar a aula 398 e validar a aula anterior imediata. Manter numeracao, modulo, laboratorio, escopo e ponte."
"672";"M20.02";"M20";"Projeto final, carreira, entrevistas e defesa tecnica";"PLANEJADA_RECONSTRUIDA";"Projeto pratico guiado";"Backlog projeto final";"672_M20_02_BACKLOG_PROJETO_FINAL_OFICIAL.md";"Aula planejada: Backlog projeto final. Consolidar tudo em projeto final defensavel, portfolio, entrevistas, narrativa tecnica e banca final.";"GRADE_RECONSTRUIDA_ATUALIZADA_POS_474";"Gerar somente apos recuperar a aula 398 e validar a aula anterior imediata. Manter numeracao, modulo, laboratorio, escopo e ponte."
"673";"M20.03";"M20";"Projeto final, carreira, entrevistas e defesa tecnica";"PLANEJADA_RECONSTRUIDA";"Aula pratica guiada";"Escopo funcional";"673_M20_03_ESCOPO_FUNCIONAL_OFICIAL.md";"Aula planejada: Escopo funcional. Consolidar tudo em projeto final defensavel, portfolio, entrevistas, narrativa tecnica e banca final.";"GRADE_RECONSTRUIDA_ATUALIZADA_POS_474";"Gerar somente apos recuperar a aula 398 e validar a aula anterior imediata. Manter numeracao, modulo, laboratorio, escopo e ponte."
"674";"M20.04";"M20";"Projeto final, carreira, entrevistas e defesa tecnica";"PLANEJADA_RECONSTRUIDA";"Aula pratica guiada";"Modelagem dominio final";"674_M20_04_MODELAGEM_DOMINIO_FINAL_OFICIAL.md";"Aula planejada: Modelagem dominio final. Consolidar tudo em projeto final defensavel, portfolio, entrevistas, narrativa tecnica e banca final.";"GRADE_RECONSTRUIDA_ATUALIZADA_POS_474";"Gerar somente apos recuperar a aula 398 e validar a aula anterior imediata. Manter numeracao, modulo, laboratorio, escopo e ponte."
"675";"M20.05";"M20";"Projeto final, carreira, entrevistas e defesa tecnica";"PLANEJADA_RECONSTRUIDA";"Aula pratica guiada";"Modelagem banco final";"675_M20_05_MODELAGEM_BANCO_FINAL_OFICIAL.md";"Aula planejada: Modelagem banco final. Consolidar tudo em projeto final defensavel, portfolio, entrevistas, narrativa tecnica e banca final.";"GRADE_RECONSTRUIDA_ATUALIZADA_POS_474";"Gerar somente apos recuperar a aula 398 e validar a aula anterior imediata. Manter numeracao, modulo, laboratorio, escopo e ponte."
"676";"M20.06";"M20";"Projeto final, carreira, entrevistas e defesa tecnica";"PLANEJADA_RECONSTRUIDA";"Aula pratica guiada";"Arquitetura C4 final";"676_M20_06_ARQUITETURA_C4_FINAL_OFICIAL.md";"Aula planejada: Arquitetura C4 final. Consolidar tudo em projeto final defensavel, portfolio, entrevistas, narrativa tecnica e banca final.";"GRADE_RECONSTRUIDA_ATUALIZADA_POS_474";"Gerar somente apos recuperar a aula 398 e validar a aula anterior imediata. Manter numeracao, modulo, laboratorio, escopo e ponte."
"677";"M20.07";"M20";"Projeto final, carreira, entrevistas e defesa tecnica";"PLANEJADA_RECONSTRUIDA";"Projeto pratico guiado";"ADRs do projeto";"677_M20_07_ADRS_DO_PROJETO_OFICIAL.md";"Aula planejada: ADRs do projeto. Consolidar tudo em projeto final defensavel, portfolio, entrevistas, narrativa tecnica e banca final.";"GRADE_RECONSTRUIDA_ATUALIZADA_POS_474";"Gerar somente apos recuperar a aula 398 e validar a aula anterior imediata. Manter numeracao, modulo, laboratorio, escopo e ponte."
"678";"M20.08";"M20";"Projeto final, carreira, entrevistas e defesa tecnica";"PLANEJADA_RECONSTRUIDA";"Aula pratica guiada";"Configuracao repositorio profissional";"678_M20_08_CONFIGURACAO_REPOSITORIO_PROFISSIONAL_OFICIAL.md";"Aula planejada: Configuracao repositorio profissional. Consolidar tudo em projeto final defensavel, portfolio, entrevistas, narrativa tecnica e banca final.";"GRADE_RECONSTRUIDA_ATUALIZADA_POS_474";"Gerar somente apos recuperar a aula 398 e validar a aula anterior imediata. Manter numeracao, modulo, laboratorio, escopo e ponte."
"679";"M20.09";"M20";"Projeto final, carreira, entrevistas e defesa tecnica";"PLANEJADA_RECONSTRUIDA";"Aula pratica guiada";"Implementacao dominio";"679_M20_09_IMPLEMENTACAO_DOMINIO_OFICIAL.md";"Aula planejada: Implementacao dominio. Consolidar tudo em projeto final defensavel, portfolio, entrevistas, narrativa tecnica e banca final.";"GRADE_RECONSTRUIDA_ATUALIZADA_POS_474";"Gerar somente apos recuperar a aula 398 e validar a aula anterior imediata. Manter numeracao, modulo, laboratorio, escopo e ponte."
"680";"M20.10";"M20";"Projeto final, carreira, entrevistas e defesa tecnica";"PLANEJADA_RECONSTRUIDA";"Aula pratica guiada";"Implementacao casos de uso";"680_M20_10_IMPLEMENTACAO_CASOS_DE_USO_OFICIAL.md";"Aula planejada: Implementacao casos de uso. Consolidar tudo em projeto final defensavel, portfolio, entrevistas, narrativa tecnica e banca final.";"GRADE_RECONSTRUIDA_ATUALIZADA_POS_474";"Gerar somente apos recuperar a aula 398 e validar a aula anterior imediata. Manter numeracao, modulo, laboratorio, escopo e ponte."
"681";"M20.11";"M20";"Projeto final, carreira, entrevistas e defesa tecnica";"PLANEJADA_RECONSTRUIDA";"Aula pratica guiada";"Implementacao persistencia";"681_M20_11_IMPLEMENTACAO_PERSISTENCIA_OFICIAL.md";"Aula planejada: Implementacao persistencia. Consolidar tudo em projeto final defensavel, portfolio, entrevistas, narrativa tecnica e banca final.";"GRADE_RECONSTRUIDA_ATUALIZADA_POS_474";"Gerar somente apos recuperar a aula 398 e validar a aula anterior imediata. Manter numeracao, modulo, laboratorio, escopo e ponte."
"682";"M20.12";"M20";"Projeto final, carreira, entrevistas e defesa tecnica";"PLANEJADA_RECONSTRUIDA";"Aula pratica guiada";"Implementacao API REST";"682_M20_12_IMPLEMENTACAO_API_REST_OFICIAL.md";"Aula planejada: Implementacao API REST. Consolidar tudo em projeto final defensavel, portfolio, entrevistas, narrativa tecnica e banca final.";"GRADE_RECONSTRUIDA_ATUALIZADA_POS_474";"Gerar somente apos recuperar a aula 398 e validar a aula anterior imediata. Manter numeracao, modulo, laboratorio, escopo e ponte."
"683";"M20.13";"M20";"Projeto final, carreira, entrevistas e defesa tecnica";"PLANEJADA_RECONSTRUIDA";"Aula pratica guiada";"Implementacao seguranca";"683_M20_13_IMPLEMENTACAO_SEGURANCA_OFICIAL.md";"Aula planejada: Implementacao seguranca. Consolidar tudo em projeto final defensavel, portfolio, entrevistas, narrativa tecnica e banca final.";"GRADE_RECONSTRUIDA_ATUALIZADA_POS_474";"Gerar somente apos recuperar a aula 398 e validar a aula anterior imediata. Manter numeracao, modulo, laboratorio, escopo e ponte."
"684";"M20.14";"M20";"Projeto final, carreira, entrevistas e defesa tecnica";"PLANEJADA_RECONSTRUIDA";"Aula pratica guiada";"Implementacao integracoes";"684_M20_14_IMPLEMENTACAO_INTEGRACOES_OFICIAL.md";"Aula planejada: Implementacao integracoes. Consolidar tudo em projeto final defensavel, portfolio, entrevistas, narrativa tecnica e banca final.";"GRADE_RECONSTRUIDA_ATUALIZADA_POS_474";"Gerar somente apos recuperar a aula 398 e validar a aula anterior imediata. Manter numeracao, modulo, laboratorio, escopo e ponte."
"685";"M20.15";"M20";"Projeto final, carreira, entrevistas e defesa tecnica";"PLANEJADA_RECONSTRUIDA";"Aula pratica guiada";"Implementacao mensageria";"685_M20_15_IMPLEMENTACAO_MENSAGERIA_OFICIAL.md";"Aula planejada: Implementacao mensageria. Consolidar tudo em projeto final defensavel, portfolio, entrevistas, narrativa tecnica e banca final.";"GRADE_RECONSTRUIDA_ATUALIZADA_POS_474";"Gerar somente apos recuperar a aula 398 e validar a aula anterior imediata. Manter numeracao, modulo, laboratorio, escopo e ponte."
"686";"M20.16";"M20";"Projeto final, carreira, entrevistas e defesa tecnica";"PLANEJADA_RECONSTRUIDA";"Aula pratica guiada";"Implementacao observabilidade";"686_M20_16_IMPLEMENTACAO_OBSERVABILIDADE_OFICIAL.md";"Aula planejada: Implementacao observabilidade. Consolidar tudo em projeto final defensavel, portfolio, entrevistas, narrativa tecnica e banca final.";"GRADE_RECONSTRUIDA_ATUALIZADA_POS_474";"Gerar somente apos recuperar a aula 398 e validar a aula anterior imediata. Manter numeracao, modulo, laboratorio, escopo e ponte."
"687";"M20.17";"M20";"Projeto final, carreira, entrevistas e defesa tecnica";"PLANEJADA_RECONSTRUIDA";"Projeto pratico guiado";"Docker do projeto final";"687_M20_17_DOCKER_DO_PROJETO_FINAL_OFICIAL.md";"Aula planejada: Docker do projeto final. Consolidar tudo em projeto final defensavel, portfolio, entrevistas, narrativa tecnica e banca final.";"GRADE_RECONSTRUIDA_ATUALIZADA_POS_474";"Gerar somente apos recuperar a aula 398 e validar a aula anterior imediata. Manter numeracao, modulo, laboratorio, escopo e ponte."
"688";"M20.18";"M20";"Projeto final, carreira, entrevistas e defesa tecnica";"PLANEJADA_RECONSTRUIDA";"Projeto pratico guiado";"CI CD do projeto final";"688_M20_18_CI_CD_DO_PROJETO_FINAL_OFICIAL.md";"Aula planejada: CI CD do projeto final. Consolidar tudo em projeto final defensavel, portfolio, entrevistas, narrativa tecnica e banca final.";"GRADE_RECONSTRUIDA_ATUALIZADA_POS_474";"Gerar somente apos recuperar a aula 398 e validar a aula anterior imediata. Manter numeracao, modulo, laboratorio, escopo e ponte."
"689";"M20.19";"M20";"Projeto final, carreira, entrevistas e defesa tecnica";"PLANEJADA_RECONSTRUIDA";"Aula pratica guiada";"Deploy ou simulacao";"689_M20_19_DEPLOY_OU_SIMULACAO_OFICIAL.md";"Aula planejada: Deploy ou simulacao. Consolidar tudo em projeto final defensavel, portfolio, entrevistas, narrativa tecnica e banca final.";"GRADE_RECONSTRUIDA_ATUALIZADA_POS_474";"Gerar somente apos recuperar a aula 398 e validar a aula anterior imediata. Manter numeracao, modulo, laboratorio, escopo e ponte."
"690";"M20.20";"M20";"Projeto final, carreira, entrevistas e defesa tecnica";"PLANEJADA_RECONSTRUIDA";"Projeto pratico guiado";"Testes unitarios projeto final";"690_M20_20_TESTES_UNITARIOS_PROJETO_FINAL_OFICIAL.md";"Aula planejada: Testes unitarios projeto final. Consolidar tudo em projeto final defensavel, portfolio, entrevistas, narrativa tecnica e banca final.";"GRADE_RECONSTRUIDA_ATUALIZADA_POS_474";"Gerar somente apos recuperar a aula 398 e validar a aula anterior imediata. Manter numeracao, modulo, laboratorio, escopo e ponte."
"691";"M20.21";"M20";"Projeto final, carreira, entrevistas e defesa tecnica";"PLANEJADA_RECONSTRUIDA";"Projeto pratico guiado";"Testes integracao projeto final";"691_M20_21_TESTES_INTEGRACAO_PROJETO_FINAL_OFICIAL.md";"Aula planejada: Testes integracao projeto final. Consolidar tudo em projeto final defensavel, portfolio, entrevistas, narrativa tecnica e banca final.";"GRADE_RECONSTRUIDA_ATUALIZADA_POS_474";"Gerar somente apos recuperar a aula 398 e validar a aula anterior imediata. Manter numeracao, modulo, laboratorio, escopo e ponte."
"692";"M20.22";"M20";"Projeto final, carreira, entrevistas e defesa tecnica";"PLANEJADA_RECONSTRUIDA";"Aula pratica guiada";"Testes contrato e seguranca final";"692_M20_22_TESTES_CONTRATO_E_SEGURANCA_FINAL_OFICIAL.md";"Aula planejada: Testes contrato e seguranca final. Consolidar tudo em projeto final defensavel, portfolio, entrevistas, narrativa tecnica e banca final.";"GRADE_RECONSTRUIDA_ATUALIZADA_POS_474";"Gerar somente apos recuperar a aula 398 e validar a aula anterior imediata. Manter numeracao, modulo, laboratorio, escopo e ponte."
"693";"M20.23";"M20";"Projeto final, carreira, entrevistas e defesa tecnica";"PLANEJADA_RECONSTRUIDA";"Aula pratica guiada";"Performance e carga basica final";"693_M20_23_PERFORMANCE_E_CARGA_BASICA_FINAL_OFICIAL.md";"Aula planejada: Performance e carga basica final. Consolidar tudo em projeto final defensavel, portfolio, entrevistas, narrativa tecnica e banca final.";"GRADE_RECONSTRUIDA_ATUALIZADA_POS_474";"Gerar somente apos recuperar a aula 398 e validar a aula anterior imediata. Manter numeracao, modulo, laboratorio, escopo e ponte."
"694";"M20.24";"M20";"Projeto final, carreira, entrevistas e defesa tecnica";"PLANEJADA_RECONSTRUIDA";"Aula pratica guiada";"Documentacao OpenAPI";"694_M20_24_DOCUMENTACAO_OPENAPI_OFICIAL.md";"Aula planejada: Documentacao OpenAPI. Consolidar tudo em projeto final defensavel, portfolio, entrevistas, narrativa tecnica e banca final.";"GRADE_RECONSTRUIDA_ATUALIZADA_POS_474";"Gerar somente apos recuperar a aula 398 e validar a aula anterior imediata. Manter numeracao, modulo, laboratorio, escopo e ponte."
"695";"M20.25";"M20";"Projeto final, carreira, entrevistas e defesa tecnica";"PLANEJADA_RECONSTRUIDA";"Aula pratica guiada";"Postman Collection";"695_M20_25_POSTMAN_COLLECTION_OFICIAL.md";"Aula planejada: Postman Collection. Consolidar tudo em projeto final defensavel, portfolio, entrevistas, narrativa tecnica e banca final.";"GRADE_RECONSTRUIDA_ATUALIZADA_POS_474";"Gerar somente apos recuperar a aula 398 e validar a aula anterior imediata. Manter numeracao, modulo, laboratorio, escopo e ponte."
"696";"M20.26";"M20";"Projeto final, carreira, entrevistas e defesa tecnica";"PLANEJADA_RECONSTRUIDA";"Aula pratica guiada";"README profissional";"696_M20_26_README_PROFISSIONAL_OFICIAL.md";"Aula planejada: README profissional. Consolidar tudo em projeto final defensavel, portfolio, entrevistas, narrativa tecnica e banca final.";"GRADE_RECONSTRUIDA_ATUALIZADA_POS_474";"Gerar somente apos recuperar a aula 398 e validar a aula anterior imediata. Manter numeracao, modulo, laboratorio, escopo e ponte."
"697";"M20.27";"M20";"Projeto final, carreira, entrevistas e defesa tecnica";"PLANEJADA_RECONSTRUIDA";"Aula pratica guiada";"Guia de execucao local";"697_M20_27_GUIA_DE_EXECUCAO_LOCAL_OFICIAL.md";"Aula planejada: Guia de execucao local. Consolidar tudo em projeto final defensavel, portfolio, entrevistas, narrativa tecnica e banca final.";"GRADE_RECONSTRUIDA_ATUALIZADA_POS_474";"Gerar somente apos recuperar a aula 398 e validar a aula anterior imediata. Manter numeracao, modulo, laboratorio, escopo e ponte."
"698";"M20.28";"M20";"Projeto final, carreira, entrevistas e defesa tecnica";"PLANEJADA_RECONSTRUIDA";"Projeto pratico guiado";"Runbook do projeto";"698_M20_28_RUNBOOK_DO_PROJETO_OFICIAL.md";"Aula planejada: Runbook do projeto. Consolidar tudo em projeto final defensavel, portfolio, entrevistas, narrativa tecnica e banca final.";"GRADE_RECONSTRUIDA_ATUALIZADA_POS_474";"Gerar somente apos recuperar a aula 398 e validar a aula anterior imediata. Manter numeracao, modulo, laboratorio, escopo e ponte."
"699";"M20.29";"M20";"Projeto final, carreira, entrevistas e defesa tecnica";"PLANEJADA_RECONSTRUIDA";"Aula pratica guiada";"Correcao tecnica final parte 1";"699_M20_29_CORRECAO_TECNICA_FINAL_PARTE_1_OFICIAL.md";"Aula planejada: Correcao tecnica final parte 1. Consolidar tudo em projeto final defensavel, portfolio, entrevistas, narrativa tecnica e banca final.";"GRADE_RECONSTRUIDA_ATUALIZADA_POS_474";"Gerar somente apos recuperar a aula 398 e validar a aula anterior imediata. Manter numeracao, modulo, laboratorio, escopo e ponte."
"700";"M20.30";"M20";"Projeto final, carreira, entrevistas e defesa tecnica";"PLANEJADA_RECONSTRUIDA";"Aula pratica guiada";"Correcao tecnica final parte 2";"700_M20_30_CORRECAO_TECNICA_FINAL_PARTE_2_OFICIAL.md";"Aula planejada: Correcao tecnica final parte 2. Consolidar tudo em projeto final defensavel, portfolio, entrevistas, narrativa tecnica e banca final.";"GRADE_RECONSTRUIDA_ATUALIZADA_POS_474";"Gerar somente apos recuperar a aula 398 e validar a aula anterior imediata. Manter numeracao, modulo, laboratorio, escopo e ponte."
"701";"M20.31";"M20";"Projeto final, carreira, entrevistas e defesa tecnica";"PLANEJADA_RECONSTRUIDA";"Aula pratica guiada";"Refatoracao arquitetural final";"701_M20_31_REFATORACAO_ARQUITETURAL_FINAL_OFICIAL.md";"Aula planejada: Refatoracao arquitetural final. Consolidar tudo em projeto final defensavel, portfolio, entrevistas, narrativa tecnica e banca final.";"GRADE_RECONSTRUIDA_ATUALIZADA_POS_474";"Gerar somente apos recuperar a aula 398 e validar a aula anterior imediata. Manter numeracao, modulo, laboratorio, escopo e ponte."
"702";"M20.32";"M20";"Projeto final, carreira, entrevistas e defesa tecnica";"PLANEJADA_RECONSTRUIDA";"Aula pratica guiada";"Narrativa tecnica portfolio";"702_M20_32_NARRATIVA_TECNICA_PORTFOLIO_OFICIAL.md";"Aula planejada: Narrativa tecnica portfolio. Consolidar tudo em projeto final defensavel, portfolio, entrevistas, narrativa tecnica e banca final.";"GRADE_RECONSTRUIDA_ATUALIZADA_POS_474";"Gerar somente apos recuperar a aula 398 e validar a aula anterior imediata. Manter numeracao, modulo, laboratorio, escopo e ponte."
"703";"M20.33";"M20";"Projeto final, carreira, entrevistas e defesa tecnica";"PLANEJADA_RECONSTRUIDA";"Aula pratica guiada";"Defesa de decisoes engenharia";"703_M20_33_DEFESA_DE_DECISOES_ENGENHARIA_OFICIAL.md";"Aula planejada: Defesa de decisoes engenharia. Consolidar tudo em projeto final defensavel, portfolio, entrevistas, narrativa tecnica e banca final.";"GRADE_RECONSTRUIDA_ATUALIZADA_POS_474";"Gerar somente apos recuperar a aula 398 e validar a aula anterior imediata. Manter numeracao, modulo, laboratorio, escopo e ponte."
"704";"M20.34";"M20";"Projeto final, carreira, entrevistas e defesa tecnica";"PLANEJADA_RECONSTRUIDA";"Aula pratica guiada";"Preparacao GitHub";"704_M20_34_PREPARACAO_GITHUB_OFICIAL.md";"Aula planejada: Preparacao GitHub. Consolidar tudo em projeto final defensavel, portfolio, entrevistas, narrativa tecnica e banca final.";"GRADE_RECONSTRUIDA_ATUALIZADA_POS_474";"Gerar somente apos recuperar a aula 398 e validar a aula anterior imediata. Manter numeracao, modulo, laboratorio, escopo e ponte."
"705";"M20.35";"M20";"Projeto final, carreira, entrevistas e defesa tecnica";"PLANEJADA_RECONSTRUIDA";"Aula pratica guiada";"Preparacao LinkedIn";"705_M20_35_PREPARACAO_LINKEDIN_OFICIAL.md";"Aula planejada: Preparacao LinkedIn. Consolidar tudo em projeto final defensavel, portfolio, entrevistas, narrativa tecnica e banca final.";"GRADE_RECONSTRUIDA_ATUALIZADA_POS_474";"Gerar somente apos recuperar a aula 398 e validar a aula anterior imediata. Manter numeracao, modulo, laboratorio, escopo e ponte."
"706";"M20.36";"M20";"Projeto final, carreira, entrevistas e defesa tecnica";"PLANEJADA_RECONSTRUIDA";"Aula pratica guiada";"Curriculo Java Backend";"706_M20_36_CURRICULO_JAVA_BACKEND_OFICIAL.md";"Aula planejada: Curriculo Java Backend. Consolidar tudo em projeto final defensavel, portfolio, entrevistas, narrativa tecnica e banca final.";"GRADE_RECONSTRUIDA_ATUALIZADA_POS_474";"Gerar somente apos recuperar a aula 398 e validar a aula anterior imediata. Manter numeracao, modulo, laboratorio, escopo e ponte."
"707";"M20.37";"M20";"Projeto final, carreira, entrevistas e defesa tecnica";"PLANEJADA_RECONSTRUIDA";"Aula pratica guiada";"Entrevista Java";"707_M20_37_ENTREVISTA_JAVA_OFICIAL.md";"Aula planejada: Entrevista Java. Consolidar tudo em projeto final defensavel, portfolio, entrevistas, narrativa tecnica e banca final.";"GRADE_RECONSTRUIDA_ATUALIZADA_POS_474";"Gerar somente apos recuperar a aula 398 e validar a aula anterior imediata. Manter numeracao, modulo, laboratorio, escopo e ponte."
"708";"M20.38";"M20";"Projeto final, carreira, entrevistas e defesa tecnica";"PLANEJADA_RECONSTRUIDA";"Aula pratica guiada";"Entrevista Spring JPA";"708_M20_38_ENTREVISTA_SPRING_JPA_OFICIAL.md";"Aula planejada: Entrevista Spring JPA. Consolidar tudo em projeto final defensavel, portfolio, entrevistas, narrativa tecnica e banca final.";"GRADE_RECONSTRUIDA_ATUALIZADA_POS_474";"Gerar somente apos recuperar a aula 398 e validar a aula anterior imediata. Manter numeracao, modulo, laboratorio, escopo e ponte."
"709";"M20.39";"M20";"Projeto final, carreira, entrevistas e defesa tecnica";"PLANEJADA_RECONSTRUIDA";"Aula pratica guiada";"Entrevista SQL banco";"709_M20_39_ENTREVISTA_SQL_BANCO_OFICIAL.md";"Aula planejada: Entrevista SQL banco. Consolidar tudo em projeto final defensavel, portfolio, entrevistas, narrativa tecnica e banca final.";"GRADE_RECONSTRUIDA_ATUALIZADA_POS_474";"Gerar somente apos recuperar a aula 398 e validar a aula anterior imediata. Manter numeracao, modulo, laboratorio, escopo e ponte."
"710";"M20.40";"M20";"Projeto final, carreira, entrevistas e defesa tecnica";"PLANEJADA_RECONSTRUIDA";"Aula pratica guiada";"Entrevista seguranca";"710_M20_40_ENTREVISTA_SEGURANCA_OFICIAL.md";"Aula planejada: Entrevista seguranca. Consolidar tudo em projeto final defensavel, portfolio, entrevistas, narrativa tecnica e banca final.";"GRADE_RECONSTRUIDA_ATUALIZADA_POS_474";"Gerar somente apos recuperar a aula 398 e validar a aula anterior imediata. Manter numeracao, modulo, laboratorio, escopo e ponte."
"711";"M20.41";"M20";"Projeto final, carreira, entrevistas e defesa tecnica";"PLANEJADA_RECONSTRUIDA";"Aula pratica guiada";"Entrevista DevOps cloud";"711_M20_41_ENTREVISTA_DEVOPS_CLOUD_OFICIAL.md";"Aula planejada: Entrevista DevOps cloud. Consolidar tudo em projeto final defensavel, portfolio, entrevistas, narrativa tecnica e banca final.";"GRADE_RECONSTRUIDA_ATUALIZADA_POS_474";"Gerar somente apos recuperar a aula 398 e validar a aula anterior imediata. Manter numeracao, modulo, laboratorio, escopo e ponte."
"712";"M20.42";"M20";"Projeto final, carreira, entrevistas e defesa tecnica";"PLANEJADA_RECONSTRUIDA";"Aula pratica guiada";"Entrevista arquitetura";"712_M20_42_ENTREVISTA_ARQUITETURA_OFICIAL.md";"Aula planejada: Entrevista arquitetura. Consolidar tudo em projeto final defensavel, portfolio, entrevistas, narrativa tecnica e banca final.";"GRADE_RECONSTRUIDA_ATUALIZADA_POS_474";"Gerar somente apos recuperar a aula 398 e validar a aula anterior imediata. Manter numeracao, modulo, laboratorio, escopo e ponte."
"713";"M20.43";"M20";"Projeto final, carreira, entrevistas e defesa tecnica";"PLANEJADA_RECONSTRUIDA";"Aula pratica guiada";"Live coding Java";"713_M20_43_LIVE_CODING_JAVA_OFICIAL.md";"Aula planejada: Live coding Java. Consolidar tudo em projeto final defensavel, portfolio, entrevistas, narrativa tecnica e banca final.";"GRADE_RECONSTRUIDA_ATUALIZADA_POS_474";"Gerar somente apos recuperar a aula 398 e validar a aula anterior imediata. Manter numeracao, modulo, laboratorio, escopo e ponte."
"714";"M20.44";"M20";"Projeto final, carreira, entrevistas e defesa tecnica";"PLANEJADA_RECONSTRUIDA";"Aula pratica guiada";"System design interview";"714_M20_44_SYSTEM_DESIGN_INTERVIEW_OFICIAL.md";"Aula planejada: System design interview. Consolidar tudo em projeto final defensavel, portfolio, entrevistas, narrativa tecnica e banca final.";"GRADE_RECONSTRUIDA_ATUALIZADA_POS_474";"Gerar somente apos recuperar a aula 398 e validar a aula anterior imediata. Manter numeracao, modulo, laboratorio, escopo e ponte."
"715";"M20.45";"M20";"Projeto final, carreira, entrevistas e defesa tecnica";"PLANEJADA_RECONSTRUIDA";"Aula pratica guiada";"Como ensinar o que aprendeu";"715_M20_45_COMO_ENSINAR_O_QUE_APRENDEU_OFICIAL.md";"Aula planejada: Como ensinar o que aprendeu. Consolidar tudo em projeto final defensavel, portfolio, entrevistas, narrativa tecnica e banca final.";"GRADE_RECONSTRUIDA_ATUALIZADA_POS_474";"Gerar somente apos recuperar a aula 398 e validar a aula anterior imediata. Manter numeracao, modulo, laboratorio, escopo e ponte."
"716";"M20.46";"M20";"Projeto final, carreira, entrevistas e defesa tecnica";"PLANEJADA_RECONSTRUIDA";"Aula ensinavel";"Aula ensinavel final";"716_M20_46_AULA_ENSINAVEL_FINAL_OFICIAL.md";"Aula planejada: Aula ensinavel final. Consolidar tudo em projeto final defensavel, portfolio, entrevistas, narrativa tecnica e banca final.";"GRADE_RECONSTRUIDA_ATUALIZADA_POS_474";"Gerar somente apos recuperar a aula 398 e validar a aula anterior imediata. Manter numeracao, modulo, laboratorio, escopo e ponte."
"717";"M20.47";"M20";"Projeto final, carreira, entrevistas e defesa tecnica";"PLANEJADA_RECONSTRUIDA";"Aula pratica guiada";"Banca tecnica simulada";"717_M20_47_BANCA_TECNICA_SIMULADA_OFICIAL.md";"Aula planejada: Banca tecnica simulada. Consolidar tudo em projeto final defensavel, portfolio, entrevistas, narrativa tecnica e banca final.";"GRADE_RECONSTRUIDA_ATUALIZADA_POS_474";"Gerar somente apos recuperar a aula 398 e validar a aula anterior imediata. Manter numeracao, modulo, laboratorio, escopo e ponte."
"718";"M20.48";"M20";"Projeto final, carreira, entrevistas e defesa tecnica";"PLANEJADA_RECONSTRUIDA";"Aula pratica guiada";"Plano de evolucao pos formacao";"718_M20_48_PLANO_DE_EVOLUCAO_POS_FORMACAO_OFICIAL.md";"Aula planejada: Plano de evolucao pos formacao. Consolidar tudo em projeto final defensavel, portfolio, entrevistas, narrativa tecnica e banca final.";"GRADE_RECONSTRUIDA_ATUALIZADA_POS_474";"Gerar somente apos recuperar a aula 398 e validar a aula anterior imediata. Manter numeracao, modulo, laboratorio, escopo e ponte."
"719";"M20.49";"M20";"Projeto final, carreira, entrevistas e defesa tecnica";"PLANEJADA_RECONSTRUIDA";"Aula pratica guiada";"Entrega final portfolio";"719_M20_49_ENTREGA_FINAL_PORTFOLIO_OFICIAL.md";"Aula planejada: Entrega final portfolio. Consolidar tudo em projeto final defensavel, portfolio, entrevistas, narrativa tecnica e banca final.";"GRADE_RECONSTRUIDA_ATUALIZADA_POS_474";"Gerar somente apos recuperar a aula 398 e validar a aula anterior imediata. Manter numeracao, modulo, laboratorio, escopo e ponte."
"720";"M20.50";"M20";"Projeto final, carreira, entrevistas e defesa tecnica";"PLANEJADA_RECONSTRUIDA";"Fechamento de modulo";"Fechamento da formacao";"720_M20_50_FECHAMENTO_DA_FORMACAO_OFICIAL.md";"Aula planejada: Fechamento da formacao. Consolidar tudo em projeto final defensavel, portfolio, entrevistas, narrativa tecnica e banca final.";"GRADE_RECONSTRUIDA_ATUALIZADA_POS_474";"Gerar somente apos recuperar a aula 398 e validar a aula anterior imediata. Manter numeracao, modulo, laboratorio, escopo e ponte."
